{
    "legacies": [
        {
            "id": "priest",
            "label": "Priester",
            "description": "In Visionen ist mir die Heilige Agnes erschienen. Ich habe gelernt, nicht die Gestalt zu erwähnen, die sie annimmt.",
            "startdescription": "Ich wurde mit dem spirituellen Wohlergehen einer neuen Gemeinde betraut – früher nannten wir das 'Seelsorge'.",
            "effects": {
                "passion": 1,
                "priestjob": 1,
                "funds": 5
            },
            "image": "priest",
            "fromending": "visionsending",
            "availableWithoutEndingMatch": true,
            "startingverbid": "work",
            "newstart": true
        }
    ]
}