{
    "legacies": [
        {
            "id": "dancer",
            "label": "Tänzer",
            "description": "Ich bin jung und stark und eine Weile lang werde ich noch schön sein.",
            "startdescription": "Heute Abend fange ich bei der Tanzgruppe beim Varietee an, wo das Licht hell und die Augen wachsam sind.",
            "effects": {
                "passion": 1,
                "health": 2,
                "legacydancerjob": 1
            },
            "image": "dancer",
            "fromending": "workvictory",
            "availableWithoutEndingMatch": true,
            "startingverbid": "work",
            "newstart": true
        }
    ]
}