{
    "decks": [
        {
            "id": "locationscapital",
            "label": "Hidden Locations in the Capital",
            "description": "Places close at hand.",
            "spec": [
                "vaultcapital1",
                "vaultcapital2",
                "vaultcapital3",
                "vaultcapital4",
                "vaultcapital5"
            ],
            "defaultcard": "vaultcapitaldefault",
            "resetonexhaustion": false
        },
        {
            "id": "vaultsshires",
            "label": "Hidden Locations in the Shires",
            "description": "An opportunity for a day out in the country, perhaps.",
            "spec": [
                "vaultshires1",
                "vaultshires2",
                "vaultshires3",
                "vaultshires4",
                "vaultshires5"
            ],
            "defaultcard": "vaultshiresdefault",
            "resetonexhaustion": false
        },
        {
            "id": "vaultscontinent",
            "label": "Hidden Locations on the Continent",
            "description": "A wider world lies across the narrow sea.",
            "spec": [
                "vaultcontinent1",
                "vaultcontinent2",
                "vaultcontinent3",
                "vaultcontinent4",
                "vaultcontinent5",
                "vaultcontinent6"
            ],
            "defaultcard": "vaultcontinentdefault",
            "resetonexhaustion": false
        },
        {
            "id": "vaultslandbeyondforest",
            "label": "Hidden Locations in the Land beyond the Forest",
            "description": "A patchwork of possibilities in a mountain-haunted land.",
            "spec": [
                "vaultlandbeyondforest1",
                "vaultlandbeyondforest2",
                "vaultlandbeyondforest3",
                "vaultlandbeyondforest4",
                "vaultlandbeyondforest5"
            ],
            "defaultcard": "vaultlandbeyondforestdefault",
            "resetonexhaustion": false
        },
        {
            "id": "vaultsrendingmountains",
            "label": "Hidden Locations in the Rending Mountains",
            "description": "Remote and dangerous vaults and temples.",
            "spec": [
                "vaultrendingmountains1",
                "vaultrendingmountains2",
                "vaultrendingmountains3",
                "vaultrendingmountains4"
            ],
            "defaultcard": "vaultrendingmountainsdefault",
            "resetonexhaustion": false
        },
        {
            "id": "vaultsloneandlevelsands",
            "label": "Hidden Locations in the Lone and Level Sands",
            "description": "Here lie the treasures of antiquity, for those who can seize them.",
            "spec": [
                "vaultloneandlevelsands1",
                "vaultloneandlevelsands2",
                "vaultloneandlevelsands3",
                "vaultloneandlevelsands4"
            ],
            "defaultcard": "vaultloneandlevelsandsdefault",
            "resetonexhaustion": false
        },
        {
            "id": "vaultseveningisles",
            "label": "Hidden Locations in the Evening Isles",
            "description": "Unmapped islands in the ambit of Port Noon.",
            "spec": [
                "vaulteveningisles1",
                "vaulteveningisles2",
                "vaulteveningisles3",
                "vaulteveningisles4"
            ],
            "defaultcard": "vaulteveningislesdefault",
            "resetonexhaustion": false
        }
    ]
}