,Country,Port Name,UN Code,Vessels in Port,Departures(Last 24 Hours),Arrivals(Last 24 Hours),Expected Arrivals,Type,Area Local,Area Global,Also known as
0,Denmark,AALBORG,DKAAL,52,9,22,7,Port,Kattegat,UK Coast & Atlantic,['NORRESUNDBY']
1,Ivory Coast,ABIDJAN,CIABJ,55,6,5,27,Port,Gulf of Guinea,West Africa,['ABIJAN']
2,Saudi Arabia,AL JUBAIL,SAJUB,60,15,21,27,Port,Persian Gulf,Arabian Gulf,"['JUBAIL', ' ALJUBAIL']"
3,Spain,ALGECIRAS,ESALG,71,191,202,93,Port,Gibraltar,West Mediterranean,['-']
4,Netherlands,AMSTERDAM,NLAMS,767,179,228,131,Port,North Sea,UK Coast & Atlantic,['NLAMS']
5,USA,ANACORTES,USOTS,179,75,90,6,Port,West Coast Canada,West Coast Canada,['-']
6,France,ANTIBES,FRANT,119,18,21,6,Port,Ligurean Sea,West Mediterranean,['-']
7,Belgium,ANTWERP,BEANR,686,211,247,187,Port,Antwerp Area,UK Coast & Atlantic,"['ANTWERPEN', ' BEANT', ' ANVERS', ' BEAAA']"
8,Russia,ARKHANGELSK,RUARH,58,2,1,19,Port,White Sea,North Coast CIS,['-']
9,Russia,ASTRAKHAN,RUASF,91,3,15,24,Port,Caspian Sea,Caspian Sea,"['ASTRAHAN', ' ASTRAXAN']"
10,New Zealand,AUCKLAND,NZAKL,52,74,85,26,Port,East Australia,East Australia,['-']
11,USA,AVENTURA,USAVU,52,8,9,0,Port,US East Coast,US East Coast,['-']
12,USA,BALTIMORE,USBAL,84,44,45,30,Port,US East Coast,US East Coast,['-']
13,Thailand,BANGKOK,THBKK,118,47,41,33,Port,Gulf of Thailand,South-East Asia,"['BANGKONG', ' THAILAND', ' BKK']"
14,Indonesia,BANJARMASIN,IDBDJ,116,35,67,25,Port,Java Sea,Indonesia,['BANJAR']
15,Spain,BARCELONA,ESBCN,162,119,122,32,Port,Balearic Sea,West Mediterranean,"['BARCELLONA ', ' PORT BCN']"
16,Norway,BATSFJORD,NOBJF,68,17,15,6,Port,Norwegian Coast,Norwegian Coast,['-']
17,Indonesia,BATU AMPAR,IDBUR,187,128,124,40,Port,Singapore Area,Indonesia,"['BATAM', ' BATUAMPAR', ' SEKUPANG']"
18,China,BAYUQUAN,CNBAY,100,120,87,92,Port,Bohai Sea,North China,"['BAYU QUAN', ' BA YU QUAN', ' BYQ', ' B Y Q']"
19,China,BEIHAI,CNBHY,139,48,67,31,Port,South China,South China,"['BEI HAI', ' QIAO']"
20,USA,BELLINGHAM,USBLI,79,29,37,5,Port,West Coast Canada,West Coast Canada,['-']
21,Norway,BERGEN,NOBGO,81,66,70,19,Port,North Sea,Norwegian Coast,['DAMSGARD']
22,Germany,BERLIN,DEBER,103,18,20,13,Port,"Inland, Europe","Inland, Europe",['-']
23,China,BINZHOU,CNBIN,55,44,42,38,Port,Bohai Sea,North China,"['BIN ZHOU', ' TAOER RIVER PORT']"
24,Turkey,BODRUM,TRBXN,171,72,73,8,Port,Aegean Sea,East Mediterranean,['-']
25,USA,BOSTON,USBOS,93,67,72,11,Port,US East Coast,US East Coast,['-']
26,Germany,BREMEN,DEBRE,77,22,24,17,Port,North Sea,"Inland, Europe",['-']
27,Germany,BREMERHAVEN,DEBRV,142,80,80,35,Port,Elbe River,UK Coast & Atlantic,['BREMERHAFEN']
28,France,BREST,FRBES,96,38,66,6,Port,Biscay Bay,UK Coast & Atlantic,['-']
29,Australia,BRISBANE,AUBNE,96,18,24,53,Port,Coral Sea,East Australia,['-']
30,Netherlands,BRUINISSE,NLBSE,110,89,89,5,Port,North Sea,UK Coast & Atlantic,['-']
31,Hungary,BUDAPEST,HUBUD,93,17,21,38,Port,"Inland, Europe","Inland, Europe",['-']
32,Argentina,BUENOS AIRES,ARBUE,111,37,33,10,Port,East Coast South America,East Coast South America,"['ZONA COMUN', ' DOCK SUD']"
33,Korea,BUSAN,KRPUS,438,362,351,252,Port,North China,North China,"['PUSAN', ' PUNSAN', ' KR BUS', ' BUZAN']"
34,Korea,BUSAN NEW PORT,KRBNP,58,88,79,18,Port,North China,North China,"['PUSAN NEWPORT', ' PUSAN NEW PORT', ' KR PNC']"
35,Spain,CADIZ,ESCAD,85,139,133,11,Port,Gibraltar,UK Coast & Atlantic,['-']
36,Australia,CAIRNS,AUCNS,59,25,29,7,Port,Coral Sea,East Australia,['-']
37,Peru,CALLAO,PECLL,62,61,58,45,Port,West South America,West South America,['-']
38,China,CAOFEIDIAN,CNCFD,460,339,323,235,Port,Bohai Sea,North China,"['CAO FEI DIAN', ' CAOFEDIAN', ' C F D']"
39,South Africa,CAPE TOWN,ZACPT,104,56,58,43,Port,South Africa,South Africa,['CAPETOWN']
40,Colombia,CARTAGENA,COCTG,92,126,136,33,Port,North Coast South America,North Coast South America,"['MAMONAL', ' CARTAGENA COLOMBIA']"
41,Spain,CARTAGENA,ESCAR,84,36,35,24,Port,West Mediterranean,West Mediterranean,"['ESCOMBRERAS', ' ESESC']"
42,China,CHANGSHU,CNCGU,171,282,296,47,Port,East China Sea,Central China,"['CHANG SHU', ' CHAMGSHU']"
43,China,CHANGXINDAO,CNCXD,63,29,29,18,Port,Bohai Sea,North China,"['CHANG XIN DAO', ' CHANGXINGDAO', ' CHANG XING DAO']"
44,China,CHANGZHOU,CNCZX,364,319,403,52,Port,East China Sea,Central China,['CHANG ZHOU']
45,USA,CHANNEL ISLANDS,-,66,18,24,0,Port,US West Coast,US West Coast,['-']
46,USA,CHARLESTON,USCHS,137,29,26,26,Port,US East Coast,US East Coast,['-']
47,China,CHEK LAP KOK,CNTPO,60,113,114,9,Port,South China,South China,"['TAIPO', ' TAI PO']"
48,China,CHENJIAGANG,CNCIG,86,29,23,12,Port,Yellow Sea,North China,['GUAN HE']
49,USA,CHICAGO,USCHI,63,21,18,10,Port,Lake Michigan,Great Lakes,['-']
50,Bangladesh,CHITTAGONG,BDCGP,64,17,13,105,Port,Bengal Bay,East Coast India,['CHATTOGRAM']
51,China,CHONGQING,CNCQI,126,25,31,80,Port,"Inland, China","Inland, China",['-']
52,Sri Lanka,COLOMBO,LKCMB,59,16,15,60,Port,Laccadive Sea,East Coast India,['-']
53,Romania,CONSTANTA,ROCND,198,30,18,78,Port,Black Sea,Black Sea,"['CONSTANZA', ' KONSTANTA', ' KONSTANZA', ' CONSTANTZA']"
54,Denmark,COPENHAGEN,DKCPH,137,43,53,7,Port,Kattegat,Baltic Sea,"['KOBENHAVN', ' KOEBENHAVN']"
55,USA,CORPUS CHRISTI,USCRP,59,33,30,41,Port,Gulf of Mexico,Gulf of Mexico,"['C CHRISTI', ' CORPUS CRISTI']"
56,Spain,CORUNA,ESLCG,56,43,41,20,Port,Biscay Bay,UK Coast & Atlantic,"['ACORUNA', ' LA CORUNA', ' A CORUNA']"
57,United Kingdom,COWES,GBCOW,68,152,106,0,Port,English Channel,UK Coast & Atlantic,['-']
58,Germany,CUXHAVEN,DECUX,105,45,55,15,Port,Elbe River,UK Coast & Atlantic,"['CUXHAFEN', ' CUX']"
59,Korea,DAESAN,KRTSN,63,69,65,49,Port,Yellow Sea,North China,['SEOSAN']
60,Senegal,DAKAR,SNDKR,90,12,20,39,Port,West Africa,West Africa,['-']
61,China,DALIAN,CNDLC,266,197,208,188,Port,Yellow Sea,North China,"['CN DAG', ' DA LIAN']"
62,Saudi Arabia,DAMMAM,SADMM,92,35,39,21,Port,Persian Gulf,Arabian Gulf,['AD DAMMAM']
63,Australia,DARWIN,AUDRW,109,22,16,25,Port,Timor Sea,North Australia,['-']
64,Netherlands,DELFZIJL,NLDZL,63,26,23,9,Port,North Sea,UK Coast & Atlantic,['DELZIJL']
65,Netherlands,DEN HELDER,NLDHR,132,42,61,14,Port,North Sea,UK Coast & Atlantic,['DENHELDER']
66,Netherlands,DEN OEVER,NLWRG,65,62,52,5,Port,North Sea,UK Coast & Atlantic,['-']
67,Spain,DENIA,ESDNA,88,17,11,9,Port,Balearic Sea,West Mediterranean,['-']
68,China,DONG GUAN,CNDGG,231,84,102,94,Port,South China,South China,"['DONGGUAN', ' SHA TIAN', ' DONGWAN']"
69,China,DONGJIAKOU,CNDJK,80,94,100,50,Port,Yellow Sea,North China,['DONGJIA KOU']
70,China,DONGYING,CNDGY,88,73,83,113,Port,Bohai Sea,North China,"['DONG YING', ' DONGYINY']"
71,Netherlands,DORDRECHT,NLDOR,170,86,100,10,Port,Rotterdam Area,UK Coast & Atlantic,"['DORDT', ' DORDRECT']"
72,Mexico,DOS BOCAS,MXDBT,54,24,26,33,Port,Gulf of Mexico,Gulf of Mexico,['DOSBOCAS']
73,United Arab Emirates,DUBAI,AEDXB,247,35,56,25,Port,Dubai Area,Arabian Gulf,"['PORTRASHID', ' PORT RASHID', ' DMC']"
74,Germany,DUISBURG,DEDUI,98,63,78,17,Port,"Inland, Europe","Inland, Europe",['-']
75,South Africa,DURBAN,ZADUR,73,20,20,68,Port,South Africa,South Africa,['-']
76,Germany,EMDEN,DEEME,54,29,38,12,Port,North Sea,UK Coast & Atlantic,['-']
77,Netherlands,ENKHUIZEN,NLENK,221,188,196,2,Port,North Sea,UK Coast & Atlantic,['-']
78,Denmark,ESBJERG,DKEBJ,57,60,69,15,Port,North Sea,UK Coast & Atlantic,['-']
79,USA,EVERETT,USPAE,71,16,25,8,Port,US West Coast,US West Coast,['-']
80,United Kingdom,FALMOUTH,GBFAL,86,39,54,5,Port,Celtic Sea,UK Coast & Atlantic,['NORTH END SHIPYARD']
81,China,FANGCHENG,CNFAN,562,259,336,81,Port,South China,South China,"['FANG CHENG', ' FANG CHEN']"
82,Turkey,FETHIYE,TRFET,103,58,60,1,Port,East Mediterranean,East Mediterranean,['-']
83,Netherlands,FLEVO MARINA,-,53,27,42,0,Port,North Sea,UK Coast & Atlantic,['-']
84,USA,FORT LAUDERDALE,USFLL,491,21,41,5,Port,US East Coast,US East Coast,"['FT LAUDERDALE', ' LAUDERDALE', ' FTLAUDERDALE']"
85,France,FOS SUR MER,FRFOS,64,27,35,23,Port,West Mediterranean,West Mediterranean,"['FRFZS', ' FOS FRANCE', ' FOS SUR MER FRANCE', ' FOS-SUR-MER']"
86,USA,FOURCHON,USFOC,160,58,86,68,Port,Gulf of Mexico,Gulf of Mexico,"['PORT FOURCHON', ' FOUCHON']"
87,Australia,FREMANTLE,AUFRE,66,58,59,12,Port,West Australia,West Australia,['-']
88,United Arab Emirates,FUJAIRAH,AEFJR,113,127,129,200,Port,Oman Gulf,Arabian Gulf,"['AL FUJAIRAH', ' FUJAIRA']"
89,China,FULING,CNFLG,173,15,45,14,Port,"Inland, China","Inland, China",['-']
90,China,FUZHOU,CNFOC,51,18,23,89,Port,East China Sea,South China,"['FU ZHOU', ' MAWEI']"
91,Bahrain,GALALI,BHQAL,57,2,1,0,Port,Persian Gulf,Arabian Gulf,['QALALI']
92,USA,GALVESTON,USGLS,106,123,130,24,Port,Gulf of Mexico,Gulf of Mexico,['-']
93,China,GAOGANG,CNGAO,171,123,118,3,Port,East China Sea,Central China,['-']
94,Poland,GDANSK,PLGDN,145,75,92,36,Port,Baltic Sea,Baltic Sea,['-']
95,Poland,GDYNIA,PLGDY,102,54,48,26,Port,Baltic Sea,Baltic Sea,['-']
96,Italy,GENOVA,ITGOA,165,55,44,42,Port,Ligurean Sea,West Mediterranean,['GENOA']
97,Belgium,GHENT,BEGNE,176,86,74,42,Port,Antwerp Area,UK Coast & Atlantic,"['GENT', ' BEGGG']"
98,Gibraltar,GIBRALTAR,GIGIB,90,79,89,100,Port,Gibraltar,West Mediterranean,['-']
99,Denmark,GILLELEJE,DKGLE,53,19,26,4,Port,Kattegat,Baltic Sea,['-']
100,Australia,GLADSTONE,AUGLT,76,16,14,51,Port,Coral Sea,East Australia,['-']
101,Turkey,GOCEK,TRGCK,150,37,63,9,Port,East Mediterranean,East Mediterranean,['-']
102,Korea,GOHYEON,KRKHN,56,35,36,8,Port,North China,North China,"['GOHYUN', ' GEOJE']"
103,United Kingdom,GOSPORT,GBGOS,133,82,107,0,Port,English Channel,UK Coast & Atlantic,['-']
104,Sweden,GOTEBORG,SEGOT,103,52,63,25,Port,Kattegat,Baltic Sea,"['GOTHENBURG', ' GOTENBURG', ' GOETEBORG', ' GBG']"
105,United Kingdom,GRIMSBY,GBGSY,65,36,61,6,Port,North Sea,UK Coast & Atlantic,['-']
106,China,GUANGZHOU,CNGZG,638,234,296,132,Port,South China,South China,"['GUANG ZHOU', ' NEIGANG', ' SHIGANGAO']"
107,Ecuador,GUAYAQUIL,ECGYE,59,10,11,13,Port,West South America,West South America,['-']
108,Guernsey,GUERNSEY,GGGCI,68,24,31,1,Port,English Channel,UK Coast & Atlantic,"['-', ' SAINT PETER', ' ST PETER PORT']"
109,Korea,GWANGYANG,KRKAN,89,78,80,76,Port,East China Sea,North China,"['KWANGYANG', ' KRKWA']"
110,Vietnam,HAI PHONG,VNHPH,215,78,103,70,Port,South-East Asia,South-East Asia,['HAIPHONG']
111,Israel,HAIFA,ILHFA,62,26,20,20,Port,East Mediterranean,East Mediterranean,['-']
112,China,HAIKOU,CNHAK,60,28,44,25,Port,South China,South China,['HAI KOU']
113,Canada,HALIFAX,CAHAL,68,18,19,39,Port,East Coast Canada,East Coast Canada,"['DARTMOUTH', ' DARTMOUTH CA']"
114,Germany,HAMBURG,DEHAM,389,69,83,72,Port,Elbe River,UK Coast & Atlantic,['DEHBU']
115,United Arab Emirates,HAMRIYA,AEHAM,64,8,6,14,Port,Persian Gulf,Arabian Gulf,['AL HAMRIYA']
116,Denmark,HANSTHOLM,DKHAN,59,9,31,6,Port,North Sea,UK Coast & Atlantic,['-']
117,Netherlands,HARLINGEN,NLHAR,200,83,129,34,Port,North Sea,UK Coast & Atlantic,['WADDENZEE']
118,India,HAZIRA,INHZR,72,67,71,27,Port,West Coast India,West Coast India,"['SURAT', ' GANDHAR']"
119,Germany,HEILIGENHAFEN,DEHHF,82,26,32,2,Port,Baltic Sea,Baltic Sea,['-']
120,Netherlands,HELLEVOETSLUIS,NLHSL,92,34,56,0,Port,Rotterdam Area,UK Coast & Atlantic,['-']
121,Finland,HELSINKI,FIHEL,80,101,123,13,Port,Finland Gulf,Baltic Sea,['-']
122,Netherlands,HINDELOOPEN,NLHLP,54,33,36,0,Port,North Sea,UK Coast & Atlantic,['-']
123,Denmark,HIRTSHALS,DKHIR,62,24,46,10,Port,Kattegat,UK Coast & Atlantic,['-']
124,Vietnam,HO CHI MINH,VNSGN,163,42,63,60,Port,South-East Asia,South-East Asia,"['SAIGON', ' CAT LAI', ' HIEP PHUOC']"
125,Hong Kong,HONG KONG,HKHKG,833,766,753,202,Port,South China,South China,"['HONGKONG', ' CN HKG', ' XIANGGANG', ' XIANG GANG']"
126,China,HONGWAN,CNHGW,96,31,47,3,Port,South China,South China,['HONG WAN']
127,USA,HONOLULU,USHNL,71,32,33,10,Port,Hawaii,North Pacific,['-']
128,Netherlands,HOORN,NLHRN,75,58,41,1,Port,North Sea,UK Coast & Atlantic,['-']
129,Australia,HOPE ISLAND,AUHPL,65,10,11,1,Port,Coral Sea,East Australia,['-']
130,USA,HOUSTON,USHOU,369,90,103,143,Port,Gulf of Mexico,Gulf of Mexico,['BAYTOWN']
131,China,HUANGGE,CNHGE,66,42,42,0,Port,South China,South China,['HUANG GE']
132,China,HUANGHUA,CNHUH,231,95,114,97,Port,Bohai Sea,North China,"['HUANG HUA', ' CNHNH']"
133,China,HUANGPU,CNHUA,144,193,207,29,Port,South China,South China,"['HUANG PU', ' MACHONG']"
134,China,HUIZHOU,CNHUI,226,72,86,104,Port,South China,South China,['HUI ZHOU']
135,China,HUMEN,CNHMN,119,102,102,14,Port,South China,South China,['HU MEN']
136,Spain,IBIZA,ESIBZ,72,96,92,22,Port,Balearic Sea,West Mediterranean,['IBZ']
137,Netherlands,IJMUIDEN,NLIJM,122,120,114,27,Port,North Sea,UK Coast & Atlantic,['IJM NL']
138,Korea,INCHEON,KRINC,391,149,204,121,Port,Yellow Sea,North China,['INCHON']
139,Turkey,ISKENDERUN,TRISK,65,60,61,58,Port,East Mediterranean,East Mediterranean,"['ISDEMIR', ' AZGANLIK', ' SARISEKI']"
140,Ukraine,IZMAIL,UAIZM,87,18,17,19,Port,Black Sea,Black Sea,['-']
141,USA,JACKSONVILLE,USJAX,61,12,13,15,Port,US East Coast,US East Coast,['-']
142,Indonesia,JAKARTA,IDJKT,186,95,116,81,Port,Java Sea,Indonesia,"['PRIOK', ' TANJUNG PRIOK', ' ID TPP', ' TG PRIOK']"
143,United Arab Emirates,JEBEL ALI,AEJEA,69,64,60,75,Port,Persian Gulf,Arabian Gulf,"['JEBELALI', ' JEBAL ALI', ' JABAL ALI']"
144,Saudi Arabia,JEDDAH,SAJED,66,37,37,53,Port,Red Sea,Red Sea,['RED SEA']
145,China,JIANGYIN,CNJIA,1112,1076,1070,166,Port,East China Sea,Central China,"['-', ' JANG JIN', ' JIANG YIN']"
146,China,JIMIYA,CNJIM,78,166,162,3,Port,Yellow Sea,North China,['JI MI YA']
147,China,JINGJIANG,CNTSI,716,679,843,62,Port,East China Sea,Central China,"['JING JIANG', ' JIN JIANG']"
148,China,JINGTANG,CNTGS,82,57,61,75,Port,Bohai Sea,North China,"['TANGSHAN', ' JING TANG', ' JIN TANG', ' CNTAS']"
149,China,JINTANG,,71,35,46,3,Port,East China Sea,Central China,['JINTANG ISLAND']
150,China,JINZHOU,CNJNZ,113,193,114,47,Port,Bohai Sea,North China,['JIN ZHOU']
151,India,KAKINADA,INKAK,51,8,10,21,Port,Bengal Bay,East Coast India,['-']
152,Taiwan,KAOHSIUNG,TWKHH,372,112,113,116,Port,South China,South China,"['KAO HSIUNG', ' TWKSG', ' KAO', ' KHH']"
153,Germany,KIEL,DEKEL,118,60,89,15,Port,Kiel Canal,Baltic Sea,['-']
154,Norway,KJOLLEFJORD,NOKJF,59,13,9,0,Port,Norwegian Coast,Norwegian Coast,['-']
155,Lithuania,KLAIPEDA,LTKLJ,74,37,37,25,Port,Baltic Sea,Baltic Sea,['-']
156,Japan,KOBE,JPUKB,84,128,119,59,Port,Japan Coast,Japan Coast,['-']
157,India,KOCHI,INCOK,61,38,43,26,Port,West Coast India,West Coast India,"['COCHIN', ' INKOC']"
158,USA,KODIAK,USADQ,52,5,3,18,Port,Gulf of Alaska,Alaska,['AFOGNAK']
159,Japan,KUSHIRO,JPKUH,52,73,57,20,Port,Japan Coast,Japan Coast,['HIGASHI']
160,France,LA ROCHELLE VIEUX,,129,32,77,0,Port,Biscay Bay,UK Coast & Atlantic,['-']
161,Italy,LA SPEZIA,ITSPE,124,22,30,16,Port,Ligurean Sea,West Mediterranean,['LASPEZIA']
162,Thailand,LAEM CHABANG,THLCH,77,54,57,56,Port,Gulf of Thailand,South-East Asia,"['LAEMCHABANG', ' LEAM CHABANG', ' LAC', ' LCB']"
163,Nigeria,LAGOS,NGLOS,73,14,23,40,Port,Gulf of Guinea,West Africa,"['APAPA', ' NIGERIA', ' TINCAN', ' TIN CAN']"
164,China,LAIZHOU,CNLZO,68,150,160,25,Port,Bohai Sea,North China,['LAI ZHOU']
165,USA,LAKE CHARLES,USLCH,83,48,48,11,Port,Gulf of Mexico,Gulf of Mexico,['-']
166,Sweden,LANGEDRAG,SELGD,52,58,75,0,Port,Kattegat,Baltic Sea,['SALTHOLMEN']
167,China,LANSHAN,CNLSN,731,472,641,80,Port,Yellow Sea,North China,"['LAN SHAN', ' LANQIAO']"
168,Spain,LAS PALMAS,ESLPA,149,66,78,114,Port,West Africa,West Africa,"['LASPALMAS', ' LA LUZ', ' PUERTO DE LA LUZ']"
169,Netherlands,LAUWERSOOG,NLLAN,57,59,46,15,Port,North Sea,UK Coast & Atlantic,['-']
170,France,LE HAVRE,FRLEH,107,69,79,39,Port,English Channel,UK Coast & Atlantic,['LEHAVRE']
171,Portugal,LEIXOES,PTLEI,63,66,55,28,Port,UK Coast & Atlantic,UK Coast & Atlantic,['MATOSINHOS']
172,Netherlands,LELYSTAD,NLLEY,129,114,121,5,Port,North Sea,UK Coast & Atlantic,['-']
173,Netherlands,LELYSTAD HAVEN,-,66,34,45,4,Port,North Sea,UK Coast & Atlantic,['-']
174,Netherlands,LEMMER,NLLMR,97,81,83,2,Port,North Sea,UK Coast & Atlantic,['-']
175,China,LIAN JIANG,CNLNJ,56,37,25,3,Port,East China Sea,South China,"['LIANJIANG', ' HUANGQI']"
176,China,LIANYUNGANG,CNLYG,416,84,187,127,Port,Yellow Sea,North China,['LIAN YUN GANG']
177,China,LIJIANG,CNLIJ,62,31,51,1,Port,South China,South China,['-']
178,Portugal,LISBOA,PTLIS,95,158,173,20,Port,UK Coast & Atlantic,UK Coast & Atlantic,['LISBON']
179,China,LIUHENG,CNLHE,158,312,304,27,Port,East China Sea,Central China,['LIU HENG']
180,United Kingdom,LIVERPOOL,GBLIV,52,31,45,12,Port,Irish Sea,UK Coast & Atlantic,['-']
181,Italy,LIVORNO,ITLIV,69,28,28,37,Port,Ligurean Sea,West Mediterranean,['-']
182,United Kingdom,LONDON,GBLON,92,112,110,11,Port,North Sea,UK Coast & Atlantic,['-']
183,USA,LONG BEACH,USLGB,84,133,147,62,Port,US West Coast,US West Coast,['LONGBEACH']
184,China,LONGHAI,CNLGI,118,34,5,2,Port,East China Sea,South China,['LONG HAI']
185,China,LONGKOU,CNLKU,255,432,493,55,Port,Bohai Sea,North China,['LONG KOU']
186,France,LORIENT,FRLRT,71,38,59,8,Port,Biscay Bay,UK Coast & Atlantic,['-']
187,USA,LOS ANGELES,USLAX,119,92,105,47,Port,US West Coast,US West Coast,"['LOSANGELES', ' SAN PEDRO']"
188,United Kingdom,LOWESTOFT,GBLOW,59,25,34,3,Port,North Sea,UK Coast & Atlantic,['BOULEVARD LEISURE CE']
189,Angola,LUANDA,AOLAD,55,13,11,36,Port,West Africa,West Africa,['ANGOLA']
190,Germany,LUBECK,DELBC,59,24,39,9,Port,Baltic Sea,Baltic Sea,['LUEBECK']
191,China,LUOYUAN,CNLYA,86,30,35,19,Port,East China Sea,South China,['LUO YUAN']
192,China,LUSHUN,CNLSH,59,85,94,16,Port,Bohai Sea,North China,"['LVSHUN', ' LU SHUN']"
193,United Kingdom,LYMINGTON,GBLYM,98,72,76,0,Port,English Channel,UK Coast & Atlantic,['-']
194,Netherlands,MAASBRACHT,NLMSB,54,36,41,7,Port,"Inland, Europe","Inland, Europe",['-']
195,Macao,MACAU,MOMFM,93,48,46,5,Port,South China,South China,['HK-MACAU']
196,China,MAJISHAN,CNMJS,206,197,227,22,Port,East China Sea,Central China,"['MAJI SHAN', ' MA JI SHAN']"
197,Netherlands,MAKKUM,NLMAK,111,26,69,0,Port,North Sea,UK Coast & Atlantic,['-']
198,Argentina,MAR DEL PLATA,ARMDQ,88,4,12,10,Port,East Coast South America,East Coast South America,['PTO MAR DEL PLATA']
199,USA,MARINA DEL REY,USMDX,146,39,57,1,Port,US West Coast,US West Coast,['-']
200,Malta,MARSAMXETT,MTMSX,115,31,31,0,Port,West Mediterranean,West Mediterranean,['-']
201,France,MARSEILLE,FRMRS,88,72,91,11,Port,West Mediterranean,West Mediterranean,['-']
202,Netherlands,MEDEMBLIK,NLMDM,91,74,63,1,Port,North Sea,UK Coast & Atlantic,['-']
203,China,MEIZHOU ISLAND,,156,205,256,1,Port,East China Sea,South China,['-']
204,Australia,MELBOURNE,AUMEL,62,31,37,32,Port,Tasman Sea,East Australia,['-']
205,USA,MIAMI,USMIA,200,66,65,14,Port,US East Coast,US East Coast,['-']
206,China,MINHANG,CNMNG,332,197,256,24,Port,East China Sea,Central China,['MIN HANG']
207,Japan,MIZUSHIMA,JPMIZ,57,87,80,93,Port,Japan Coast,Japan Coast,['-']
208,USA,MOBILE,USMOB,53,19,22,32,Port,Gulf of Mexico,Gulf of Mexico,['-']
209,Netherlands,MOERDIJK,NLMOE,60,28,38,20,Port,North Sea,UK Coast & Atlantic,['-']
210,Korea,MOKPO,KRMOK,177,102,94,51,Port,Yellow Sea,North China,['-']
211,Monaco,MONACO,MCMON,92,42,50,9,Port,Ligurean Sea,West Mediterranean,['PORT HERCULE']
212,Netherlands,MONNICKENDAM,NLMNN,69,29,43,0,Port,North Sea,UK Coast & Atlantic,['-']
213,Uruguay,MONTEVIDEO,UYMVD,89,10,11,22,Port,East Coast South America,East Coast South America,['PUERTO DE MONTEVIDEO']
214,Russia,MOSCOW,RUMOW,65,8,9,10,Port,"Inland, Russia","Inland, Russia",['MOSKVA']
215,Bahrain,MUHARRAQ,BHGBQ,87,8,6,1,Port,Persian Gulf,Arabian Gulf,['AL MUHARRAQ']
216,Netherlands,MUIDERZAND,-,55,19,39,0,Port,North Sea,UK Coast & Atlantic,['-']
217,India,MUMBAI,INBOM,87,75,74,64,Port,West Coast India,West Coast India,['BOMBAY']
218,India,MUNDRA,INMUN,62,38,40,31,Port,West Coast India,West Coast India,['-']
219,Russia,MURMANSK,RUMMK,143,44,52,55,Port,Barents Sea,North Coast CIS,['-']
220,United Arab Emirates,MUSAFFAH,AEAMF,111,30,20,10,Port,Persian Gulf,Arabian Gulf,"['MUSAFAH', ' MUSSAFAH', ' MUSSAFFAH', ' ESNAAD']"
221,Norway,MYRE,NOMYR,73,18,13,5,Port,Norwegian Coast,Norwegian Coast,['-']
222,Japan,NAGOYA,JPNGO,122,115,114,105,Port,Japan Coast,Japan Coast,['-']
223,Japan,NAHA,JPNAH,51,33,42,15,Port,East China Sea,Japan Coast,['-']
224,Russia,NAKHODKA,RUNJK,55,16,23,34,Port,CIS Pacific,CIS Pacific,['NAHODKA']
225,China,NANJING,CNNKG,1414,667,1060,203,Port,East China Sea,Central China,"['NAN JING', ' NAN JIN', ' NANJIN']"
226,China,NANSHA,CNNSA,181,280,281,99,Port,South China,South China,['NAN SHA']
227,China,NANTONG,CNNTG,1572,1173,1287,234,Port,East China Sea,Central China,['NAN TONG']
228,Italy,NAPOLI,ITNAP,58,31,30,16,Port,Tyrrhenian Sea,West Mediterranean,['NAPLES']
229,Turkey,NEMRUT,TRNEM,54,46,44,11,Port,Aegean Sea,East Mediterranean,['-']
230,Germany,NEUSTADT,DENDT,67,20,27,1,Port,Baltic Sea,Baltic Sea,['-']
231,USA,NEW BEDFORD,USNBD,52,6,5,4,Port,US East Coast,US East Coast,"['NIEMIEC MARINE', ' HOMERS WHARF', ' WHALING CITY']"
232,USA,NEW ORLEANS,USMSY,351,70,87,86,Port,Gulf of Mexico,Gulf of Mexico,"['NEWORLEANS', ' NOLA', ' NEW ORLEAN', ' GRAND ISLE']"
233,USA,NEW YORK,USNYC,351,150,158,97,Port,Hudson River,US East Coast,"['BAYONNE USA', ' USNWK', ' NEWARK', ' USEWR']"
234,USA,NEWPORT,USNOZ,144,104,104,4,Port,US East Coast,US East Coast,['NEWPORT RI']
235,USA,NEWPORT BEACH,USJNP,138,29,53,1,Port,US West Coast,US West Coast,['-']
236,Vietnam,NGHI SON,VNNGH,66,17,20,11,Port,South-East Asia,South-East Asia,"['THANH HOA', ' VN THO', ' THANH HAO']"
237,Belgium,NIEUWPOORT,BENIE,92,36,45,2,Port,English Channel,UK Coast & Atlantic,['-']
238,China,NINGBO,CNNBG,534,480,576,366,Port,East China Sea,Central China,"['BEILUN', ' ZHENHAI', ' DA XIE', ' CNNBO']"
239,China,NINGDE,CNNDE,72,34,36,86,Port,East China Sea,South China,"['NING DE', ' BAIMA']"
240,USA,NORFOLK,USORF,175,28,37,40,Port,US East Coast,US East Coast,['-']
241,New Caledonia,NOUMEA,NCNOU,54,29,33,14,Port,Coral Sea,East Australia,['-']
242,Russia,NOVOROSSIYSK,RUNVS,114,56,56,45,Port,Black Sea,Black Sea,"['NOVO', ' NOVOROSIYSK', ' NOVOROSSYISK', ' NVRSK']"
243,USA,OAKLAND,USOAK,66,36,44,19,Port,US West Coast,US West Coast,['-']
244,Korea,ONSAN,KRONS,51,121,121,26,Port,North China,North China,['KR USN']
245,Belgium,OOSTENDE,BEOST,89,41,56,11,Port,English Channel,UK Coast & Atlantic,"['OSTEND', ' OSTENDE']"
246,Japan,OSAKA,JPOSA,74,93,109,63,Port,Japan Coast,Japan Coast,['SAKAI']
247,Norway,OSLO,NOOSL,107,73,81,13,Port,Skagerrak,Norwegian Coast,['-']
248,Indonesia,PALEMBANG,IDPLM,79,31,26,30,Port,Java Sea,Indonesia,['PLAJU']
249,USA,PALM BEACH,USPAB,85,15,16,4,Port,US East Coast,US East Coast,['-']
250,Spain,PALMA DE MALLORCA,ESPMI,276,73,76,15,Port,Balearic Sea,West Mediterranean,"['PALMA', ' MALLORCA']"
251,Brazil,PARANAGUA,BRPNG,64,9,10,41,Port,East Coast South America,East Coast South America,['-']
252,France,PARIS,FRPAR,77,16,16,16,Port,"Inland, Europe","Inland, Europe",['-']
253,Malaysia,PENANG,MYPEN,64,48,52,16,Port,Malacca Strait,Indonesia,"['PRAI', ' BUTTERWORTH', ' PINANG', ' MYPRA']"
254,China,PENGLAI,CNPLI,51,63,61,22,Port,Bohai Sea,North China,"['PENG LAI', ' CNPLA']"
255,Russia,PETROPAVLOVSK,RUPKC,64,15,11,10,Port,Bering Sea,CIS Pacific,"['KAMCHATSKY', ' AVACHA', ' KAMCHATSKIY']"
256,Thailand,PHUKET,THHKT,72,29,25,2,Port,Andaman Sea,South-East Asia,['-']
257,China,PINGTAN,,278,31,34,16,Port,East China Sea,South China,['PINGTAN ISLAND']
258,Greece,PIRAEUS,GRPIR,78,117,122,66,Port,Piraeus Area,East Mediterranean,"['PIRAEVS', ' PIREAS', ' KERATSINI', ' ATHENS']"
259,United Kingdom,PLYMOUTH,GBPLY,168,40,72,9,Port,English Channel,UK Coast & Atlantic,['-']
260,Korea,POHANG,KRKPO,87,69,70,30,Port,North China,North China,['KR POHANG']
261,United Kingdom,POOLE,GBPOO,57,29,46,1,Port,English Channel,UK Coast & Atlantic,['-']
262,USA,PORT ARTHUR,USPOA,63,47,49,16,Port,Gulf of Mexico,Gulf of Mexico,['-']
263,France,PORT DU CROUESTY,FRRZN,58,18,49,0,Port,Biscay Bay,UK Coast & Atlantic,['ARZON']
264,USA,PORT EVERGLADES,USPEF,51,23,21,22,Port,US East Coast,US East Coast,['-']
265,Nigeria,PORT HARCOURT,NGPHC,55,16,15,2,Port,Gulf of Guinea,West Africa,"['HARCOURT', ' PORTHARCOURT', ' AMADI BASE', ' AMADIBASE']"
266,Australia,PORT HEDLAND,AUPHE,76,59,72,95,Port,Timor Sea,West Australia,"['PORT HEADLAND', ' HEDLAND']"
267,Malaysia,PORT KLANG,MYPKG,158,91,106,143,Port,Malacca Strait,Indonesia,"['KLANG', ' PKLANG', ' PORT KELANG']"
268,Mauritius,PORT LOUIS,MUPLU,87,23,27,32,Port,East Africa,East Africa,['-']
269,Portugal,PORTIMAO,PTPRM,59,26,22,7,Port,UK Coast & Atlantic,UK Coast & Atlantic,['-']
270,USA,PORTLAND ME,USPWM,70,38,45,2,Port,US East Coast,US East Coast,['PORTLAND']
271,USA,PORTLAND OR,USPDX,92,45,64,17,Port,US West Coast,US West Coast,"['PORTLAND', ' LINNTON']"
272,United Kingdom,PORTLAND UK,GBPTL,55,22,28,1,Port,English Channel,UK Coast & Atlantic,['PORTLAND']
273,Canada,PRINCE RUPERT,CAPRR,53,41,46,17,Port,West Coast Canada,West Coast Canada,['-']
274,Chile,PUERTO MONTT,CLPMC,71,21,22,15,Port,West South America,West South America,['PTO MONTT']
275,Korea,PYEONGTAEK,KRPTK,109,28,30,77,Port,Yellow Sea,North China,"['PYONGTAEK', ' PYEONG TAEK', ' DANGJIN']"
276,China,QIDONG,CNQID,64,12,19,20,Port,East China Sea,Central China,['-']
277,China,QINGDAO,CNQDG,387,202,212,290,Port,Yellow Sea,North China,"['QING DAO', ' QIANWAN', ' CNTAO', ' CN TAO']"
278,China,QINHUANGDAO,CNSHP,255,209,184,101,Port,Bohai Sea,North China,"['QIN HUANG DAO ', ' QIN HUANG', ' Q H D']"
279,China,QINZHOU,CNQZH,262,110,98,77,Port,South China,South China,['QIN ZHOU']
280,China,QUANZHOU,CNQZJ,662,204,129,71,Port,East China Sea,South China,"['QUAN ZHOU', ' SHIHU']"
281,Canada,QUEBEC,CAQUE,54,17,21,20,Port,St. Lawrence River,East Coast Canada,['SILLERY']
282,China,QUSHAN,,92,121,120,7,Port,East China Sea,Central China,['QUSHAN ISLAND']
283,Qatar,RAS LAFFAN,QARLF,84,45,48,40,Port,Persian Gulf,Arabian Gulf,"['AD-DAHIRAH', ' RASLAFFAN', ' RAS LAFAN']"
284,Saudi Arabia,RAS TANURA,SARTA,74,25,16,38,Port,Persian Gulf,Arabian Gulf,"['RASTANURA', ' RASTANURAH', ' JUAYMAH']"
285,Ukraine,RENI,UARNI,71,3,5,14,Port,"Inland, Europe","Inland, Europe",['-']
286,Latvia,RIGA,LVRIX,68,29,26,23,Port,Baltic Sea,Baltic Sea,['-']
287,Brazil,RIO DE JANEIRO,BRRIO,127,38,43,39,Port,East Coast South America,East Coast South America,"['RIODEJANEIRO', ' RIO DE JAN', ' RIO JANEIRO', ' RIO']"
288,China,RIZHAO,CNRZH,265,296,320,110,Port,Yellow Sea,North China,['RI ZHAO']
289,Germany,ROSTOCK,DERSK,145,66,81,17,Port,Baltic Sea,Baltic Sea,"['ROSTOK', ' WARNEMUNDE', ' WARNEMUENDE']"
290,Russia,ROSTOV-ON-DON,RUROV,57,17,28,62,Port,Azov Sea,"Inland, Russia","['ROSTOV ON DON', ' ROSTOV']"
291,Netherlands,ROTTERDAM,NLRTM,179,199,193,336,Port,Rotterdam Area,UK Coast & Atlantic,"['MAASDIJK', ' EUROPOORT', ' RDAM', ' DINTELHAVEN']"
292,Netherlands,ROTTERDAM BOTLEK,NLBOT,150,160,172,11,Port,Rotterdam Area,UK Coast & Atlantic,"['BOTLEK', ' E PETROLEUMHAV']"
293,Netherlands,ROTTERDAM CENTRUM,-,146,165,152,1,Port,Rotterdam Area,UK Coast & Atlantic,['-']
294,Netherlands,ROTTERDAM MAASVLAKTE,NLMSV,128,171,161,4,Port,Rotterdam Area,UK Coast & Atlantic,"['MAASVLAKTE', ' EUROPAHAVEN']"
295,Netherlands,ROTTERDAM WAALHAVEN,NLWAL,260,148,184,6,Port,Rotterdam Area,UK Coast & Atlantic,"['HEIJPLAAT', ' WAALHAVEN']"
296,France,ROUEN,FRURO,62,15,28,17,Port,"Inland, Europe","Inland, Europe",['-']
297,Japan,SAKAI,JPSAK,53,100,97,54,Port,Japan Coast,Japan Coast,"['SAKAISENBOKU', ' JP SBK']"
298,Korea,SAMCHEONPO,KRSCP,53,29,42,15,Port,North China,North China,['-']
299,USA,SAN DIEGO,USSAN,369,53,69,25,Port,US West Coast,US West Coast,"['SANDIEGO', ' MARINA CORTEZ', ' HARBOR ISLAND WEST', ' SUNROAD RESORT']"
300,Puerto Rico,SAN JUAN,PRSJU,52,4,5,22,Port,Caribbean Sea,Caribbean Sea,['PUERTO NUEVO']
301,Italy,SANREMO,ITSRE,54,9,7,5,Port,Ligurean Sea,West Mediterranean,['SAN REMO']
302,China,SANSHAN,CNNHS,86,48,41,1,Port,East China Sea,"Inland, China",['-']
303,Brazil,SANTOS,BRSSZ,119,29,28,147,Port,East Coast South America,East Coast South America,['BACIA DE SANTOS']
304,China,SANYA,CNSYX,86,0,5,3,Port,South China,South China,['SAN YA']
305,Netherlands,SCHEVENINGEN,NLSCE,63,34,35,9,Port,Rotterdam Area,UK Coast & Atlantic,['SCHEVENING']
306,USA,SEATTLE,USSEA,407,158,170,31,Port,US West Coast,US West Coast,['-']
307,China,SHANGHAI,CNSHG,2420,1376,1626,644,Port,East China Sea,Central China,"['SHANG HAI', ' YANGSHAN', ' CNSHA', ' CNSGH']"
308,United Arab Emirates,SHARJAH,AESHJ,73,41,52,17,Port,Persian Gulf,Arabian Gulf,"['MINA KHALID', ' PORT KHALID', ' KHALID', ' AEMKH']"
309,China,SHEKOU,CNSHK,96,159,156,47,Port,South China,South China,"['SHE KOU', ' CNSKU']"
310,China,SHENZHEN,CNSZX,72,166,198,55,Port,South China,South China,['SHEN ZHEN']
311,China,SHIDAO,CNSHD,403,349,400,35,Port,Yellow Sea,North China,['SHI DAO']
312,USA,SHILSHOLE,-,104,31,41,0,Port,US West Coast,US West Coast,['SHILSHOLE BAY']
313,India,SIKKA,INSIK,75,6,4,24,Port,West Coast India,West Coast India,['-']
314,Singapore,SINGAPORE,SGSIN,1109,1682,1748,1205,Port,Singapore Area,Indonesia,"['SPORE', ' SINGPORE', ' SIN EBGA', ' SIN PEBGA']"
315,Bahrain,SITRAH,BHSIT,100,44,41,6,Port,Persian Gulf,Arabian Gulf,['SITRA']
316,Denmark,SKAGEN,DKSKA,66,28,44,37,Port,Kattegat,Baltic Sea,['SKAW']
317,Netherlands,SNEEK,NLSNK,66,36,46,2,Port,North Sea,UK Coast & Atlantic,['-']
318,United Kingdom,SOLENT,-,57,12,32,0,Port,English Channel,UK Coast & Atlantic,['-']
319,China,SONGMEN,CNSMN,84,24,32,11,Port,East China Sea,Central China,['-']
320,United Kingdom,SOUTHAMPTON,GBSOU,116,126,119,30,Port,English Channel,UK Coast & Atlantic,['MARCHWOOD']
321,Australia,SOUTHPORT QLD,AUSHQ,53,22,20,0,Port,Coral Sea,East Australia,['SOUTHPORT']
322,Jersey,ST HELIER,JESTH,67,28,28,7,Port,English Channel,UK Coast & Atlantic,['JERSEY']
323,Russia,ST PETERSBURG,RULED,201,43,41,63,Port,Finland Gulf,"Inland, Russia","['SANKT PETERSBURG', ' SAINT PETERSBURG', ' SANKT PETERBURG', ' SPB']"
324,Norway,STAVANGER,NOSVG,70,95,113,11,Port,North Sea,Norwegian Coast,['-']
325,Netherlands,STAVOREN,NLSTA,73,79,73,1,Port,North Sea,UK Coast & Atlantic,['-']
326,Netherlands,STELLENDAM,NLSTD,52,21,16,6,Port,Rotterdam Area,UK Coast & Atlantic,['-']
327,Sweden,STOCKHOLM,SESTO,144,98,100,6,Port,Baltic Sea,Baltic Sea,['-']
328,Indonesia,SURABAYA,IDSUB,74,54,58,53,Port,Java Sea,Indonesia,['TANJUNG PERAK']
329,Poland,SWINOUJSCIE,PLSWI,54,40,30,11,Port,Baltic Sea,Baltic Sea,['-']
330,Australia,SYDNEY,AUSYD,139,303,306,27,Port,Coral Sea,East Australia,['-']
331,Poland,SZCZECIN,PLSZZ,107,18,24,17,Port,Baltic Sea,Baltic Sea,['STETTIN']
332,USA,TACOMA,USTIW,91,30,39,17,Port,US West Coast,US West Coast,['-']
333,China,TAICANG,CNTAG,312,496,501,147,Port,East China Sea,Central China,"['TAI CANG', ' TAICANGGANG']"
334,Taiwan,TAICHUNG,TWTXG,148,112,70,67,Port,East China Sea,South China,['TAI CHUNG']
335,Taiwan,TAIPEI,TWTPE,55,13,15,26,Port,East China Sea,South China,['TAI PEI']
336,China,TAIXING,CNTAX,73,29,46,14,Port,East China Sea,Central China,['TAI XING']
337,China,TAIZHOU,CNTZO,319,45,92,160,Port,East China Sea,Central China,"['TAI ZHOU', ' TAIZHUO', ' JIAOJIANG']"
338,USA,TAMPA,USTPA,61,23,21,17,Port,Gulf of Mexico,Gulf of Mexico,['-']
339,Spain,TARRAGONA,ESTAR,63,45,26,35,Port,Balearic Sea,West Mediterranean,['TARAGONA']
340,Netherlands,TERNEUZEN,NLTNZ,82,158,148,29,Port,Antwerp Area,UK Coast & Atlantic,['-']
341,China,TIANJIN,CNTXG,868,409,428,225,Port,Bohai Sea,North China,"['TIAN JIN', ' XINGANG', ' XIN GANG', ' TIANG JIN']"
342,Japan,TOKYO,JPTYO,85,73,88,89,Port,Japan Coast,Japan Coast,['JAPAN']
343,China,TONGLING,CNTOL,158,43,74,25,Port,"Inland, China","Inland, China",['TONG LING']
344,Korea,TONGYEONG,KRTYG,53,82,94,57,Port,North China,North China,['-']
345,Canada,TORONTO,CATOR,59,9,9,1,Port,Lake Ontario,Great Lakes,['-']
346,Spain,TORREVIEJA,ESTOR,58,22,23,6,Port,West Mediterranean,West Mediterranean,['-']
347,Australia,TOWNSVILLE,AUTSV,55,57,62,13,Port,Coral Sea,East Australia,['-']
348,Germany,TRAVEMUNDE,DETRV,60,54,54,6,Port,Baltic Sea,Baltic Sea,['TRAVEMUENDE']
349,Norway,TROMSO,NOTOS,81,38,55,10,Port,Norwegian Coast,Norwegian Coast,['TROMSE']
350,Finland,TURKU,FITKU,56,10,14,2,Port,Bothnia Gulf,Baltic Sea,['ABO']
351,Turkey,TUZLA,TRTUZ,148,53,59,14,Port,Marmara Sea,Black Sea,['-']
352,Korea,ULSAN,KRUSN,303,298,312,142,Port,North China,North China,['-']
353,Russia,UST-LUGA,RUULU,55,43,42,37,Port,Finland Gulf,Baltic Sea,"['UST LUGA', ' USTLUGA']"
354,Spain,VALENCIA,ESVLC,173,40,41,30,Port,Balearic Sea,West Mediterranean,['-']
355,Malta,VALLETTA,MTMLA,128,61,67,30,Port,West Mediterranean,West Mediterranean,"['VALETTA', ' VALLETA', ' VLT']"
356,Canada,VANCOUVER,CAVAN,211,70,88,71,Port,West Coast Canada,West Coast Canada,"['VANCOUVER BC', ' VANCOUVER CANADA']"
357,Bulgaria,VARNA,BGVAR,66,6,7,15,Port,Black Sea,Black Sea,"['BELOSLAV FERRY', ' WARNA', ' EZEROVO', ' LESPORT']"
358,Italy,VENICE,ITVCE,60,30,28,28,Port,Adriatic Sea,Adriatic Sea,"['VENEZIA', ' PORTO MARGHERA', ' ITPMA', ' MARGHERA']"
359,Spain,VIGO,ESVGO,93,65,75,31,Port,UK Coast & Atlantic,UK Coast & Atlantic,['-']
360,Russia,VLADIVOSTOK,RUVVO,168,55,65,79,Port,CIS Pacific,CIS Pacific,"['VLDV', ' ZALIV VOSTOK', ' VVO']"
361,Netherlands,VLISSINGEN,NLVLI,77,40,49,46,Port,Antwerp Area,UK Coast & Atlantic,['FLUSHING']
362,Netherlands,VOLENDAM,NLVOD,54,45,50,2,Port,North Sea,UK Coast & Atlantic,['-']
363,Vietnam,VUNG TAU,VNVUT,109,98,125,63,Port,South-East Asia,South-East Asia,['VUNGTAU']
364,China,WEIFANG,CNWEF,113,37,38,39,Port,Bohai Sea,North China,['WEI FANG']
365,China,WEIHAI,CNWEI,169,134,179,35,Port,Yellow Sea,North China,['WEI HAI']
366,China,WENZHOU,CNWNZ,119,54,41,73,Port,East China Sea,Central China,"['WEN ZHOU', ' YUHUAN']"
367,Germany,WILHELMSHAVEN,DEWVN,60,15,22,17,Port,North Sea,UK Coast & Atlantic,['JADE WESER']
368,China,XIAMEN,CNXMG,465,162,164,123,Port,East China Sea,South China,"['XIA MEN', ' XIA MEM', ' CN XMN', ' CNXMN']"
369,China,XIANGSHAN,CNXSN,62,16,23,11,Port,East China Sea,Central China,['XIANG SHAN']
370,China,XINHUI,CNXIN,340,73,154,40,Port,South China,South China,['CIVET']
371,China,XINSHA,CNXNA,99,66,70,18,Port,South China,South China,['XIN SHA']
372,China,XIUYU,CNXIU,75,16,20,22,Port,East China Sea,South China,"['XIU YU', ' MEI ZHOU WAN', ' MEIZHOUWAN', ' MEI ZHOU']"
373,Turkey,YALOVA,TRYAL,112,107,105,10,Port,Marmara Sea,Black Sea,['-']
374,China,YANGPU,CNYPG,197,75,76,56,Port,South China,South China,"['YANG PU', ' YANPU']"
375,China,YANGZHOU,CNYZH,945,654,786,47,Port,East China Sea,Central China,['YANG ZHOU']
376,China,YANTAI,CNYTG,271,323,325,114,Port,Bohai Sea,North China,"['YAN TAI', ' CN YNT']"
377,Korea,YEOSU,KRYOS,284,311,353,161,Port,East China Sea,North China,['YOSU']
378,China,YIZHENG,CNYIZ,113,77,106,9,Port,East China Sea,Central China,['YI ZHENG']
379,Japan,YOKOHAMA,JPYOK,128,204,234,113,Port,Japan Coast,Japan Coast,"['NEGISHI', ' YKHAMA']"
380,Netherlands,ZAANDAM,NLZAA,62,33,33,4,Port,North Sea,UK Coast & Atlantic,['-']
381,United Arab Emirates,ZAKUM,-,70,34,35,11,Port,Persian Gulf,Arabian Gulf,"['ZUKUM', ' ZAKUM FIELD', ' ZAKKUM']"
382,Belgium,ZEEBRUGGE,BEZEE,95,41,45,36,Port,North Sea,UK Coast & Atlantic,['-']
383,China,ZHANGJIAGANG,CNZJG,1094,653,608,120,Port,East China Sea,Central China,"['ZHANG JIA GANG', ' ZHANG GIAN GANG', ' ZHAN JIANG']"
384,China,ZHANGZHOU,CNZZU,148,80,84,38,Port,East China Sea,South China,['ZHANG ZHOU']
385,China,ZHANJIANG,CNZHA,550,45,83,105,Port,South China,South China,['ZHAN JIANG']
386,China,ZHAPU,CNZAP,191,143,142,125,Port,East China Sea,Central China,"['ZHA PU', ' HAIYAN', ' HAI YAN', ' JIAXING']"
387,China,ZHENJIANG,CNZHE,321,926,952,119,Port,East China Sea,Central China,"['ZHEN JIANG', ' ZHENG JIANG', ' ZHEN JIAN']"
388,China,ZHONGSHAN,CNZSN,271,146,181,33,Port,South China,South China,['ZHONG SHAN']
389,China,ZHOUSHAN,CNZOS,1064,791,839,463,Port,East China Sea,Central China,"['ZHOU SHAN', ' DINGHAI', ' DING HAI', ' ZHOUSAN']"
390,China,ZHUHAI,CNZUH,109,104,108,62,Port,South China,South China,['ZHU HAI']
