,Country,Port Name,UN Code,Vessels in Port,Departures(Last 24 Hours),Arrivals(Last 24 Hours),Expected Arrivals,Type,Area Local,Area Global,Also known as
0, Netherlands,AMSTERDAM,NLAMS,767,179,228,131,Port,North Sea,UK Coast & Atlantic,['NLAMS']
1, Netherlands, AMSTERDAM
2, Netherlands,  ROTTERDAM WAALHAVEN
3, Netherlands,  ENKHUIZEN
4, Netherlands,  HARLINGEN
5, Netherlands,  ROTTERDAM
6, Netherlands,  DORDRECHT
7, Netherlands,  ROTTERDAM BOTLEK
8, Netherlands,  ROTTERDAM CENTRUM
9, Netherlands,  DEN HELDER
10, Netherlands,  LELYSTAD
11, Netherlands,  ROTTERDAM MAASVLAKTE
12, Netherlands,  IJMUIDEN
13, Netherlands,  MAKKUM
14, Netherlands,  BRUINISSE
15, Netherlands,  LEMMER
16, Netherlands,  HELLEVOETSLUIS
17, Netherlands,  MEDEMBLIK
18, Netherlands,  TERNEUZEN
19, Netherlands,  VLISSINGEN
20, Netherlands,  HOORN
21, Netherlands,  STAVOREN
22, Netherlands,  MONNICKENDAM
23, Netherlands,  LELYSTAD HAVEN
24, Netherlands,  SNEEK
25, Netherlands,  DEN OEVER
26, Netherlands,  DELFZIJL
27, Netherlands,  SCHEVENINGEN
28, Netherlands,  ZAANDAM
29, Netherlands,  MOERDIJK
30, Netherlands,  AMSTERDAM ANCH
31, Netherlands,  ROTTERDAM ANCH
32, Netherlands,  LAUWERSOOG
33, Netherlands,  MUIDERZAND
34, Netherlands,  MAASBRACHT
35, Netherlands,  VOLENDAM
36, Netherlands,  HINDELOOPEN
37, Netherlands,  FLEVO MARINA
38, Netherlands,  STELLENDAM
