,Country,Port Name,UN Code,Vessels in Port,Departures(Last 24 Hours),Arrivals(Last 24 Hours),Expected Arrivals,Type,Area Local,Area Global,Also known as
0, China,SHANGHAI,CNSHG,2420,1376,1626,644,Port,East China Sea,Central China,"['SHANG HAI', ' YANGSHAN', ' CNSHA', ' CNSGH']"
1, China, SHANGHAI
2, China,  NANTONG
3, China,  CJK
4, China,  NANJING
5, China,  JIANGYIN
6, China,  ZHANGJIAGANG
7, China,  ZHOUSHAN
8, China,  YANGZHOU
9, China,  TIANJIN
10, China,  JINZHOU ANCH
11, China,  LANSHAN
12, China,  JINGJIANG
13, China,  QUANZHOU
14, China,  GUANGZHOU
15, China,  HUANGHUA ANCH
16, China,  FANGCHENG
17, China,  ZHANJIANG
18, China,  NINGBO
19, China,  XIAMEN
20, China,  CAOFEIDIAN
21, China,  LIANYUNGANG
22, China,  SHIDAO
23, China,  QINGDAO
24, China,  CHANGZHOU
25, China,  XINHUI
26, China,  MINHANG
27, China,  ZHENJIANG
28, China,  TAIZHOU
29, China,  TAICANG
30, China,  LAIZHOU BAY
31, China,  TIANJIN ANCH
32, China,  PINGTAN
33, China,  YANTAI
34, China,  ZHONGSHAN
35, China,  DALIAN
36, China,  RIZHAO
37, China,  QINZHOU
38, China,  QINHUANGDAO
39, China,  LONGKOU
40, China,  NINGBO ANCH
41, China,  HUANGHUA
42, China,  DONG GUAN
43, China,  NANTONG ANCH
44, China,  WENZHOU ANCH
45, China,  HUIZHOU
46, China,  MAJISHAN
47, China,  YANGPU
48, China,  ZHAPU
49, China,  NANSHA
50, China,  FULING
51, China,  CHANGSHU
52, China,  GAOGANG
53, China,  NINGDE ANCH
54, China,  WEIHAI
55, China,  JINGTANG ANCH
56, China,  LIUHENG
57, China,  TONGLING
58, China,  MEIZHOU ISLAND
59, China,  NANSHA ANCH
60, China,  LANSHAN ANCH
61, China,  LIANYUNGANG ANCH
62, China,  ZHANGZHOU
63, China,  HUANGPU
64, China,  JIANGYIN ANCH
65, China,  TAICANG ANCH
66, China,  QINHUANGDAO ANCH
67, China,  BEIHAI
68, China,  RIZHAO ANCH
69, China,  QUANZHOU ANCH
70, China,  CHONGQING
71, China,  HUANGPU ANCH
72, China,  ZHUJIAN KOU ANCH
73, China,  WENZHOU
74, China,  HUMEN
75, China,  ZHOUSHAN ANCH
76, China,  LONGHAI
77, China,  JINZHOU
78, China,  WEIFANG
79, China,  YIZHENG
80, China,  ZHUHAI
81, China,  CAOFEIDIAN ANCH
82, China,  YANTAI ANCH
83, China,  BAYUQUAN
84, China,  XINSHA
85, China,  SHEKOU
86, China,  HONGWAN
87, China,  DALIAN ANCH
88, China,  BAYUQUAN ANCH
89, China,  QUSHAN
90, China,  DONGYING
91, China,  LUOYUAN
92, China,  CHENJIAGANG
93, China,  SANYA
94, China,  SANSHAN
95, China,  SONGMEN
96, China,  JINGTANG
97, China,  XIAMEN ANCH
98, China,  DONGJIAKOU
99, China,  HUIZHOU ANCH
100, China,  JIMIYA
101, China,  FANGCHENG ANCH
102, China,  XIUYU
103, China,  TAIXING
104, China,  NINGDE
105, China,  SHENZHEN
106, China,  JINTANG
107, China,  LAIZHOU
108, China,  CHANGSHU ANCH
109, China,  QINGDAO ANCH
110, China,  HUANGGE
111, China,  QIDONG
112, China,  CHANGXINDAO
113, China,  ZHANJIANG ANCH
114, China,  XIANGSHAN
115, China,  LIJIANG
116, China,  HAIKOU
117, China,  CHEK LAP KOK
118, China,  LUSHUN
119, China,  LIAN JIANG
120, China,  BINZHOU
121, China,  FUZHOU
122, China,  PENGLAI
