,Country,Port Name,UN Code,Vessels in Port,Departures(Last 24 Hours),Arrivals(Last 24 Hours),Expected Arrivals,Type,Area Local,Area Global,Also known as
0, Germany,HAMBURG,DEHAM,389,69,83,72,Port,Elbe River,UK Coast & Atlantic,['DEHBU']
1, Germany, HAMBURG
2, Germany,  ROSTOCK
3, Germany,  BREMERHAVEN
4, Germany,  KIEL
5, Germany,  CUXHAVEN
6, Germany,  BERLIN
7, Germany,  DUISBURG
8, Germany,  HEILIGENHAFEN
9, Germany,  BREMEN
10, Germany,  NEUSTADT
11, Germany,  NORD-OSTSEE-KANAL
12, Germany,  WILHELMSHAVEN
13, Germany,  TRAVEMUNDE
14, Germany,  LUBECK
15, Germany,  EMDEN
16, Germany,  LABOE
