,Country,Port Name,UN Code,Vessels in Port,Departures(Last 24 Hours),Arrivals(Last 24 Hours),Expected Arrivals,Type,Area Local,Area Global,Also known as
0, USA,FORT LAUDERDALE,USFLL,491,21,41,5,Port,US East Coast,US East Coast,"['FT LAUDERDALE', ' LAUDERDALE', ' FTLAUDERDALE']"
1, USA, FORT LAUDERDALE
2, USA,  SEATTLE
3, USA,  HOUSTON
4, USA,  SAN DIEGO
5, USA,  NEW YORK
6, USA,  NEW ORLEANS
7, USA,  MIAMI
8, USA,  ANACORTES
9, USA,  NORFOLK
10, USA,  FOURCHON
11, USA,  MARINA DEL REY
12, USA,  NEWPORT
13, USA,  NEWPORT BEACH
14, USA,  CHARLESTON
15, USA,  LOS ANGELES
16, USA,  GALVESTON
17, USA,  SHILSHOLE
18, USA,  BOSTON
19, USA,  PORTLAND OR
20, USA,  TACOMA
21, USA,  PALM BEACH
22, USA,  LONG BEACH
23, USA,  BALTIMORE
24, USA,  LAKE CHARLES
25, USA,  BELLINGHAM
26, USA,  HONOLULU
27, USA,  EVERETT
28, USA,  PORTLAND ME
29, USA,  HOUSTON ANCH
30, USA,  OAKLAND
31, USA,  CHANNEL ISLANDS
32, USA,  GIG HARBOR
33, USA,  PORT ARTHUR
34, USA,  CHICAGO
35, USA,  TAMPA
36, USA,  JACKSONVILLE
37, USA,  CORPUS CHRISTI
38, USA,  MARINA PLAZA HARBOR
39, USA,  WATERFORD HARBOR
40, USA,  ALAMITOS BAY
41, USA,  MOBILE
42, USA,  KODIAK
43, USA,  NEW BEDFORD
44, USA,  AVENTURA
45, USA,  PORT EVERGLADES
