,Country,Port Name,UN Code,Vessels in Port,Departures(Last 24 Hours),Arrivals(Last 24 Hours),Expected Arrivals,Type,Area Local,Area Global,Also known as
0, United Arab Emirates,DUBAI,AEDXB,247,35,56,25,Port,Dubai Area,Arabian Gulf,"['PORTRASHID', ' PORT RASHID', ' DMC']"
1, United Arab Emirates, DUBAI
2, United Arab Emirates,  FUJAIRAH ANCH
3, United Arab Emirates,  FUJAIRAH
4, United Arab Emirates,  MUSAFFAH
5, United Arab Emirates,  SHARJAH ANCH
6, United Arab Emirates,  SHARJAH
7, United Arab Emirates,  ZAKUM
8, United Arab Emirates,  JEBEL ALI
9, United Arab Emirates,  HAMRIYA
10, United Arab Emirates,  KHOR FAKKAN ANCH
