,Country,Port Name,UN Code,Vessels in Port,Departures(Last 24 Hours),Arrivals(Last 24 Hours),Expected Arrivals,Type,Area Local,Area Global,Also known as
0, United Kingdom,PLYMOUTH,GBPLY,168,40,72,9,Port,English Channel,UK Coast & Atlantic,['-']
1, United Kingdom, PLYMOUTH
2, United Kingdom,  GOSPORT
3, United Kingdom,  SOUTHAMPTON
4, United Kingdom,  LYMINGTON
5, United Kingdom,  MERCURY
6, United Kingdom,  LONDON
7, United Kingdom,  FALMOUTH
8, United Kingdom,  HAMBLE POINT
9, United Kingdom,  COWES
10, United Kingdom,  GRIMSBY
11, United Kingdom,  LOWESTOFT
12, United Kingdom,  POOLE
13, United Kingdom,  SOLENT
14, United Kingdom,  PORTLAND UK
15, United Kingdom,  PORT HAMBLE
16, United Kingdom,  LIVERPOOL
