,Country,Port Name,UN Code,Vessels in Port,Departures(Last 24 Hours),Arrivals(Last 24 Hours),Expected Arrivals,Type,Area Local,Area Global,Also known as
0, Spain,PALMA DE MALLORCA,ESPMI,276,73,76,15,Port,Balearic Sea,West Mediterranean,"['PALMA', ' MALLORCA']"
1, Spain, PALMA DE MALLORCA
2, Spain,  VALENCIA
3, Spain,  BARCELONA
4, Spain,  LAS PALMAS
5, Spain,  VIGO
6, Spain,  DENIA
7, Spain,  CADIZ
8, Spain,  CARTAGENA
9, Spain,  IBIZA
10, Spain,  ALGECIRAS
11, Spain,  TARRAGONA
12, Spain,  TORREVIEJA
13, Spain,  CORUNA
