,Country,Port Name,UN Code,Vessels in Port,Departures(Last 24 Hours),Arrivals(Last 24 Hours),Expected Arrivals,Type,Area Local,Area Global,Also known as
0, Australia,SYDNEY,AUSYD,139,303,306,27,Port,Coral Sea,East Australia,['-']
1, Australia, SYDNEY
2, Australia,  DARWIN
3, Australia,  BRISBANE
4, Australia,  CORAL SEA MARINA
5, Australia,  MANLY HARBOUR
6, Australia,  PORT HEDLAND
7, Australia,  GLADSTONE
8, Australia,  FREMANTLE
9, Australia,  HOPE ISLAND
10, Australia,  MELBOURNE
11, Australia,  CAIRNS
12, Australia,  TOWNSVILLE
13, Australia,  SOUTHPORT QLD
