,Country,Port Name,UN Code,Vessels in Port,Departures(Last 24 Hours),Arrivals(Last 24 Hours),Expected Arrivals,Type,Area Local,Area Global,Also known as
0, Turkey,ISTANBUL,TRIST,486,455,496,73,Canal,Marmara Sea,Black Sea,"['BOSPORUS', ' BOSPHORUS', ' TURKEY']"
1, Turkey, ISTANBUL
2, Turkey,  BODRUM
3, Turkey,  ISTANBUL ANCH
4, Turkey,  GOCEK
5, Turkey,  TUZLA
6, Turkey,  YALOVA
7, Turkey,  FETHIYE
8, Turkey,  CANAKKALE
9, Turkey,  ISKENDERUN
10, Turkey,  TUZLA ANCH
11, Turkey,  NEMRUT
