,Country,Port Name,UN Code,Vessels in Port,Departures(Last 24 Hours),Arrivals(Last 24 Hours),Expected Arrivals,Type,Area Local,Area Global,Also known as
0, Korea,BUSAN,KRPUS,438,362,351,252,Port,North China,North China,"['PUSAN', ' PUNSAN', ' KR BUS', ' BUZAN']"
1, Korea, BUSAN
2, Korea,  INCHEON
3, Korea,  ULSAN
4, Korea,  YEOSU
5, Korea,  MOKPO
6, Korea,  PYEONGTAEK
7, Korea,  GWANGYANG
8, Korea,  POHANG
9, Korea,  DAESAN
10, Korea,  BUSAN NEW PORT
11, Korea,  GOHYEON
12, Korea,  YEOSU ANCH
13, Korea,  TONGYEONG
14, Korea,  SAMCHEONPO
15, Korea,  ONSAN
