,Country,Port Name,UN Code,Vessels in Port,Departures(Last 24 Hours),Arrivals(Last 24 Hours),Expected Arrivals,Type,Area Local,Area Global,Also known as
0, Russia,ST PETERSBURG,RULED,201,43,41,63,Port,Finland Gulf,"Inland, Russia","['SANKT PETERSBURG', ' SAINT PETERSBURG', ' SANKT PETERBURG', ' SPB']"
1, Russia, ST PETERSBURG
2, Russia,  VLADIVOSTOK
3, Russia,  MURMANSK
4, Russia,  NOVOROSSIYSK
5, Russia,  KAVKAZ SOUTH ANCH
6, Russia,  ASTRAKHAN
7, Russia,  MOSCOW
8, Russia,  PETROPAVLOVSK
9, Russia,  ARKHANGELSK
10, Russia,  ROSTOV-ON-DON
11, Russia,  UST-LUGA
12, Russia,  NAKHODKA
