{
    "legacies": [
        {
            "id": "dancer",
            "label": "The Dancer",
            "description": "I am young and I am strong and for a time yet I will be beautiful.",
            "startdescription": "Tonight I begin in the chorus line at the Gaiety Theatre, where the lights are bright and the eyes are watchful.",
            "effects": {
                "passion": 1,
                "health": 2,
                "legacydancerjob": 1
            },
            "image": "dancer",
            "fromending": "workvictory",
            "availableWithoutEndingMatch": true,
            "startingverbid": "work",
            "newstart": true
        }
    ]
}