{
    "elements": [
        {
            "id": "paintingmansus",
            "label": "A Painting of the Outer Mansus",
            "description": "Staircases rise in grey rainbows; windows wait.",
            "aspects": {
                "knock": 1,
                "lantern": 1
            }
        },
        {
            "id": "overexposure",
            "label": "Overexposure",
            "description": "All audiences are fickle.",
            "lifetime": 1,
            "decayTo": "funds"
        }
    ]
}