{
    "elements": [
        {
            "id": "textbookreason",
            "label": "A Collection of Essays",
            "aspects": {
                "text": 1,
                "auctionable": 1
            },
            "description": "If the mind is a blade, this is a whetstone. [Study to gain an Erudition: Lesson Learnt, which you may be able to use to increase Reason.]"
        },
        {
            "id": "textbookpassion",
            "label": "A Collection of Poetry",
            "aspects": {
                "text": 1,
                "auctionable": 1
            },
            "description": "'The poet makes himself a seer by an immense, long, deliberate derangement of all the senses...' The opposite of wisdom, thankfully. [Study to gain a Glimmering: Lesson Learnt, which you may be able to use to increase Passion.]"
        },
        {
            "id": "genericrubbishbook",
            "label": "Something something DEEP MYSTERIES something",
            "aspects": {
                "text": 1,
                "auctionable": 1
            },
            "description": "A dreadful soufflé of half-digested rumour about the 'Secret Worlds' and the irrelevance of contemporary morality, including a catalogue of unlikely, and probably invented, debaucheries. [If I've bought this from a shop, it probably means there is nothing else of interest left in stock.]."
        }
    ]
}