{
    "elements": [
        {
            "id": "commissionarticlesecrethistory",
            "label": "Commission: Secret Histories",
            "aspects": {},
            "description": "I must CHANGE",
            "lifetime": 1,
            "decayTo": "commissionarticlesecrethistories",
            "noartneeded": true
        },
        {
            "id": "commissionarticlesecrethistoryb",
            "label": "Commission: Secret Histories",
            "aspects": {},
            "description": "I must CHANGE",
            "lifetime": 1,
            "decayTo": "commissionarticlesecrethistoriesb",
            "noartneeded": true
        },
        {
            "id": "commissionarticlesecrethistoryc",
            "label": "Commission: Secret Histories",
            "aspects": {},
            "description": "I must CHANGE",
            "lifetime": 1,
            "decayTo": "commissionarticlesecrethistoriesc",
            "noartneeded": true
        },
        {
            "id": "commissionarticlesecrethistories",
            "label": "Commission: Secret Histories",
            "aspects": {
                "commission": 1,
                "job": 1
            },
            "description": "Dr Ibn al-Adim, called the Aleppine, has offered you a commission. He would like you to provide him with any information you can assemble on the secret histories of the world. [You'll need a matching Lore fragment of at least level 2 to complete this commission.]",
            "slots": [
                {
                    "id": "lore",
                    "label": "Lore",
                    "required": {
                        "lore": 1
                    },
                    "actionid": "work"
                },
                {
                    "id": "reason1",
                    "label": "Reason",
                    "required": {
                        "reason": 1
                    },
                    "actionid": "work"
                }
            ],
            "xtriggers": {
                "commissionfulfilled": "compensation"
            }
        },
        {
            "id": "commissionarticlesecrethistoriesb",
            "label": "Commission: Secret Histories (Substantial)",
            "aspects": {
                "commission": 1,
                "job": 1
            },
            "description": "Dr Ibn al-Adim, called the Aleppine, has offered you a commission. He's looking for a Substantial treatise on the secret histories of the world. [You'll need a matching Lore fragment of at least level 4 to complete this commission.]",
            "slots": [
                {
                    "id": "lore",
                    "label": "Lore",
                    "required": {
                        "lore": 1
                    },
                    "actionid": "work"
                },
                {
                    "id": "reason1",
                    "label": "Reason",
                    "required": {
                        "reason": 1
                    },
                    "actionid": "work"
                }
            ],
            "xtriggers": {
                "commissionfulfilled": "compensationb"
            }
        },
        {
            "id": "commissionarticlesecrethistoriesc",
            "label": "Commission: Secret Histories (Very Substantial)",
            "aspects": {
                "commission": 1,
                "job": 1
            },
            "description": "Dr Ibn al-Adim, called the Aleppine, has offered you a commission. He's looking for particularly obscure information on the secret histories of the world. [You'll need a matching Lore fragment of at least level 6 to complete this commission.]",
            "slots": [
                {
                    "id": "lore",
                    "label": "Lore",
                    "required": {
                        "lore": 1
                    },
                    "actionid": "work"
                },
                {
                    "id": "reason1",
                    "label": "Reason",
                    "required": {
                        "reason": 1
                    },
                    "actionid": "work"
                },
                {
                    "id": "reason2",
                    "label": "Reason",
                    "required": {
                        "reason": 1
                    },
                    "actionid": "work"
                }
            ],
            "xtriggers": {
                "commissionfulfilled": "compensationc"
            }
        },
        {
            "id": "commissionarticlelantern",
            "label": "Commission: Lantern",
            "aspects": {
                "commission": 1,
                "job": 1
            },
            "description": "Dr Ibn al-Adim, called the Aleppine, has offered you a commission. He would like you to provide him with any information you can assemble on the severe mysteries of the Lantern. [You'll need a matching Lore fragment of at least level 2 to complete this commission.]",
            "slots": [
                {
                    "id": "lore",
                    "label": "Lore",
                    "required": {
                        "lore": 1
                    },
                    "actionid": "work"
                },
                {
                    "id": "reason1",
                    "label": "Reason",
                    "required": {
                        "reason": 1
                    },
                    "actionid": "work"
                }
            ],
            "xtriggers": {
                "commissionfulfilled": "compensation"
            }
        },
        {
            "id": "commissionarticlelanternb",
            "label": "Commission: Lantern (Substantial)",
            "aspects": {
                "commission": 1,
                "job": 1
            },
            "description": "Dr Ibn al-Adim, called the Aleppine, has offered you a commission. He would like you to provide him with a Substantial discussion of the severe mysteries of the Lantern. [You'll need a matching Lore fragment of at least level 4 to complete this commission.]",
            "slots": [
                {
                    "id": "lore",
                    "label": "Lore",
                    "required": {
                        "lore": 1
                    },
                    "actionid": "work"
                },
                {
                    "id": "reason1",
                    "label": "Reason",
                    "required": {
                        "reason": 1
                    },
                    "actionid": "work"
                }
            ],
            "xtriggers": {
                "commissionfulfilled": "compensationb"
            }
        },
        {
            "id": "commissionarticlelanternc",
            "label": "Commission: Lantern (Very Substantial)",
            "aspects": {
                "commission": 1,
                "job": 1
            },
            "description": "Dr Ibn al-Adim, called the Aleppine, has offered you a commission. He would like you to provide him with an Very Substantial investigation of the severe mysteries of the Lantern. [You'll need a matching Lore fragment of at least level 6 to complete this commission.]",
            "slots": [
                {
                    "id": "lore",
                    "label": "Lore",
                    "required": {
                        "lore": 1
                    },
                    "actionid": "work"
                },
                {
                    "id": "reason1",
                    "label": "Reason",
                    "required": {
                        "reason": 1
                    },
                    "actionid": "work"
                },
                {
                    "id": "reason2",
                    "label": "Reason",
                    "required": {
                        "reason": 1
                    },
                    "actionid": "work"
                }
            ],
            "xtriggers": {
                "commissionfulfilled": "compensationc"
            }
        },
        {
            "id": "commissionarticleforge",
            "label": "Commission: Forge",
            "aspects": {
                "commission": 1,
                "job": 1
            },
            "description": "Mme Olympe Bechet is seeking suitable articles for the 'Kerisham Review'. She'd like something inspired by the principle of the Forge. [You'll need a matching Lore fragment of at least level 2 to complete this commission.]",
            "slots": [
                {
                    "id": "lore",
                    "label": "Lore",
                    "required": {
                        "lore": 1
                    },
                    "actionid": "work"
                },
                {
                    "id": "reason1",
                    "label": "Reason",
                    "required": {
                        "reason": 1
                    },
                    "actionid": "work"
                }
            ],
            "xtriggers": {
                "commissionfulfilled": "compensation"
            }
        },
        {
            "id": "commissionarticleforgeb",
            "label": "Commission: Forge (Substantial)",
            "aspects": {
                "commission": 1,
                "job": 1
            },
            "description": "Mme Olympe Bechet is seeking suitable articles for the 'Kerisham Review'. She'd like something more Substantial on the Forge. [You'll need a matching Lore fragment of at least level 4 to complete this commission.]",
            "slots": [
                {
                    "id": "lore",
                    "label": "Lore",
                    "required": {
                        "lore": 1
                    },
                    "actionid": "work"
                },
                {
                    "id": "reason1",
                    "label": "Reason",
                    "required": {
                        "reason": 1
                    },
                    "actionid": "work"
                }
            ],
            "xtriggers": {
                "commissionfulfilled": "compensationb"
            }
        },
        {
            "id": "commissionarticleforgec",
            "label": "Commission: Forge (Very Substantial)",
            "aspects": {
                "commission": 1,
                "job": 1
            },
            "description": "Mme Olympe Bechet is seeking suitable articles for the 'Kerisham Review'. She'd like something Very Substantial, or indeed intense, on the change and the suffering the Forge brings. [You'll need a matching Lore fragment of at least level 6 to complete this commission.]",
            "slots": [
                {
                    "id": "lore",
                    "label": "Lore",
                    "required": {
                        "lore": 1
                    },
                    "actionid": "work"
                },
                {
                    "id": "reason1",
                    "label": "Reason",
                    "required": {
                        "reason": 1
                    },
                    "actionid": "work"
                },
                {
                    "id": "reason2",
                    "label": "Reason",
                    "required": {
                        "reason": 1
                    },
                    "actionid": "work"
                }
            ],
            "xtriggers": {
                "commissionfulfilled": "compensationc"
            }
        },
        {
            "id": "commissionarticlegrail",
            "label": "Commission: Grail",
            "aspects": {
                "commission": 1,
                "job": 1
            },
            "description": "Mme Olympe Bechet is seeking suitable articles for the 'Kerisham Review'. She would like something titillating about the Red Grail. [You'll need a matching Lore fragment of at least level 2 to complete this commission.]",
            "slots": [
                {
                    "id": "lore",
                    "label": "Lore",
                    "required": {
                        "lore": 1
                    },
                    "actionid": "work"
                },
                {
                    "id": "reason1",
                    "label": "Reason",
                    "required": {
                        "reason": 1
                    },
                    "actionid": "work"
                }
            ],
            "xtriggers": {
                "commissionfulfilled": "compensation"
            }
        },
        {
            "id": "commissionarticlegrailb",
            "label": "Commission: Grail (Substantial)",
            "aspects": {
                "commission": 1,
                "job": 1
            },
            "description": "Mme Olympe Bechet is seeking suitable articles for the 'Kerisham Review'. She's interested in a more Substantial response to the Red Grail and its allure. [You'll need a matching Lore fragment of at least level 4 to complete this commission.]",
            "slots": [
                {
                    "id": "lore",
                    "label": "Lore",
                    "required": {
                        "lore": 1
                    },
                    "actionid": "work"
                },
                {
                    "id": "reason1",
                    "label": "Reason",
                    "required": {
                        "reason": 1
                    },
                    "actionid": "work"
                }
            ],
            "xtriggers": {
                "commissionfulfilled": "compensationb"
            }
        },
        {
            "id": "commissionarticlegrailc",
            "label": "Commission: Grail (Very Substantial)",
            "aspects": {
                "commission": 1,
                "job": 1
            },
            "description": "Mme Olympe Bechet is seeking suitable articles for the 'Kerisham Review'. She wants something Very Substantial and 'unflinching' on the Red Grail. [You'll need a matching Lore fragment of at least level 6 to complete this commission.]",
            "slots": [
                {
                    "id": "lore",
                    "label": "Lore",
                    "required": {
                        "lore": 1
                    },
                    "actionid": "work"
                },
                {
                    "id": "reason1",
                    "label": "Reason",
                    "required": {
                        "reason": 1
                    },
                    "actionid": "work"
                },
                {
                    "id": "passion1",
                    "label": "Passion",
                    "required": {
                        "passion": 1
                    },
                    "actionid": "work"
                }
            ],
            "xtriggers": {
                "commissionfulfilled": "compensationc"
            }
        },
        {
            "id": "commissionarticlemoth",
            "label": "Commission: Moth",
            "aspects": {
                "commission": 1,
                "job": 1
            },
            "description": "Mme Olympe Bechet is seeking suitable articles for the 'Kerisham Review'. In particular, she wants something suitably intriguing about the principle called Moth. [You'll need a matching Lore fragment of at least level 2 to complete this commission.]",
            "slots": [
                {
                    "id": "lore",
                    "label": "Lore",
                    "required": {
                        "lore": 1
                    },
                    "actionid": "work"
                },
                {
                    "id": "reason1",
                    "label": "Reason",
                    "required": {
                        "reason": 1
                    },
                    "actionid": "work"
                }
            ],
            "xtriggers": {
                "commissionfulfilled": "compensation"
            }
        },
        {
            "id": "commissionarticlemothb",
            "label": "Commission: Moth (Substantial)",
            "aspects": {
                "commission": 1,
                "job": 1
            },
            "description": "Mme Olympe Bechet is seeking suitable articles for the 'Kerisham Review'. She wants a Substantially enigmatic piece on Moth. [You'll need a matching Lore fragment of at least level 4 to complete this commission.]",
            "slots": [
                {
                    "id": "lore",
                    "label": "Lore",
                    "required": {
                        "lore": 1
                    },
                    "actionid": "work"
                },
                {
                    "id": "reason1",
                    "label": "Reason",
                    "required": {
                        "reason": 1
                    },
                    "actionid": "work"
                }
            ],
            "xtriggers": {
                "commissionfulfilled": "compensationb"
            }
        },
        {
            "id": "commissionarticlemothc",
            "label": "Commission: Moth (Very Substantial)",
            "aspects": {
                "commission": 1,
                "job": 1
            },
            "description": "Mme Olympe Bechet is seeking suitable articles for the 'Kerisham Review'. She'd like an Very Substantial elaboration of Moth and its enigmas. [You'll need a matching Lore fragment of at least level 6 to complete this commission.]",
            "slots": [
                {
                    "id": "lore",
                    "label": "Lore",
                    "required": {
                        "lore": 1
                    },
                    "actionid": "work"
                },
                {
                    "id": "reason1",
                    "label": "Reason",
                    "required": {
                        "reason": 1
                    },
                    "actionid": "work"
                },
                {
                    "id": "passion1",
                    "label": "Passion",
                    "required": {
                        "passion": 1
                    },
                    "actionid": "work"
                }
            ],
            "xtriggers": {
                "commissionfulfilled": "compensationc"
            }
        },
        {
            "id": "commissionarticleheart",
            "label": "Commission: Heart",
            "aspects": {
                "commission": 1,
                "job": 1
            },
            "description": "The Count will pay for information of interest. This time, he'd like some notes on the corporal mysteries of the Heart. [You'll need a matching Lore fragment of at least level 2 to complete this commission.]",
            "slots": [
                {
                    "id": "lore",
                    "label": "Lore",
                    "required": {
                        "lore": 1
                    },
                    "actionid": "work"
                },
                {
                    "id": "reason1",
                    "label": "Reason",
                    "required": {
                        "reason": 1
                    },
                    "actionid": "work"
                }
            ],
            "xtriggers": {
                "commissionfulfilled": "compensation"
            }
        },
        {
            "id": "commissionarticleheartb",
            "label": "Commission: Heart (Substantial)",
            "aspects": {
                "commission": 1,
                "job": 1
            },
            "description": "The Count will pay for information of interest. This time, he'd like Substantial research on the corporal mysteries of the Heart. [You'll need a matching Lore fragment of at least level 4 to complete this commission.]",
            "slots": [
                {
                    "id": "lore",
                    "label": "Lore",
                    "required": {
                        "lore": 1
                    },
                    "actionid": "work"
                },
                {
                    "id": "reason1",
                    "label": "Reason",
                    "required": {
                        "reason": 1
                    },
                    "actionid": "work"
                }
            ],
            "xtriggers": {
                "commissionfulfilled": "compensationb"
            }
        },
        {
            "id": "commissionarticleheartc",
            "label": "Commission: Heart (Very Substantial)",
            "aspects": {
                "commission": 1,
                "job": 1
            },
            "description": "The Count will pay for information of interest. This time, he'd like Very Substantial research on the corporal mysteries of the Heart.[You'll need a matching Lore fragment of at least level 6 to complete this commission.]",
            "slots": [
                {
                    "id": "lore",
                    "label": "Lore",
                    "required": {
                        "lore": 1
                    },
                    "actionid": "work"
                },
                {
                    "id": "reason1",
                    "label": "Reason",
                    "required": {
                        "reason": 1
                    },
                    "actionid": "work"
                },
                {
                    "id": "passion1",
                    "label": "Passion",
                    "required": {
                        "passion": 1
                    },
                    "actionid": "work"
                }
            ],
            "xtriggers": {
                "commissionfulfilled": "compensationc"
            }
        },
        {
            "id": "commissionarticleedge",
            "label": "Commission: Edge",
            "aspects": {
                "commission": 1,
                "job": 1
            },
            "description": "The Count will pay for information of interest. This time, he'd like whatever you can assemble on the practices of the Edge. [You'll need a matching Lore fragment of at least level 2 to complete this commission.]",
            "slots": [
                {
                    "id": "lore",
                    "label": "Lore",
                    "required": {
                        "lore": 1
                    },
                    "actionid": "work"
                },
                {
                    "id": "reason1",
                    "label": "Reason",
                    "required": {
                        "reason": 1
                    },
                    "actionid": "work"
                }
            ],
            "xtriggers": {
                "commissionfulfilled": "compensation"
            }
        },
        {
            "id": "commissionarticleedgeb",
            "label": "Commission: Edge (Substantial)",
            "aspects": {
                "commission": 1,
                "job": 1
            },
            "description": "The Count will pay for information of interest. This time, he'd like Substantial notes on the practices of the Edge. [You'll need a matching Lore fragment of at least level 4 to complete this commission.]",
            "slots": [
                {
                    "id": "lore",
                    "label": "Lore",
                    "required": {
                        "lore": 1
                    },
                    "actionid": "work"
                },
                {
                    "id": "reason1",
                    "label": "Reason",
                    "required": {
                        "reason": 1
                    },
                    "actionid": "work"
                }
            ],
            "xtriggers": {
                "commissionfulfilled": "compensationb"
            }
        },
        {
            "id": "commissionarticleedgec",
            "label": "Commission: Edge (Very Substantial)",
            "aspects": {
                "commission": 1,
                "job": 1
            },
            "description": "The Count will pay for information of interest. This time, he'd like an Very Substantial work on the practices of the Edge. [You'll need a matching Lore fragment of at least level 6 to complete this commission.]",
            "slots": [
                {
                    "id": "lore",
                    "label": "Lore",
                    "required": {
                        "lore": 1
                    },
                    "actionid": "work"
                },
                {
                    "id": "reason1",
                    "label": "Reason",
                    "required": {
                        "reason": 1
                    },
                    "actionid": "work"
                },
                {
                    "id": "reason2",
                    "label": "Reason",
                    "required": {
                        "reason": 1
                    },
                    "actionid": "work"
                }
            ],
            "xtriggers": {
                "commissionfulfilled": "compensationc"
            }
        },
        {
            "id": "commissionarticleknock",
            "label": "Commission: Knock",
            "aspects": {
                "commission": 1,
                "job": 1
            },
            "description": "Poppy will pay for information of interest. This time, she'd like some notes on the corporal mysteries of Knock. [You'll need a matching Lore fragment of at least level 2 to complete this commission.]",
            "slots": [
                {
                    "id": "lore",
                    "label": "Lore",
                    "required": {
                        "lore": 1
                    },
                    "actionid": "work"
                },
                {
                    "id": "reason1",
                    "label": "Reason",
                    "required": {
                        "reason": 1
                    },
                    "actionid": "work"
                }
            ],
            "xtriggers": {
                "commissionfulfilled": "compensation"
            }
        },
        {
            "id": "commissionarticleknockb",
            "label": "Commission: Knock (Substantial)",
            "aspects": {
                "commission": 1,
                "job": 1
            },
            "description": "Poppy will pay for information of interest. This time, she'd like Substantial research on the corporal mysteries of Knock. [You'll need a matching Lore fragment of at least level 4 to complete this commission.]",
            "slots": [
                {
                    "id": "lore",
                    "label": "Lore",
                    "required": {
                        "lore": 1
                    },
                    "actionid": "work"
                },
                {
                    "id": "reason1",
                    "label": "Reason",
                    "required": {
                        "reason": 1
                    },
                    "actionid": "work"
                }
            ],
            "xtriggers": {
                "commissionfulfilled": "compensationb"
            }
        },
        {
            "id": "commissionarticleknockc",
            "label": "Commission: Knock (Very Substantial)",
            "aspects": {
                "commission": 1,
                "job": 1
            },
            "description": "Poppy will pay for information of interest. This time, she'd like Very Substantial research on the corporal mysteries of Knock. [You'll need a matching Lore fragment of at least level 6 to complete this commission.]",
            "slots": [
                {
                    "id": "lore",
                    "label": "Lore",
                    "required": {
                        "lore": 1
                    },
                    "actionid": "work"
                },
                {
                    "id": "reason1",
                    "label": "Reason",
                    "required": {
                        "reason": 1
                    },
                    "actionid": "work"
                },
                {
                    "id": "reason2",
                    "label": "Reason",
                    "required": {
                        "reason": 1
                    },
                    "actionid": "work"
                }
            ],
            "xtriggers": {
                "commissionfulfilled": "compensationc"
            }
        },
        {
            "id": "commissionarticlewinter",
            "label": "Commission: Winter",
            "aspects": {
                "commission": 1,
                "job": 1
            },
            "description": "Poppy will pay for information of interest. This time, she'd like some notes on the corporal mysteries of Winter. [You'll need a matching Lore fragment of at least level 2 to complete this commission.]",
            "slots": [
                {
                    "id": "lore",
                    "label": "Lore",
                    "required": {
                        "lore": 1
                    },
                    "actionid": "work"
                },
                {
                    "id": "reason1",
                    "label": "Reason",
                    "required": {
                        "reason": 1
                    },
                    "actionid": "work"
                }
            ],
            "xtriggers": {
                "commissionfulfilled": "compensation"
            }
        },
        {
            "id": "commissionarticlewinterb",
            "label": "Commission: Winter (Substantial)",
            "aspects": {
                "commission": 1,
                "job": 1
            },
            "description": "Poppy will pay for information of interest. This time, she'd like Substantial research on the corporal mysteries of Winter. [You'll need a matching Lore fragment of at least level 4 to complete this commission.]",
            "slots": [
                {
                    "id": "lore",
                    "label": "Lore",
                    "required": {
                        "lore": 1
                    },
                    "actionid": "work"
                },
                {
                    "id": "reason1",
                    "label": "Reason",
                    "required": {
                        "reason": 1
                    },
                    "actionid": "work"
                }
            ],
            "xtriggers": {
                "commissionfulfilled": "compensationb"
            }
        },
        {
            "id": "commissionarticlewinterc",
            "label": "Commission: Winter (Very Substantial)",
            "aspects": {
                "commission": 1,
                "job": 1
            },
            "description": "Poppy will pay for information of interest. This time, she'd like Very Substantial research on the corporal mysteries of Winter. [You'll need a matching Lore fragment of at least level 6 to complete this commission.]",
            "slots": [
                {
                    "id": "lore",
                    "label": "Lore",
                    "required": {
                        "lore": 1
                    },
                    "actionid": "work"
                },
                {
                    "id": "reason1",
                    "label": "Reason",
                    "required": {
                        "reason": 1
                    },
                    "actionid": "work"
                },
                {
                    "id": "reason2",
                    "label": "Reason",
                    "required": {
                        "reason": 1
                    },
                    "actionid": "work"
                }
            ],
            "xtriggers": {
                "commissionfulfilled": "compensationc"
            }
        }
    ]
}