﻿{
	"elements": [
		{
			"id": "credits.designwritingcoding",
			"label": "Design, Writing, Coding",
			"description": "Alexis Kennedy",
			"icon": "rarity.moth"
		},
		{
			"id": "credits.productionmarketingbiz",
			"label": "Production, Marketing, Biz",
			"description": "Lottie Bevan",
			"icon": "enid_r"

		},
		{
			"id": "credits.ui",
			"label": "UI Design and Coding",
			"description": "Martin Nerurkar",
			"icon": "city.munich"
		},
		{
			"id": "credits.art",
			"label": "Art",
			"icon": "vaultlandbeyondforest4",
			"description": "Catherine Unger\nLottie Bevan\nClockwork Cuckoo\nSarah Gordon"
		},
		{
			"id": "credits.music",
			"label": "Music",
			"icon": "tranquillity",
			"description": "Maribeth Solomon\nBrent Barkman\nMicky Erbe\nfor Mickymar Productions Ltd."
		},
		{
			"id": "credits.audio",
			"label": "Audio",
			"icon": "toolheartd",
			"description": "Soundcuts"
		},
		{
			"id": "credits.moarwrite",
			"label": "Additional Writing",
			"icon": "sixlettersonnecessity",
			"description": "Lottie Bevan"
		},
		{
			"id": "credits.moarcode",
			"label": "Additional Coding",
			"icon": "reason",
			"description": "Chris Payne\nFraser McCormick\nMarc Gagné (Lyrositor)\nHannah Rose\nChelnoque"
		},
		{
			"id": "credits.moardesign",
			"label": "Additional Design",
			"icon": "ritefollowerconsumeingredient",
			"description": "Caolain Porter"
		},
		{
			"id": "credits.marketing",
			"label": "Marketing & PR",
			"description": "Claire Sharkey",
			"icon": "legacydancerjob"
		},
		{
			"id": "credits.loc.zh-hans.",
			"label": "Chinese Localisation",
			"icon": "curio.lantern",
			"description": "\nProject Gutenberg | indienova, Bamboo0o0, Dandirion, Erudito93, Ericcil, Fish Wu, Girafe, Lotus, Menschmaschine, Nitrome, <font=NotoSansCJKsc-Regular>N某</font>, Oval_plus, craft, laolaoruqin, railhead, wizardo, <font=NotoSansCJKsc-Regular>阿橘倒地不起, 百影虱子, 可里, 懒猫咪, 骡子·mule, 墨染胧月夜, 沙拉, 一只小雨</font>. EXILE: <font=NotoSansCJKsc-Regular>黑叶残荷, 白前Cynanchum, 夜雨, 狂犬, Dominic Fowler, IvyLili, Corey SK, Cora Reynolds, 京极明, Tomatiel西红柿精, 清客, 安定斯基</font>"
    },
			{
				"id": "credits.loc.ru",
				"label": "Russian Localisation",
				"description": "General Manager: Adam Piesiak, Business Development Director: Paweł Ziajka, Business Development Manager: Elena Roor, Director of Quality Assurance: Sergiusz Ślosarczyk, QA Project Manager: Marcin Górniak, QA Lab Managers: Łukasz Mirosławski: Paweł Strzelczyk, QA Training Manager: Michał Raczyński, QA Team Leader: Michał Mugerman, QA Localization Testers: Aliaksandr Anoshkin/Karina Turanskaya, IT Manager: Tomasz Dziedzic. EXILE and revisions: LocalizeDirect (Olga Apalchuk)\n\n VERSION NOTES VOLUNTEER TRANSLATION: Artem Dvorniy",
				"icon": "catalogueofunchartedpleasures"
			},
		{
			"id": "credits.loc.jp",
			"label": "Japanese Localisation",
			"description": "LocalizeDirect (Ramune)\n\nClocq\n\nVERSION NOTES VOLUNTEER TRANSLATION: Nirvana Studio",
			"icon": "jploc"
		},
		{
			"id": "credits.loc.de",
			"label": "German Localisation",
			"description": "Localize Direct (Rolf Klischewski) \n\nVERSION NOTES VOLUNTEER TRANSLATION: Jan Zimmer",
			"icon": "bookofthrones"
		},
			{
				"id": "credits.special",
				"label": "Special Thanks",
				"icon": "temptation.remembrance",
				"description": "Sonja & PK; Matt Hosty; Haley Uyrus, Norman Chalk, Jasper R, Thomas Wade, Michael Guan, Darren Liao, Eve Kimbrough, Joel Bridge, drgatos,  Erin Dalton, So La, Sean Shannon, Jakob Hajdus, Zachary Dearing, Indijohnson, Haoran Sun, Tobia Ronco, Olaf Stachowski, Aiuigi Sarig, Kamil Kozlowski, aljawn, Isyander, nsk, Marcel Möhring, Clock, Chelnoque, and literally everyone who has ever sent feedback or a bug report. Thank you."
			}
		]

}
