{
    "elements": [
        {
            "id": "legacybytjob",
            "description": "One dabbles with writing and one dabbles with painting but one lives, above all, in the certainty of one's allowance.",
            "label": "This and That",
            "aspects": {
                "benign": 1,
                "job": 1
            }
        },
        {
            "id": "legacybytjobmatured",
            "description": "One dabbles with writing and one dabbles with painting but one lives, above all, in the near-certainty of one's allowance.",
            "label": "This and That",
            "aspects": {
                "benign": 1,
                "job": 1
            },
            "comments": "Exists to allow a switch to a longer cycle immediately after first use."
        },
        {
            "id": "legacydiarylastcharacter",
            "aspects": {
                "legacyplotitem": 1
            },
            "label": "A Ciphered Diary",
            "description": "This details a growing obsession with an individual by the name of #PREVIOUSCHARACTERNAME#."
        }
    ]
}