{
    "elements": [
        {
            "id": "project_upgrade_edge",
            "label": "Increasing my understanding of Edge lore",
            "description": "I hope to improve my Edge lore.",
            "aspects": {
                "project": 1
            },
            "lifetime": 1
        },
        {
            "id": "project_subvert_edgetowinter",
            "label": "Subverting Edge to Winter",
            "description": "I am acknowledging the victory of patience over strength, subverting my Edge lore to Winter lore.",
            "aspects": {
                "project": 1
            },
            "lifetime": 1
        },
        {
            "id": "project_upgrade_forge",
            "label": "Increasing my understanding of Forge lore",
            "description": "I hope to improve my Forge lore.",
            "aspects": {
                "project": 1
            },
            "lifetime": 1
        },
        {
            "id": "project_subvert_forgetoedge",
            "label": "Subverting Forge to Edge",
            "description": "I am subverting my Forge lore to Edge lore.",
            "aspects": {
                "project": 1
            },
            "lifetime": 1
        },
        {
            "id": "project_upgrade_grail",
            "label": "Increasing my understanding of Grail lore",
            "description": "I hope to improve my Grail lore.",
            "aspects": {
                "project": 1
            },
            "lifetime": 1
        },
        {
            "id": "project_subvert_grailtomoth",
            "label": "Subverting Grail lore to Moth",
            "description": "I am subverting my Grail lore to Moth lore.",
            "aspects": {
                "project": 1
            },
            "lifetime": 1
        },
        {
            "id": "project_upgrade_heart",
            "label": "Increasing my understanding of Heart lore",
            "description": "I hope to improve my Heart lore.",
            "aspects": {
                "project": 1
            },
            "lifetime": 1
        },
        {
            "id": "project_subvert_hearttograil",
            "label": "Subverting Heart lore to Grail",
            "description": "I am subverting my Heart lore to Grail lore.",
            "aspects": {
                "project": 1
            },
            "lifetime": 1
        },
        {
            "id": "project_upgrade_subvert_knock",
            "label": "Increasing my understanding of Knock lore",
            "description": "I am deepening my understanding of Knock lore.",
            "aspects": {
                "project": 1
            },
            "lifetime": 1
        },
        {
            "id": "project_upgrade_lantern",
            "label": "Increasing my understanding of Lantern lore",
            "description": "I hope to improve my Lantern lore.",
            "aspects": {
                "project": 1
            },
            "lifetime": 1
        },
        {
            "id": "project_subvert_lanterntoforge",
            "label": "Subverting Lantern lore to Forge",
            "description": "I am subverting my Lantern lore to Forge lore.",
            "aspects": {
                "project": 1
            },
            "lifetime": 1
        },
        {
            "id": "project_upgrade_moth",
            "label": "Increasing my understanding of Moth lore",
            "description": "I hope to improve my Moth lore.",
            "aspects": {
                "project": 1
            },
            "lifetime": 1
        },
        {
            "id": "project_subvert_mothtolantern",
            "label": "Subverting Moth lore to Lantern",
            "description": "I am subverting my Moth lore to Lantern lore",
            "aspects": {
                "project": 1
            },
            "lifetime": 1
        },
        {
            "id": "project_upgrade_secrethistories",
            "label": "Increasing my understanding of Secret Histories lore",
            "description": "I hope to improve my Secret Histories lore.",
            "aspects": {
                "project": 1
            },
            "lifetime": 1
        },
        {
            "id": "project_upgrade_winter",
            "label": "Increasing my understanding of Winter lore",
            "description": "I hope to improve my Winter lore.",
            "aspects": {
                "project": 1
            },
            "lifetime": 1
        },
        {
            "id": "project_subvert_wintertoheart",
            "label": "Subverting Winter lore to Heart",
            "description": "I am subverting my Winter lore to Heart lore",
            "aspects": {
                "project": 1
            },
            "lifetime": 1
        },
        {
            "id": "project_influence_upgrade_edge",
            "icon": "project_upgrade_edge",
            "label": "Augmenting a Edge influence",
            "description": "I hope to augment this Edge influence.",
            "aspects": {
                "project": 1
            },
            "lifetime": 1
        },
        {
            "id": "project_influence_subvert_edgetowinter",
            "icon": "project_subvert_edgetowinter",
            "label": "Subverting Edge to Winter",
            "description": "I am acknowledging the victory of patience over strength, subverting my Edge influence to Winter influence.",
            "aspects": {
                "project": 1
            },
            "lifetime": 1
        },
        {
            "id": "project_influence_upgrade_forge",
            "label": "Augmenting a Forge influence",
            "description": "I hope to augment this Forge influence.",
            "aspects": {
                "project": 1
            },
            "icon": "project_upgrade_forge",
            "lifetime": 1
        },
        {
            "id": "project_influence_subvert_forgetoedge",
            "icon": "project_subvert_forgetoedge",
            "label": "Subverting Forge to Edge",
            "description": "I am subverting my Forge influence to Edge influence.",
            "aspects": {
                "project": 1
            },
            "lifetime": 1
        },
        {
            "id": "project_influence_upgrade_grail",
            "icon": "project_upgrade_grail",
            "label": "Augmenting a Grail influence",
            "description": "I hope to augment this Grail influence.",
            "aspects": {
                "project": 1
            },
            "lifetime": 1
        },
        {
            "id": "project_influence_subvert_grailtomoth",
            "icon": "project_subvert_grailtomoth",
            "label": "Subverting Grail influence to Moth",
            "description": "I am subverting my Grail influence to Moth influence.",
            "aspects": {
                "project": 1
            },
            "lifetime": 1
        },
        {
            "id": "project_influence_upgrade_heart",
            "icon": "project_upgrade_heart",
            "label": "Augmenting a Heart influence",
            "description": "I hope to augment this Heart influence.",
            "aspects": {
                "project": 1
            },
            "lifetime": 1
        },
        {
            "id": "project_influence_subvert_hearttograil",
            "icon": "project_subvert_hearttograil",
            "label": "Subverting Heart influence to Grail",
            "description": "I am subverting my Heart influence to Grail influence.",
            "aspects": {
                "project": 1
            },
            "lifetime": 1
        },
        {
            "id": "project_influence_upgrade_subvert_knock",
            "icon": "project_upgrade_subvert_knock",
            "label": "Augmenting a Knock influence",
            "description": "I am deepening my understanding of Knock influence.",
            "aspects": {
                "project": 1
            },
            "lifetime": 1
        },
        {
            "id": "project_influence_upgrade_lantern",
            "icon": "project_upgrade_lantern",
            "label": "Augmenting a Lantern influence",
            "description": "I hope to augment this Lantern influence.",
            "aspects": {
                "project": 1
            },
            "lifetime": 1
        },
        {
            "id": "project_influence_subvert_lanterntoforge",
            "icon": "project_subvert_lanterntoforge",
            "label": "Subverting Lantern influence to Forge",
            "description": "I am subverting my Lantern influence to Forge influence.",
            "aspects": {
                "project": 1
            },
            "lifetime": 1
        },
        {
            "id": "project_influence_upgrade_moth",
            "icon": "project_upgrade_moth",
            "label": "Augmenting a Moth influence",
            "description": "I hope to augment this Moth influence.",
            "aspects": {
                "project": 1
            },
            "lifetime": 1
        },
        {
            "id": "project_influence_subvert_mothtolantern",
            "icon": "project_upgrade_moth",
            "label": "Subverting Moth influence to Lantern",
            "description": "I am subverting my Moth influence to Lantern influence",
            "aspects": {
                "project": 1
            },
            "lifetime": 1
        },
        {
            "id": "project_influence_upgrade_winter",
            "icon": "project_upgrade_winter",
            "label": "Augmenting a Winter influence",
            "description": "I hope to augment this Winter influence.",
            "aspects": {
                "project": 1
            },
            "lifetime": 1
        },
        {
            "id": "project_influence_subvert_wintertoheart",
            "icon": "project_subvert_wintertoheart",
            "label": "Subverting Winter influence to Heart",
            "description": "I am subverting my Winter influence to Heart influence",
            "aspects": {
                "project": 1
            },
            "lifetime": 1
        }
    ]
}