{
    "elements": [
        {
            "id": "dayacquaintances",
            "label": "A Day for New Acquaintances",
            "description": "I might find a kindred spirit.",
            "aspects": {
                "season": 1
            },
            "lifetime": 1
        },
        {
            "id": "daypatrons",
            "label": "A Day for New Patrons",
            "description": "I might find someone who could offer assistance.",
            "aspects": {
                "season": 1
            },
            "lifetime": 1
        },
        {
            "id": "daycriminals",
            "label": "A Day for Unsavoury Connections",
            "description": "I might find someone prepared to get their hands dirty.",
            "aspects": {
                "season": 1
            },
            "lifetime": 1
        },
        {
            "id": "dayplaces",
            "label": "A Day for Cartographers",
            "description": "I might stumble across somewhere interesting.",
            "aspects": {
                "season": 1
            },
            "lifetime": 1
        },
        {
            "id": "seasonsickness",
            "label": "A Season of Sickness",
            "description": "Malign influences taint the night air. [My Health may soon suffer. Wounded Followers may die.]",
            "aspects": {
                "season": 1
            },
            "lifetime": 1
        },
        {
            "id": "seasonserenities",
            "label": "A Season of Serenities",
            "description": "Tomorrow may be a better day.",
            "comments": "currently unused",
            "aspects": {
                "season": 1
            },
            "lifetime": 1
        },
        {
            "id": "seasonsuspicion",
            "label": "A Season of Suspicion",
            "description": "Am I being watched?",
            "aspects": {
                "season": 1
            },
            "lifetime": 1
        },
        {
            "id": "seasondespair",
            "label": "A Season of Despair",
            "description": "Night waits for me.",
            "aspects": {
                "season": 1
            },
            "lifetime": 1
        },
        {
            "id": "seasonvisions",
            "label": "A Season of Visions",
            "description": "Such sights.",
            "aspects": {
                "season": 1
            },
            "lifetime": 1
        },
        {
            "id": "seasonambitions",
            "label": "A Season of Ambitions",
            "description": "This is the season that the winds of the Wood reverse direction: a time when appetites and mortals both rise.",
            "aspects": {
                "season": 1
            },
            "lifetime": 1
        },
        {
            "id": "seasonsilence",
            "label": "A Season of Silence",
            "description": "These are the days of anticipation.",
            "aspects": {
                "season": 1
            },
            "lifetime": 1
        },
        {
            "id": "seasonardours",
            "label": "A Season of Ardours",
            "description": "We are all of us both ape and angel.",
            "aspects": {
                "season": 1
            },
            "lifetime": 1
        },
        {
            "id": "schememurder",
            "label": "A Murderous Scheme",
            "aspects": {
                "season": 1
            },
            "description": "Traces left by a rival's decision to move against an enemy.",
            "lifetime": 1,
            "icon": "skillhealthd_strength"
        },
        {
            "id": "schemeexpedition",
            "label": "A Bold Scheme",
            "aspects": {
                "season": 1
            },
            "description": "Traces left by a rival's decision to move boldly.",
            "lifetime": 1,
            "icon": "vaultrendingmountainsdefault"
        },
        {
            "id": "schemeactivities",
            "label": "A Cautious Scheme",
            "aspects": {
                "season": 1
            },
            "lifetime": 1,
            "description": "Traces left by a rival's decision to move cautiously.",
            "icon": "contentment"
        }
    ]
}