{
    "elements": [
        {
            "id": "lever_lastdesire",
            "lever": "lastdesire",
            "noartneeded": true
        },
        {
            "id": "lever_lasttool",
            "lever": "lasttool",
            "noartneeded": true
        },
        {
            "id": "lever_lastbook",
            "lever": "lastbook",
            "noartneeded": true
        },
        {
            "id": "lever_lastsignificantpainting",
            "lever": "lastsignificantpainting",
            "noartneeded": true
        },
        {
            "id": "lever_lastcult",
            "lever": "lastcult",
            "noartneeded": true
        },
        {
            "id": "lever_lastheadquarters",
            "lever": "lastheadquarters",
            "noartneeded": true
        },
        {
            "id": "lever_lastfollower",
            "lever": "lastfollower",
            "noartneeded": true
        },
        {
            "id": "lever_lastpersonkilled",
            "lever": "lastpersonkilled",
            "noartneeded": true
        }
    ]
}