{
    "endings": [
        {
            "id": "minorpalestvictory",
            "label": "冬まで",
            "description": "哀歌詩人は時の神々の中で最も親切な者ではないが、決して残酷ではなく、約束を絶対に忘れない。彼は震える私の手を取り、この世へと送り出してくれた。そして、私は寿命が来るまで死ねなくなった。私は正午の長生者の間を歩き、聖杯と灯りと長生者と、凶暴な火の長生者の奮闘を目撃し、まだ保たれている境界を維持し、その間ずっと、バラ色の火を起こす石炭のように消えた時の神々の色を運ぶだろう。[ルート制覇完了！最も青白い勝利エンディング到達、おめでとう。次は他のルートも試してみよう。]",
            "image": "elegiast",
            "flavour": "Grand",
            "anim": "DramaticLightCool",
            "achievement": "A_ENDING_MINORWINTERVICTORY"
        },
        {
            "id": "minorcrownedgrowthvictory",
            "label": "豊作",
            "description": "冠をかぶった腫瘍の種をツェボイムの万能薬と共に飲み込んだ。死者の肉で鎮めていれば、その飢えの矛先がこちらに向くことはなかっただろう。だが、それはあとの祭りだった。不死を超えた不死が存在する。だから今、我々は火の届かない柔らかさの中で栄え、それを永遠に喜んで受け入れるのだ。[ルート制覇完了！豊作の非勝利エンディング到達、おめでとう。次は他のルートも試してみよう。]",
            "image": "crownedgrowth",
            "flavour": "Grand",
            "anim": "DramaticLightEvil",
            "achievement": "A_ENDING_MINORCROWNEDGROWTHVICTORY"
        }
    ]
}