{
    "endings": [
        {
            "id": "majorforgevictory",
            "label": "夜明け",
            "description": "凶暴な扉はなかなか開かない古傷だったが、また開いてしまった。石であった神々でさえこの扉を使っていたのだから、彼らの前に何人の神々がこの扉を使っていたのだろうか。形作る者はこの扉と他の扉を通り抜け鍛造の名を持つ者として知られるようになった。そして長生者の地位には1つだけ空席がある。それは私のものではない。私は名もなき場所に戻る。名もなき場所は、黒い軟玉で作られたランプで照らされている。名もなき場所では、予言の声が聞こえる。名もなき場所は寒いが、それ以上に死ぬ可能性がつきまとう。\n[大勝利ルート達成おめでとう。小さな勝利ルートでも、20人に1人が達成するくらいの難しさだが、ここまで昇って来れるプレイヤーは数が限られている。ヤナスとともにあなたを歓迎しよう。]",
            "image": "madrugad",
            "flavour": "Grand",
            "anim": "DramaticLightCool",
            "achievement": "A_ENDING_MAJORFORGEVICTORY"
        },
        {
            "id": "majorgrailvictory",
            "label": "満たされた宴",
            "description": "豪華な宴の要となった私は、ばらばらになっても喜びを感じていた。喜びの者は、赤い聖杯の広間に永遠に住むだろう。それが喜びの者にとって、最も相応しい場所だ。私は、光の実が私を見つけてくれた、名もなき場所に住むだろう。彼女は私の残りの断片を集めて、彼女の豊かな籠の中で看病し、癒し、回復させてくれる。彼女が魔女となり、私が彼女の中にいる時が来たら、再び私に世界を見せると約束してくれた。\n[大勝利ルート達成おめでとう。小さな勝利ルートでも、20人に1人が達成するくらいの難しさだが、ここまで昇って来れるプレイヤーは数が限られている。ヤナスとともにあなたを歓迎しよう。]",
            "image": "flowermaker",
            "flavour": "Grand",
            "anim": "DramaticLightCool",
            "achievement": "A_ENDING_MAJORGRAILVICTORY"
        },
        {
            "id": "majorlanternvictory",
            "label": "第3形態",
            "description": "栄光は質問であり、私と証人たちは皆、照らされた者の燃料として「はい」と答えた。照らされた者は今、見張り番の手の中にある光であり、これまで以上に栄光に満ちたものである。そして私たちは蝋と卵の殻となった。しかし、ロウソクの者の秘密の巡礼は、私たちを1人ひとり集め、観察はするが行動はしない者の姿に私たちを組み合わせていく。私たちの時代は去り、彼女の時はまだ訪れていないが、もうすぐ、彼女が計画を立て始めると思う。\n[大勝利ルート達成おめでとう。小さな勝利ルートでも、20人に1人が達成するくらいの難しさだが、ここまで昇って来れるプレイヤーは数が限られている。ヤナスとともにあなたを歓迎しよう。]",
            "image": "vagabond",
            "flavour": "Grand",
            "anim": "DramaticLightCool",
            "achievement": "A_ENDING_MAJORLANTERNVICTORY"
        },
        {
            "id": "minorforgevictory",
            "label": "燃え盛る心",
            "description": "しばらくの間、私はマンサスの上層階で過ごし、その後、三又の扉を通って戻ってきた。灰の中で私の体が蠢いている。私は体毛をすべて失い、大理石のように不死身だが、鍛造の火はまだ中で燃えている。私には形を整える力がある。もう二度と年をとることはない。反発をする日が来るかもしれない。いつか、さらなる高みを目指す日が来るかもしれない。\n[力の標準ルートの勝利エンディング到達、おめでとう。ルート制覇完了！次は他のルートも試してみよう。]",
            "image": "forgeofdays",
            "flavour": "Grand",
            "anim": "DramaticLightCool",
            "achievement": "A_ENDING_MINORFORGEVICTORY"
        },
        {
            "id": "minorgrailvictory",
            "label": "真の生誕祭",
            "description": "しばらくの間、私はマンサスの上層階で過ごし、その後、三又の扉を通って戻ってきた。そして私は、べたつく自分の古い肉をボロ布のように引き裂いた。新しい体にはなめらかな外側と甘い果物のように赤い内側がついている。手足はケーブルのように強く、五感はナイフのようで、年は取らない。私は地上を歩き、聖杯に仕え、ごちそうを食べ、成長する。反発するかもしれない。いつか、さらなる高みを目指す日が来るかもしれない。\n\n[感性の標準ルートの勝利エンディング到達、おめでとう。ルート制覇完了！次は他のルートも試してみよう。]",
            "image": "redgrail",
            "flavour": "Grand",
            "anim": "DramaticLightCool",
            "achievement": "A_ENDING_MINORGRAILVICTORY"
        },
        {
            "id": "minorlanternvictory",
            "label": "突撃",
            "description": "三又の扉をくぐり、マンサスの上層階に入った。栄光はすぐそこまで来ている。光が生地からにじみ出て、広がっていく。見張り番の後ろを歩いたことがある。岩に映る彼の影を見た。時折、時の神が世界の行方について議論しているのを聞くことがある。私に生も死もない。いつか、さらなる高みを目指す日が来るのだろう。\n[悟りの標準ルートの勝利エンディング到達、おめでとう。ルート制覇完了！次は他のルートも試してみよう。]",
            "image": "doorintheeye",
            "flavour": "Grand",
            "anim": "DramaticLightCool",
            "achievement": "A_ENDING_MINORLANTERNVICTORY"
        },
        {
            "id": "minorheartvictory",
            "label": "終わりのない人生",
            "description": "痛みは薄れ、声も薄くなるが、今は心が代弁してくれる。時の秤の上では、羽根で重さを量り、場違いな判断はされない。最後の姿で、私が三又の扉をくぐり抜け、サンダースキンの合唱に私の鼓動を加えよう。私たちのリズムは時の神々のリズムであり、時の神々は、私たちが世界とともに、終わりなく生きることを約束してくれた。私は永遠にマンサスを歩き、何１つとして変わらないことを永遠から学ぶのだろう。\n[ルート制覇完了！変化：羽根の標準ルートの勝利エンディング到達、おめでとう。次は他のルートも試してみよう。] ",
            "image": "thunderskin",
            "flavour": "Grand",
            "anim": "DramaticLight",
            "achievement": "A_ENDING_MINORHEARTVICTORY"
        },
        {
            "id": "minormothvictory",
            "label": "翼のあるもの",
            "description": "カラペイス・クロスはドードーや龍のように絶滅してしまった。残ったのは人間だけだ。それでも私の翼は広がり、皮膚は固まりウロコとなり、目は無煙炭色に輝いている。私は三又の扉を通らず、死の淵に落ちて生きて帰ってきた。栄光を拒否できなくなるまで、人目につかない暗闇の中に留まることになるだろう。炎に向かって飛び立とう。十字架は架空のものであり、変化は現実のものである。\n[ルート制覇完了！変化：天秤の標準ルートの勝利エンディング到達、おめでとう。次は他のルートも試してみよう。] ",
            "image": "moth",
            "flavour": "Grand",
            "anim": "DramaticLight",
            "achievement": "A_ENDING_MINORMOTHVICTORY"
        },
        {
            "id": "minormeniscatevictory",
            "label": "月の棲む家",
            "description": "私はバランスを保っていた――あまりにも完ぺきに――変化と永遠の間でバランスを取っていた――だから、メニスカーテは私に目を向けてくれた。そして私は頂点の扉を通り、マンサスの陰である月の家へと向かった。ここは空で静止しているが、車輪がまだ回っている。私は長生者ではなく、ただの鏡像に過ぎないが、時に魔女の鏡像であり、時に双子の片割れの鏡像である。そして、太陽が再び誕生する時には、メニスカーテが私を家に運んでくれる。内にあるものは外に、外にあるものは内に。これは変わらない。\n[「変化：均衡」の標準ルートの勝利エンディング到達、おめでとう。秘密を見つけた。他のルートも試してみよう。] ",
            "image": "meniscate",
            "flavour": "Grand",
            "anim": "DramaticLight",
            "achievement": "A_ENDING_MINORMENISCATEVICTORY"
        },
        {
            "id": "minorforgevictorywithrisen",
            "label": "燃え盛る心",
            "description": "しばらくの間、私はマンサスの上層階で過ごし、その後、三又の扉を通って戻ってきた。灰の中で私の体が蠢いている。私は体毛をすべて失い、大理石のように不死身だが、鍛造の火はまだ中で燃えている。私には形を整える力と......死んだ最愛の人の肉は炎で焼かれたが、今では私の一部となっている。青銅を固める錫のように、私たちは年を取らない。反発するかもしれない。いつか、さらなる高みを目指す日が来るかもしれない。\n[ルート制覇完了！力の別ルートの勝利エンディング到達、おめでとう。次は他のルートも試してみよう。] ",
            "image": "forgeofdays",
            "flavour": "Grand",
            "anim": "DramaticLight",
            "achievement": "A_ENDING_MINORFORGEVICTORY_WITHRISEN"
        },
        {
            "id": "minorgrailvictorywithrisen",
            "label": "真の生誕祭",
            "description": "しばらくの間、私はマンサスの上層階で過ごし、その後、三又の扉を通って戻ってきた。そして私は、べたつく自分の古い肉をボロ布のように引き裂いた。新しい体にはなめらかな外側と甘い果物のように赤い内側がついている。手足はケーブルのように強く、五感はナイフのようで、年は取らない。私は地上を歩き、聖杯に仕え、ごちそうを食べ、成長する。そして、死んだ最愛の人は新しいものに生まれ変わるまで、私のそばでごちそうを楽しむだろう。反発するかもしれない。いつか、さらなる高みを目指す日が来るかもしれない。\n[ルート制覇完了！感性の別ルートの勝利エンディング到達、おめでとう。次は他のルートも試してみよう。] ",
            "image": "redgrail",
            "flavour": "Grand",
            "anim": "DramaticLightCool",
            "achievement": "A_ENDING_MINORGRAILVICTORY_WITHRISEN"
        },
        {
            "id": "minorlanternvictorywithrisen",
            "label": "突撃",
            "description": "三又の扉をくぐり、マンサスの上層階に入った。私には生も死もない。死んだ最愛の人が、影のように後をついてくる。そして、この光の清められた核の中では、影はすべて深く燃える。栄光はすぐそこまで来ている。光が生地からにじみ出て、広がっていく。いつか――恐らくもうすぐ――巡礼の旅は終わりを告げ、見張り番が7つの魂をさらに上へと登らせるだろう。放浪者と呼ばれる時の神が先に行くはずだ。私と最愛の人も彼女と合流するだろう。\n[ルート制覇完了！悟りの別ルートの勝利エンディング到達、おめでとう。次は他のルートも試してみよう。] ",
            "image": "doorintheeye",
            "flavour": "Grand",
            "anim": "DramaticLightCool",
            "achievement": "A_ENDING_MINORLANTERNVICTORY_WITHRISEN"
        },
        {
            "id": "minorheartvictorywithrisen",
            "label": "終わりのない人生",
            "description": "痛みは薄れ、声も薄くなるが、今は心が代弁してくれる。時の秤の上では、羽根で重さを量り、場違いな判断はされない。最後の姿で、私が三又の扉をくぐり抜けると、死んだ最愛の人が嵐の中の旗のように後ろに羽ばたくだろう。そして、サンダースキンの合唱に私の鼓動を加えよう。私たちのリズムは時の神々のリズムであり、時の神々は、私たちが世界とともに、終わりなく生きることを約束してくれた。聖杯がサンダースキンを身に着けたように、かつて私が愛した人も私を包むのだろう。きっと、最初からこうなる運命だったのかもしれない。私たちは永遠にマンサスを歩き、何１つとして変わらないことを永遠から学ぶのだろう。\n[ルート制覇完了！変化：羽根の別ルートの勝利エンディング到達、おめでとう。次は他のルートも試してみよう。] ",
            "image": "thunderskin",
            "flavour": "Grand",
            "anim": "DramaticLight",
            "achievement": "A_ENDING_MINORHEARTVICTORY_WITHRISEN"
        },
        {
            "id": "minormothvictorywithrisen",
            "label": "翼のあるもの",
            "description": "カラペイス・クロスはドードーや龍のように絶滅してしまった。残ったのは人間だけだ。それでも私の翼は広がり、皮膚は固まりウロコとなり、目は無煙炭色に輝いている。死んだ最愛の人が私の傍らに丸くなっている。私たちは三又の扉を通らず、死の淵に落ちて生きて帰ってきた。栄光を拒否できなくなるまで、人目につかない暗闇の中に留まることになるだろう。炎に向かって飛び立とう。十字架は架空のものであり、変化は現実のものである。\n[ルート制覇完了！変化：天秤の別ルートの勝利エンディング到達、おめでとう。ルート制覇完了！次は他のルートも試してみよう。] ",
            "image": "moth",
            "flavour": "Grand",
            "anim": "DramaticLight",
            "achievement": "A_ENDING_MINORMOTHVICTORY_WITHRISEN"
        },
        {
            "id": "minormeniscatevictorywithrisen",
            "label": "月の棲む家",
            "description": "私はバランスを保っていた――あまりにも完ぺきに――変化と永遠の間でバランスを取っていた――だから、メニスカーテは私に、私の愛する人、影、鏡像に目を向けてくれた。そして私たちは頂点の扉を通り、マンサスの陰である月の家へと向かった。ここは空で静止しているが、車輪がまだ回っている。私は長生者ではなく、ただの鏡像に過ぎないが、時に魔女の鏡像であり、時に死んだ恋人が双子の片割れの鏡像となる。そして、太陽が再び誕生する時には、メニスカーテが私たちを家に運んでくれる。内にあるものは外に、外にあるものは内に。これは変わらない。\n[「変化：均衡」の標準ルートの勝利エンディング到達、おめでとう。秘密を見つけた。他のルートも試してみよう。] ",
            "image": "meniscate",
            "flavour": "Grand",
            "anim": "DramaticLight",
            "achievement": "A_ENDING_MINORMENISCATEVICTORY_WITHRISEN"
        },
        {
            "id": "longnightmareending",
            "label": "溶解",
            "description": "耐えられない。もういい。\n[長生者の悪夢があなたを溶解に追い込んだ。]",
            "image": "despair",
            "flavour": "Melancholy",
            "anim": "DramaticLightEvil",
            "achievement": ""
        },
        {
            "id": "deathofthebody",
            "label": "身体は死んだ",
            "description": "どこで見つけるというのだろう？私はここにいないのに。結局、衰弱した心臓を支えるほど、体力が残っていなかった。\n[病気になったか、飢えていて、体力が残っていなかった。必需品を購入する資金を確保しておくべきだった。夢を使って、体を休ませ、弱っている所を回復させることもできたかもしれない。]",
            "image": "suninrags",
            "flavour": "Melancholy",
            "anim": "DramaticLightEvil",
            "achievement": "A_ENDING_DEATHOFTHEBODY"
        },
        {
            "id": "despairending",
            "label": "限界",
            "description": "絶望は狼のように思考をむさぼる。私は生きているのか、死んでいるのか？もはやどちらでもいい。\n[絶望のトークンに、恐怖か負傷を3つ溜めた。]",
            "image": "despair",
            "flavour": "Melancholy",
            "anim": "DramaticLightEvil",
            "achievement": "A_ENDING_DESPAIRENDING"
        },
        {
            "id": "visionsending",
            "label": "栄光",
            "description": "最初は夢であり、次に幻想となったが、今ではありとあらゆるものだ。何が本当で何が本当でないのか分からなくなってきた。\n[幻影のトークンに、魅了を3つ溜めた。]",
            "image": "madness",
            "flavour": "Melancholy",
            "anim": "DramaticLight",
            "achievement": "A_ENDING_VISIONSENDING"
        },
        {
            "id": "wintersacrifice",
            "label": "ひっそりと",
            "description": "連れて行かれた家の最上階で、息が白く濁り、目が柔らかくなった。部屋の中には夕日があふれている。私は美しい結末を迎えた。[冬の力に身を任せた。]",
            "image": "suninrags",
            "flavour": "Melancholy",
            "anim": "DramaticLight",
            "achievement": "A_ENDING_WINTERSACRIFICE"
        },
        {
            "id": "arrest",
            "label": "鉄格子の隙間から見える太陽",
            "description": "私の罪の内容は曖昧で、裁判は議論の的になっている。しかし、私がやってはいけないことをしてしまったということは、みんなの意見が一致しているようだ。過去を変えられたらいいのに。やってはいけないことを<i>全部</i>やっておけばよかったと思う。\n[多くのハンターには弱点がある。その弱点を利用すれば、裁判に持ち込まれる前に、彼らを止めることができるかもしれない。]",
            "image": "notorious",
            "flavour": "Melancholy",
            "anim": "DramaticLightEvil",
            "achievement": "A_ENDING_ARREST"
        },
        {
            "id": "rivalascension",
            "label": "長くはない",
            "description": "長く待ちすぎたのかもしれない。あるいは、この勝利は私のものではなかったのかもしれない。別の者が私の代わりに昇ってきた。その者が上昇すれば、私は衰退し、記憶だけが残るだろう。この人が私の敗北を復讐してくれるかもしれない。\n[別の人があなたを超えて、世界を変えて、勝利した。]",
            "image": "lionsmith",
            "flavour": "Melancholy",
            "anim": "DramaticLightEvil",
            "achievement": "A_RIVAL_ASCENSION"
        },
        {
            "id": "rivalascensionapostle",
            "label": "長すぎる",
            "description": "ライバルが昇天し不死身となった。我々を追いかけている不死の敵と同盟を組むだろう。2人の不死身には敵わない。創造者の計画が終わりを告げると同時に私の奉仕も終わりを告げる。\n[ライバルの昇天は使徒の勝利を不可能にする。]",
            "image": "lionsmith",
            "flavour": "Melancholy",
            "anim": "DramaticLightEvil",
            "achievement": "A_RIVAL_ASCENSION"
        },
        {
            "id": "workvictory",
            "label": "夜の帳が下りる",
            "description": "私には暖炉があり、本があり、時計があり、世界を見つめらえる窓がある。不幸になれたかもしれないが、不幸ではない。幸せな人生を送れたと言えるだろう。そして、この人生が終わりを告げると、棘より柔らかく甘い土が私の口を満たす。\n[勝利とも言えるかもしれない。]",
            "image": "insomnia",
            "flavour": "Melancholy",
            "anim": "DramaticLight",
            "achievement": "A_ENDING_WORKVICTORY"
        },
        {
            "id": "workvictoryb",
            "label": "野望の波",
            "description": "私は高みへと昇り、さらに高みへと昇るだろう。事業は繁栄し、立派な家を優雅なもので満たすだろう。仲間からは誉められ、ライバルからは中傷されるはずだ。自分の名前を至る所で聞くことにも慣れていくだろう。そして、ある日、私は死に、それからしばらくすると、誰も私の名前を口にしなくなる。\n[小さな勝利を収めたと考えて良いだろう。]",
            "image": "finehouse",
            "flavour": "Melancholy",
            "anim": "DramaticLight",
            "achievement": "A_ENDING_WORKVICTORYB"
        },
        {
            "id": "workvictorymarriage",
            "label": "新しい人生",
            "description": "私は貧しかったが、今は金持ちだ。ありふれた存在だった私が、今では珍しい存在となった。夏の朝、寝室の窓の外で太陽に照らされた丘が緑に輝き、冬の朝には雪で真っ白に染まる。そしてその上を覆うように響くのは子孫たちの笑い声と風の音だ。風は窓ガラスをガタガタと鳴らし丘の中へと走り去っていく。\n[小さな勝利を収めたと考えて良いだろう。]",
            "image": "moonlitcastle",
            "flavour": "Grand",
            "anim": "DramaticLight",
            "achievement": "A_ENDING_WORKVICTORYMARRIAGE"
        },
        {
            "id": "turnasidevictory",
            "label": "いつまでも幸せに",
            "description": "XXX",
            "comments": "turnasidevictory isn't referenced in the JSON anywheree. Left in just in case someone out there has a save file at exactly the wrong moment",
            "image": "moth",
            "flavour": "Melancholy",
            "anim": "DramaticLight",
            "achievement": "A_ENDING_MINORMOTHVICTORY"
        },
        {
            "id": "tristanvictory",
            "label": "いつまでも幸せに：トリスタン",
            "description": "私たちの体は疲れていき、年を重ねていく。でも、後悔はしない。彼は私の記憶に焼き付いている。あの自信に満ちた力強い筆跡、枕に残された形、暖炉の側で感じた腕の温かさ。そして何よりも私の隣にいる彼の体が燃えるような夜明けの光で赤く光っている。\n[勝利と言えるかもしれないが、家は恋人たちの居場所ではない。]",
            "image": "tristan",
            "flavour": "Melancholy",
            "anim": "DramaticLight",
            "achievement": "A_ENDING_TRISTANVICTORY"
        },
        {
            "id": "valcianevictory",
            "label": "いつまでも幸せに：ヴァルシアーヌ",
            "description": "彼女は私たちの生活を、磁器、真珠、吹きガラスなどの宝物で満たしてくれる。あるものは彼女の仕事の成果物、あるものは海外旅行の記念品。家の周りに山積みにされ、好奇心をそそる通路が出来ている。しかし、私は彼女が作った迷路の中で彼女を見つけた。彼女は心から見つけられることを望んでいる。\n[勝利と言えるかもしれないが、家は恋人たちの居場所ではない。]",
            "image": "valciane",
            "flavour": "Melancholy",
            "anim": "DramaticLight",
            "achievement": "A_ENDING_VALCIANEVICTORY"
        },
        {
            "id": "laidlawvictory",
            "label": "いつまでも幸せに：レイドロー",
            "description": "私たちにはパターンがある。オークションハウスへの訪問、一緒に観る目がチカチカする映画、そして夜に奏でるリズム。それでも彼は炉床の薪の火花のように予測不可能な人だ。次はいつ燃え盛るのだろうか？次に彼の火が冷めるのはいつなのだろうか？私は彼の炎に包まれ、自分を変える。私たちは道を見つけ、考えた。\n[勝利と言えるかもしれないが、家は恋人たちの居場所ではない。]",
            "image": "laidlaw",
            "flavour": "Melancholy",
            "anim": "DramaticLight",
            "achievement": "A_ENDING_LAIDLAWVICTORY"
        },
        {
            "id": "elridgevictory",
            "label": "いつまでも幸せに：エルリッジ",
            "description": "我が家は整然としていて、清潔感があり、管理も行き届いている。彼は使うべき道具がどこにあるのかを常に把握している。使い終われば、掃除をして元の場所に戻してくれる。彼がやるべきことをしている間、私は何もせずに待っていなければならない時もある。しかしそういう時は、彼は終わると私を見上げ、私は彼に褒美をあげるのだ。\n[勝利と言えるかもしれないが、家は恋人たちの居場所ではない。]",
            "image": "elridge",
            "flavour": "Melancholy",
            "anim": "DramaticLight",
            "achievement": "A_ENDING_ELRIDGEVICTORY"
        },
        {
            "id": "rosevictory",
            "label": "いつまでも幸せに：ローズ",
            "description": "私たちの生活は幸せなもの。私たちはお似合いのカップルのよう。もちろん、彼女の弟が会いに来ることもあるが、私が旅行に行くと彼女は寂しくなり、話し相手が必要になるのだと言う。私が帰ってくると、彼女は優しい眼差しと、ワインとキャラメル味の口づけで出迎えてくれる。\n[勝利と言えるかもしれないが、家は恋人たちの居場所ではない。]",
            "image": "rose",
            "flavour": "Melancholy",
            "anim": "DramaticLight",
            "achievement": "A_ENDING_ROSEVICTORY"
        },
        {
            "id": "victorvictory",
            "label": "いつまでも幸せに：ビクター",
            "description": "金色に輝く曲線の階段、舞台近くの観客のため息、その奥でステーキを挟んでのナイフの音など、私たちが一緒に過ごした夜は優雅なものだた。私たちと同じ趣味を持つ彼の妹と、ばったり出会うことも頻繁にあるが、2人きりになると、彼は優雅に私の方へと視線を注いでくれる。そして彼は、口づけや抱擁、キャラメルの雨を降らせるのだ。私たちは幸せだ、と思う。\n[勝利と言えるかもしれないが、家は恋人たちの居場所ではない。]",
            "image": "victor",
            "flavour": "Melancholy",
            "anim": "DramaticLight",
            "achievement": "A_ENDING_VICTORVICTORY"
        },
        {
            "id": "salibavictory",
            "label": "いつまでも幸せに：サリバ",
            "description": "悪い終わり方だったとは思わないが、今となっては、元々の私の面影はほとんど残っていない。時が経つにつれて、私たちは家を出なくなった。だから、面影などないようなものだ。私が衰えていくにつれ、恋人はますます私に興味を持つようになり、最近ではほとんど私のそばを離れない。そして私はほとんど彼の部屋にいる。もうすぐ、と彼は目の下を湿らせて言う。もうすぐ、と。\n[勝利と言えるかもしれないが、家は恋人たちの居場所ではない。]",
            "image": "saliba",
            "flavour": "Melancholy",
            "anim": "DramaticLight",
            "achievement": "A_ENDING_SALIBAVICTORY"
        },
        {
            "id": "reniravictory",
            "label": "いつまでも幸せに：レニラ",
            "description": "私は彼女に酔っている。オペラで見せた剥き出しの肩、満員のレストランで見せたルビーを100個集めたような笑顔。一瞬でも他のものに意識を向けると、彼女の笑顔は輝きを失う。しかし、彼女は彼女だけが私の心であり、生命力であることを知っている。私は、彼女の優しい抱擁と、没薬のように甘い唇に身を任せる。彼女は私の心そのもの。私の女神。それが彼女。\n[勝利と言えるかもしれないが、家は恋人たちの居場所ではない。]",
            "image": "renira",
            "flavour": "Melancholy",
            "anim": "DramaticLight",
            "achievement": "A_ENDING_RENIRAVICTORY"
        },
        {
            "id": "violetvictory",
            "label": "いつまでも幸せに：ヴァイオレット",
            "description": "ロウソクは家中を灯すが、そう長くは続かない。私たちの息づかい、霜、夜の静寂で窓が曇る中、彼女は私の横に寝そべった。1つずつ灯りを消して、私たちはお互いを抱き寄せながら、虚空に耳を傾ける。\n[勝利と言えるかもしれないが、家は恋人たちの居場所ではない。]",
            "image": "violet",
            "flavour": "Melancholy",
            "anim": "DramaticLight",
            "achievement": "A_ENDING_VIOLETVICTORY"
        },
        {
            "id": "auclairvictory",
            "label": "いつまでも幸せに：オークレール",
            "description": "頭の中は彼女のことでいっぱいだ。食に関する質問と回答、いつもの会話。月夜の散歩は、今では彼女と私が、本当に自分自身を理解できていなかった頃の大切な思い出となっている。今の私たちは心の学者のように理解している。そう、私たちはお互いの心の学者なのだ。\n[勝利と言えるかもしれないが、家は恋人たちの居場所ではない。]",
            "image": "auclair",
            "flavour": "Melancholy",
            "anim": "DramaticLight",
            "achievement": "A_ENDING_AUCLAIRVICTORY"
        },
        {
            "id": "enidvictory",
            "label": "いつまでも幸せに：イーニッド",
            "description": "悲しくなると、彼女は口を噤む。そして彼女はよく悲しんでいる。自分が何をすべきか、どこに手を置くべきか学んだ私は、彼女の愛らしい首を自分の肩へと寄りかからせた。私たちの人生には、このような瞬間がたくさんあり、どれも、言葉にならない、目に見えない「私たち」である。朝になって、新しい一日が始まると、彼女は私しか見たことのない笑顔を見せてくれる。そして私は、努力が報われたと感じるのだ。\n[勝利と言えるかもしれないが、家は恋人たちの居場所ではない。]",
            "image": "enid",
            "flavour": "Melancholy",
            "anim": "DramaticLight",
            "achievement": "A_ENDING_ENIDVICTORY"
        },
        {
            "id": "nevillevictory",
            "label": "いつまでも幸せに：ネビル",
            "description": "書類にピン留めされたメモや、机の上にチョコレートが置かれれている。食事に行くと、店員がいくら嫌そうな顔をしても、彼は私の横に座る。時々夜明けに、彼が私の髪を撫でていることに気づき、私は口づけをして、彼を自分のものにする。そうすると彼は、ありがとう、とお礼を言った。\n[勝利と言えるかもしれないが、家は恋人たちの居場所ではない。]",
            "image": "neville",
            "flavour": "Melancholy",
            "anim": "DramaticLight",
            "achievement": "A_ENDING_NEVILLEVICTORY"
        },
        {
            "id": "catvictory",
            "label": "いつまでも幸せに：キャット",
            "description": "私たちの家では、私が必要だと気づく前に、必要なものが補充されている。自分が気づく前に、私の欲望が予測されているのか、最初から彼女に形作られたものかは分からない。でも時々、ランプの光と煙草の煙に包まれて、じっと考えている彼女を見つけることがある。こういう時は、彼女を驚かせないように、私は静かに歩いて、コップを合わせてカチンっと鳴らす。そうしていると彼女は笑うが、私が楽しい夢を見られるようにしてくれる。\n[勝利と言えるかもしれないが、家は恋人たちの居場所ではない。]",
            "image": "cat",
            "flavour": "Melancholy",
            "anim": "DramaticLight",
            "achievement": "A_ENDING_CATVICTORY"
        },
        {
            "id": "cliftonvictory",
            "label": "いつまでも幸せに：クリフトン",
            "description": "笑っていいのか泣いていいのか、彼と一緒にいるとわからない。夜明けにトルコ煙草の匂いをまといながら帰ってくることもあれば、吊り下げランプを家中に飾り、壊れた蓄音機を無理やり動かしてみたりする夜もある。そういう夜には、食事を味わい、きらびやかな夜の暗がりの中でお互いを味わうのだ。\n[勝利と言えるかもしれないが、家は恋人たちの居場所ではない。]",
            "image": "clifton",
            "flavour": "Melancholy",
            "anim": "DramaticLight",
            "achievement": "A_ENDING_CLIFTONVICTORY"
        },
        {
            "id": "sleevictory",
            "label": "いつまでも幸せに：スリー",
            "description": "家中のあちこちに彼が書いたメモが散らばっている。そこに書かれている言葉は、愛の偉大さ、出産の偉大さ、世の中のあらゆるものの偉大さを語っている。それに囲まれて、五行戯詩を読んで笑い、酔っぱらってベッドに倒れ込む。目が覚めると、私たちはお互いの腕の中で温かく包まれている。布団のシーツに挟まった紙切れを、私が取り出すこともあれば、そのままにしておく朝もある。\n[勝利と言えるかもしれないが、家は恋人たちの居場所ではない。]",
            "image": "slee",
            "flavour": "Melancholy",
            "anim": "DramaticLight",
            "achievement": "A_ENDING_SLEEVICTORY"
        },
        {
            "id": "portervictory",
            "label": "いつまでも幸せに：ポーター",
            "description": "彼は好き嫌いがはっきりしている人間だ。それでも私は、彼を喜ばせる方法を身に着けた。まず、彼の耳元をくるくると撫で、パイプに火をつけるまでじっくりと焦らす。それから、甘い蜂蜜のような快感で彼の機嫌を取るのだ。彼がが私を理解しないように、私も彼を完全に理解することはないだろう。それでも一緒に過ごした年月には、世界が愛と呼ぶものに散りばめられていて、それだけで十分なのだ。\n[勝利と言えるかもしれないが、家は恋人たちの居場所ではない。]",
            "image": "porter",
            "flavour": "Melancholy",
            "anim": "DramaticLight",
            "achievement": "A_ENDING_PORTERVICTORY"
        },
        {
            "id": "ysabetvictory",
            "label": "いつまでも幸せに：イザベト",
            "description": "私たちの生活はカラフルで混沌としていた。日記に、待ち合わせ時間よりも早い時間を書いておいても、彼女が時間通りに現れることはほとんどなかった。ベッドに横になりながら彼女を待っていると、夜明けに彼女の冷たい体が私の脇腹に潜り込んできて目が覚めた。しかし、首筋に触れる笑顔は温かく、彼女の瞳は愛に燃えていた。家には、ひらひらと動く動物がいて、彼女も動物たちのようにひらひらしていた。\n[勝利と言えるかもしれないが、家は恋人たちの居場所ではない。]",
            "image": "ysabet",
            "flavour": "Melancholy",
            "anim": "DramaticLight",
            "achievement": "A_ENDING_YSABETVICTORY"
        },
        {
            "id": "sylviavictory",
            "label": "いつまでも幸せに：シルヴィア",
            "description": "彼女との生活は楽ではない。口論になる時もあれば、街を歩き回って、彼女と他の人間の影が見える明るい窓を探す時もある。しかし、戻ってくれば、彼女はすごくしおらしく振る舞う。それにはいつも理由があるのだ。私たちは何度も何度も引き寄せられて、欲望で世界を滲ませていく。\n[勝利と言えるかもしれないが、家は恋人たちの居場所ではない。]",
            "image": "sylvia",
            "flavour": "Melancholy",
            "anim": "DramaticLight",
            "achievement": "A_ENDING_SYLVIAVICTORY"
        },
        {
            "id": "clovettevictory",
            "label": "いつまでも幸せに：クロヴェット",
            "description": "私の人生は彼女の力強く、無慈悲で独特な喜びの言いなりだ。誓いの言葉を思い出させなければならないときもあるが、彼女はいつも反省の色を見せ、私は我慢できなくなる。毎晩のように参加しているパーティーから、彼女を力づくで連れて帰ると、私は彼女を独り占めできる。そして、彼女が私のものになると、ああ、私も彼女のものになって、私たちの鼓動は高鳴っていった。\n[勝利と言えるかもしれないが、家は恋人たちの居場所ではない。]",
            "image": "clovette",
            "flavour": "Melancholy",
            "anim": "DramaticLight",
            "achievement": "A_ENDING_CLOVETTEVICTORY"
        },
        {
            "id": "dorothyvictory",
            "label": "いつまでも幸せに：ドロシー",
            "description": "私たちの間には一時的な静けさもあるが、フォールよりはクレッシェンドが多い。一緒に暮らし、一緒に旅をし、自然と歩調を合わせていく。就寝前には、外の通りのゆっくりとしたリズムに合わせて、よく踊る。そんな夜には2人して同じピンク色の夢を見て、夜明けに目を覚まし、顔を紅潮させるのだった。\n[勝利と言えるかもしれないが、家は恋人たちの居場所ではない。]",
            "image": "dorothy",
            "flavour": "Melancholy",
            "anim": "DramaticLight",
            "achievement": "A_ENDING_DOROTHYVICTORY"
        },
        {
            "id": "leovictory",
            "label": "いつまでも幸せに：レオ",
            "description": "彼の愛は抑えることのできない愛だ。それはまるで、日当たりの良い場所に生えている雑草のように自由奔放に伸びていく。最初の頃、私は月とは何なのか、男とはは何なのかなど、よくわかっていなかった。しかし、彼のおかげで、私たちの家はあらゆる面で充実した豊かなものになった。共に過ごす中で、いつの間にか増えてきた小物が家中に溢れている。愛のメロディーである彼の声に、私は今、耳を傾けている。\n[勝利と言えるかもしれないが、家は恋人たちの居場所ではない。]",
            "image": "leo",
            "flavour": "Melancholy",
            "anim": "DramaticLight",
            "achievement": "A_ENDING_LEOVICTORY"
        }
    ]
}
