{
    "recipes": [
        {
            "id": "annoyanceseducehighgrail",
            "label": "Send an Irresistible Minion to Ensnare and Disgrace an Annoyance",
            "actionid": "talk",
            "startdescription": "I want this irritation out of my way. They may even enjoy their downfall.",
            "description": ".",
            "requirements": {
                "annoyance": 1,
                "grail": 10,
                "follower": 1
            },
            "linked": [
                {
                    "id": "annoyanceseducesuccess",
                    "chance": 70
                },
                {
                    "id": "annoyanceseducefailure",
                    "chance": 100
                }
            ]
        },
        {
            "id": "annoyanceseducemidgrail",
            "label": "Send an Alluring Minion to Ensnare and Disgrace an Annoyance",
            "actionid": "talk",
            "startdescription": "Everyone has a weakness for one particular pleasure. I will send a minion who understands the many natures of pleasure. They will very likely succeed.",
            "description": ".",
            "requirements": {
                "annoyance": 1,
                "grail": 5,
                "follower": 1
            },
            "linked": [
                {
                    "id": "annoyanceseducesuccess",
                    "chance": 70
                },
                {
                    "id": "annoyanceseducefailure",
                    "chance": 100
                }
            ]
        },
        {
            "id": "annoyanceseducelowgrail",
            "label": "Send a Tempting Minion to Ensnare and Disgrace an Annoyance",
            "actionid": "talk",
            "startdescription": "Who knows if this will succeed? The Annoyance may not find my minion appealing at all.",
            "description": ".",
            "requirements": {
                "annoyance": 1,
                "grail": 1,
                "follower": 1
            },
            "linked": [
                {
                    "id": "annoyanceseducesuccess",
                    "chance": 30
                },
                {
                    "id": "annoyanceseducefailure",
                    "chance": 100
                }
            ]
        },
        {
            "id": "annoyanceseducesuccess",
            "label": "Offering Temptations to an Annoyance...",
            "actionid": "talk",
            "startdescription": "I await word....",
            "description": "My minion has returned. They found a particular temptation to which our Annoyance succumbed readily; at the small cost of the utter destruction of their reputation.",
            "aspects": {
                "endannoyance": 1
            },
            "warmup": 30
        },
        {
            "id": "annoyanceseducefailure",
            "label": "Offering Temptations to an Annoyance...",
            "actionid": "talk",
            "startdescription": "I await word....",
            "description": "My minion has returned with disappointing news. They could not find a pleasure that would tempt our Annoyance into folly.",
            "warmup": 30
        },
        {
            "id": "annoyanceattackhighedge",
            "label": "Send an Unstoppable Force to murder an Annoyance",
            "actionid": "talk",
            "startdescription": "I am out of patience with this nuisance. Unless they have some unusual protection, they're already dead. But their demise will attract attention.",
            "description": ".",
            "requirements": {
                "annoyance": 1,
                "edge": 10,
                "follower": 1
            },
            "linked": [
                {
                    "id": "annoyanceattacksuccess",
                    "chance": 100
                }
            ]
        },
        {
            "id": "annoyanceattackmidedge",
            "label": "Send a Potent Minion to murder an Annoyance",
            "actionid": "talk",
            "startdescription": "I am out of patience with this nuisance. This should be an end to the matter. But they could possibly survive, and the attempt will draw attention. [Failure will kill your minion.]",
            "description": ".",
            "requirements": {
                "annoyance": 1,
                "edge": 5,
                "follower": 1
            },
            "linked": [
                {
                    "id": "annoyanceattacksuccess",
                    "chance": 70
                },
                {
                    "id": "annoyanceattackfailure",
                    "chance": 100
                }
            ]
        },
        {
            "id": "annoyanceattacklowedge",
            "label": "Send a Minion to murder an Annoyance",
            "actionid": "talk",
            "startdescription": "I want this Annoyance gone. But this approach is risky: my minion's strength is limited. The Annoyance might very easily survive, and the attempt will draw attention. [Failure will kill your minion.]",
            "description": ".",
            "requirements": {
                "annoyance": 1,
                "edge": 1,
                "follower": 1
            },
            "linked": [
                {
                    "id": "annoyanceattacksuccess",
                    "chance": 30
                },
                {
                    "id": "annoyanceattackfailure",
                    "chance": 100
                }
            ]
        },
        {
            "id": "annoyanceattacknoedge",
            "label": "Send Someone Unsuitable to Murder an Annoyance",
            "actionid": "talk",
            "startdescription": "My minion lacks the Edge aspect, and is woefully unsuited to attacking the Annoyance. There's a small chance they might succeed. [Failure will kill your minion.]",
            "description": ".",
            "requirements": {
                "annoyance": 1,
                "follower": 1
            },
            "linked": [
                {
                    "id": "annoyanceattacksuccess",
                    "chance": 10
                },
                {
                    "id": "annoyanceattackfailure",
                    "chance": 100
                }
            ]
        },
        {
            "id": "annoyanceattacksuccess",
            "label": "Ending an Annoyance...",
            "actionid": "talk",
            "startdescription": "I await word....",
            "description": "My minion has returned, with a trophy. The Annoyance has been extirpated.",
            "aspects": {
                "endannoyance": 1
            },
            "effects": {
                "corpse": 1,
                "notoriety": 1
            },
            "alt": [
                {
                    "id": "annoyancecapturesuccess",
                    "chance": 30
                }
            ],
            "warmup": 30
        },
        {
            "id": "annoyancecapturesuccess",
            "label": "Ending an Annoyance...",
            "actionid": "talk",
            "startdescription": "I await word....",
            "description": "My minion has returned, with a prisoner! ...who will have time now to regret his choices.",
            "aspects": {
                "endannoyance": 1
            },
            "effects": {
                "notoriety": 1,
                "genericprisonerm": 1
            },
            "warmup": 10
        },
        {
            "id": "annoyanceattackfailure",
            "label": "Ending an Annoyance...",
            "actionid": "talk",
            "startdescription": "I await word....",
            "description": "My minion has not returned. They must have failed. This may yet prove embarrassing.",
            "effects": {
                "follower": -1,
                "notoriety": 1
            },
            "warmup": 10
        },
        {
            "id": "annoyancederangemidmoth",
            "label": "Send a Devious Minion to Drive an Annoyance Insane",
            "actionid": "talk",
            "startdescription": "I want this irritation out of my way. This scheme will probably succeed, but if it fails, it will draw attention.",
            "description": ".",
            "requirements": {
                "annoyance": 1,
                "moth": 5,
                "follower": 1
            },
            "linked": [
                {
                    "id": "annoyancederangesuccess",
                    "chance": 70
                },
                {
                    "id": "annoyancederangefailure",
                    "chance": 100
                }
            ]
        },
        {
            "id": "annoyancederangelowmoth",
            "label": "Send a Devious Minion to Drive an Annoyance Insane",
            "actionid": "talk",
            "startdescription": "I want this Annoyance gone. But my minion's abilities are limited. This might very well fail, and if it does, it will draw attention.",
            "description": ".",
            "requirements": {
                "annoyance": 1,
                "moth": 1,
                "follower": 1
            },
            "linked": [
                {
                    "id": "annoyancederangesuccess",
                    "chance": 30
                },
                {
                    "id": "annoyancederangefailure",
                    "chance": 100
                }
            ]
        },
        {
            "id": "annoyancederangesuccess",
            "label": "Arranging Night Terrors for an Annoyance...",
            "actionid": "talk",
            "startdescription": "I await word....",
            "description": "My minion has returned. The Annoyance is no longer capable of lucid speech, let alone capable of annoying me further.",
            "aspects": {
                "endannoyance": 1
            },
            "warmup": 30
        },
        {
            "id": "annoyancederangefailure",
            "label": "Arranging Night Terrors for an Annoyance...",
            "actionid": "talk",
            "startdescription": "I await word....",
            "description": "My minion has returned. The Annoyance has proven more resilient than we had expected. Their mind remains intact.",
            "effects": {
                "notoriety": 1
            },
            "warmup": 30
        }
    ]
}