{
    "recipes": [
        {
            "id": "use.sanatorium.duplicate.hint",
            "actionid": "use",
            "label": "Run another Sanatorium?",
            "startdescription": "One at a time is enough.",
            "requirements": {
                "licence.medical": 1,
                "space": 2,
                "comfort": 4,
                "year.stolen": 1
            },
            "extantreqs": {
                "opx.sanatorium": 1
            },
            "alt": [
                {
                    "id": "opx.sanatorium.begin",
                    "additional": true,
                    "expulsion": {
                        "limit": 3,
                        "filter": {
                            "space": 1,
                            "licence.medical": 1
                        }
                    }
                }
            ],
            "craftable": false,
            "hintonly": true
        },
        {
            "id": "use.doctorspractice.duplicate.hint",
            "actionid": "use",
            "label": "Run another Doctor's Practice?",
            "startdescription": "One at a time is enough.",
            "requirements": {
                "licence.medical": 1,
                "space": 1,
                "year.stolen": 1
            },
            "extantreqs": {
                "opx.doctor": 1
            },
            "craftable": false,
            "hintonly": true
        },
        {
            "id": "use.miracles.duplicate.hint",
            "actionid": "use",
            "label": "Run another Faith-Healing Cult?",
            "startdescription": "One at a time is enough.",
            "requirements": {
                "connection.holy": 1,
                "space": 1,
                "year.stolen": 1
            },
            "extantreqs": {
                "opx.miracles": 1
            },
            "craftable": false,
            "hintonly": true
        },
        {
            "id": "use.cultseed.flowermaker.duplicate.hint",
            "actionid": "use",
            "label": "Assemble another Esoteric Cult of the Flowermaker?",
            "startdescription": "One at a time is enough.",
            "description": "The congregation is assembling.",
            "requirements": {
                "op.miracles.cultseed": 1,
                "op.flowermaker": 1,
                "space": 1,
                "year.stolen": 1
            },
            "extantreqs": {
                "opx.flowermaker": 1
            },
            "craftable": false,
            "hintonly": true
        },
        {
            "id": "use.cultseed.horned.duplicate.hint",
            "actionid": "use",
            "label": "Assemble another Esoteric Cult of the Horned Axe?",
            "startdescription": "One at a time is enough.",
            "description": "The congregation is assembling.",
            "requirements": {
                "op.miracles.cultseed": 1,
                "op.horned": 1,
                "space": 1,
                "year.stolen": 1
            },
            "extantreqs": {
                "opx.horned": 1
            },
            "craftable": false,
            "hintonly": true
        },
        {
            "id": "use.cultseed.wolf.duplicate.hint",
            "actionid": "use",
            "label": "Assemble another Esoteric Cult of the Wolf Divided?",
            "startdescription": "One at a time is enough.",
            "description": "The congregation is assembling.",
            "requirements": {
                "op.miracles.cultseed": 1,
                "op.wolf": 1,
                "space": 1,
                "year.stolen": 1
            },
            "extantreqs": {
                "opx.wolf": 1
            },
            "craftable": false,
            "hintonly": true
        },
        {
            "id": "use.cultseed.miracles.duplicate.hint",
            "actionid": "use",
            "label": "Continue another Faith-Healing Cult?",
            "startdescription": "One at a time is enough.",
            "description": "The congregation is assembling, again.",
            "requirements": {
                "op.miracles.cultseed": 1,
                "space": 1,
                "year.stolen": 1
            },
            "extantreqs": {
                "opx.miracles": 1
            },
            "craftable": false,
            "hintonly": true
        },
        {
            "id": "use.import.duplicate.hint",
            "actionid": "use",
            "label": "Run another Import Business?",
            "startdescription": "One at a time is enough.",
            "description": "I've opened up shop.",
            "requirements": {
                "licence.import": 1,
                "space": 1,
                "op.sea": 1
            },
            "extantreqs": {
                "opx.import": 1
            },
            "craftable": false,
            "hintonly": true
        },
        {
            "id": "use.counterfeiting.duplicate.hint",
            "actionid": "use",
            "label": "Run another Counterfeiting Operation?",
            "startdescription": "One at a time is enough.",
            "description": "The presses are almost ready.",
            "requirements": {
                "connection.underworld": 1,
                "forge": 6,
                "space": 1
            },
            "extantreqs": {
                "opx.counterfeiting": 1
            },
            "craftable": false,
            "hintonly": true
        },
        {
            "id": "use.smuggling.duplicate.hint",
            "actionid": "use",
            "label": "Run another Smuggling Operation?",
            "startdescription": "One at a time is enough.",
            "description": "Everything is ready.",
            "requirements": {
                "connection.underworld": 1,
                "op.sea": 1,
                "space": 1
            },
            "extantreqs": {
                "opx.smuggling": 1
            },
            "craftable": false,
            "hintonly": true
        },
        {
            "id": "use.fights.duplicate.hint",
            "actionid": "use",
            "label": "Compete in Even More Illegal Fights?",
            "startdescription": "Seriously, though.",
            "requirements": {
                "connection.underworld": 1,
                "year.stolen": 1
            },
            "extantreqs": {
                "opx.fights": 1
            },
            "craftable": false,
            "hintonly": true
        },
        {
            "id": "use.betrayal.duplicate.hint",
            "actionid": "use",
            "label": "Betray another Uprising?",
            "startdescription": "One at a time is enough.",
            "requirements": {
                "connection.radicals": 1,
                "winter": 2,
                "domicile": 1,
                "temptation.defiance": 1
            },
            "extantreqs": {
                "opx.betrayal": 1
            },
            "craftable": false,
            "hintonly": true
        },
        {
            "id": "use.uprising.duplicate.hint",
            "actionid": "use",
            "label": "Assist another Uprising?",
            "startdescription": "One at a time is enough.",
            "comments": "Assumes Radicals add Forge 6",
            "requirements": {
                "connection.radicals": 1,
                "forge": 8,
                "domicile": 1,
                "temptation.defiance": 1,
                "turmoil": -1
            },
            "extantreqs": {
                "opx.uprising": 1
            },
            "craftable": false,
            "hintonly": true
        },
        {
            "id": "use.patronage.duplicate.hint",
            "actionid": "use",
            "label": "Pester the Ruler for Further Patronage?",
            "startdescription": "Perhaps not.",
            "requirements": {
                "connection.ruler": 1,
                "year.stolen": 1
            },
            "extantreqs": {
                "opx.patronage": 1
            },
            "craftable": false,
            "hintonly": true
        },
        {
            "id": "use.sanatorium",
            "actionid": "use",
            "label": "Run a Sanatorium",
            "startdescription": "Once I've treated a couple of wealthy widows, the word will spread quickly. [A reasonably safe way to convert stolen lifespan into cash. Heart aspect cards are often useful when running a Sanatorium.]",
            "description": "The Sanatorium is open.",
            "requirements": {
                "licence.medical": 1,
                "space": 2,
                "comfort": 4,
                "year.stolen": 1
            },
            "extantreqs": {
                "opx.sanatorium": -1
            },
            "effects": {
                "year.stolen": -1
            },
            "warmup": 5,
            "alt": [
                {
                    "id": "opx.sanatorium.setup",
                    "additional": true,
                    "expulsion": {
                        "limit": 3,
                        "filter": {
                            "space": 1,
                            "licence.medical": 1
                        }
                    }
                }
            ],
            "craftable": true
        },
        {
            "id": "use.sanatorium.doctor.hint",
            "actionid": "use",
            "label": "Run a Sanatorium or a Doctor's Practice?",
            "startdescription": "I'll need an Office to run a Doctor's Practice, or a large, but also an impressive venue to run a Sanatorium. A warehouse or other unattractive space won't cut it.",
            "requirements": {
                "licence.medical": 1,
                "space": 2,
                "comfort": -1
            },
            "effects": {
                "year.stolen": -1
            },
            "hintonly": true,
            "craftable": false
        },
        {
            "id": "use.doctorspractice",
            "actionid": "use",
            "label": "Run a Doctor's Practice",
            "startdescription": "My treatments may not be quite what they seem... but my results are always excellent. [A reasonably safe way to convert stolen lifespan into cash. Heart aspect cards are often useful when running a Practice.]",
            "description": "The Practice is open.",
            "requirements": {
                "licence.medical": 1,
                "space": 1,
                "year.stolen": 1,
                "comfort": 1
            },
            "extantreqs": {
                "opx.doctor": -1
            },
            "effects": {
                "year.stolen": -1
            },
            "warmup": 5,
            "alt": [
                {
                    "id": "opx.doctorspractice.setup",
                    "additional": true,
                    "expulsion": {
                        "limit": 3,
                        "filter": {
                            "space": 1,
                            "licence.medical": 1
                        }
                    }
                }
            ],
            "craftable": true
        },
        {
            "id": "use.miracles",
            "actionid": "use",
            "label": "Run a Faith-Healing Cult",
            "startdescription": "I can bring genuine healing miracles to a congregation. [A reasonably safe way to convert stolen lifespan into cash. Moth aspect cards are often useful when running a Cult.]",
            "description": "The congregation is assembling.",
            "requirements": {
                "connection.holy": 1,
                "space": 1,
                "year.stolen": 1
            },
            "extantreqs": {
                "opx.miracles": -1
            },
            "effects": {
                "year.stolen": -1
            },
            "aspects": {
                "fatiguing": 1
            },
            "warmup": 5,
            "alt": [
                {
                    "id": "opx.miracles.setup",
                    "additional": true,
                    "expulsion": {
                        "limit": 4,
                        "filter": {
                            "space": 1,
                            "op.connection.holy": 1
                        }
                    }
                }
            ],
            "craftable": true
        },
        {
            "id": "use.cultseed.flowermaker",
            "actionid": "use",
            "label": "Assemble an Esoteric Cult of the Flowermaker",
            "startdescription": "The Flowermaker's presence is strong here. I'll let the enthusiasts in the congregation pursue their pleasures. [A reasonably safe way to convert stolen lifespan into cash. Moth aspect cards are often useful when running a Cult.]",
            "description": "The congregation is assembling.",
            "requirements": {
                "op.miracles.cultseed": 1,
                "op.flowermaker": 1,
                "space": 1,
                "year.stolen": 1
            },
            "extantreqs": {
                "opx.flowermaker": -1
            },
            "effects": {
                "year.stolen": -1,
                "op.flowermaker": -1
            },
            "warmup": 5,
            "alt": [
                {
                    "id": "opx.flowermaker.setup",
                    "additional": true,
                    "expulsion": {
                        "limit": 3,
                        "filter": {
                            "op.miracles.cultseed": 1,
                            "space": 1
                        }
                    }
                }
            ],
            "craftable": true
        },
        {
            "id": "use.cultseed.horned",
            "actionid": "use",
            "label": "Assemble an Esoteric Cult of the Horned Axe",
            "startdescription": "The Horned-Axe's presence is strong here. Some of the congregation will be drawn to her. [A reasonably safe way to convert stolen lifespan into cash. Moth aspect cards are often useful when running a Cult.]",
            "description": "The congregation is assembling.",
            "requirements": {
                "op.miracles.cultseed": 1,
                "op.horned": 1,
                "space": 1,
                "year.stolen": 1
            },
            "extantreqs": {
                "opx.horned": -1
            },
            "effects": {
                "year.stolen": -1,
                "op.horned": -1
            },
            "warmup": 5,
            "alt": [
                {
                    "id": "opx.horned.setup",
                    "additional": true,
                    "expulsion": {
                        "limit": 3,
                        "filter": {
                            "op.miracles.cultseed": 1,
                            "space": 1
                        }
                    }
                }
            ],
            "craftable": true
        },
        {
            "id": "use.cultseed.wolf",
            "actionid": "use",
            "label": "Assemble an Esoteric Cult of the Wolf Divided",
            "startdescription": "The Wolf Divided's presence is strong here. The more violent members of the congregation will respond to that. [A reasonably safe way to convert stolen lifespan into cash. Moth aspect cards are often useful when running a Cult.]",
            "description": "The congregation is assembling.",
            "requirements": {
                "op.miracles.cultseed": 1,
                "op.wolf": 1,
                "space": 1,
                "year.stolen": 1
            },
            "extantreqs": {
                "opx.wolf": -1
            },
            "effects": {
                "year.stolen": -1,
                "op.wolf": -1
            },
            "warmup": 5,
            "alt": [
                {
                    "id": "opx.wolf.setup",
                    "additional": true,
                    "expulsion": {
                        "limit": 3,
                        "filter": {
                            "op.miracles.cultseed": 1,
                            "space": 1
                        }
                    }
                }
            ],
            "craftable": true
        },
        {
            "id": "use.cultseed.miracles",
            "actionid": "use",
            "label": "Continue a Faith-Healing Cult",
            "startdescription": "Everyone's happy. The show must go on. [A reasonably safe way to convert stolen lifespan into cash. Moth aspect cards are often useful when running a Cult.]",
            "description": "The congregation is assembling, again.",
            "requirements": {
                "op.miracles.cultseed": 1,
                "space": 1,
                "year.stolen": 1
            },
            "extantreqs": {
                "opx.miracles": -1
            },
            "effects": {
                "year.stolen": -1,
                "progress.effectiveness": 1
            },
            "warmup": 5,
            "alt": [
                {
                    "id": "opx.miracles.setup",
                    "additional": true,
                    "expulsion": {
                        "limit": 3,
                        "filter": {
                            "op.miracles.cultseed": 1,
                            "progress.effectiveness": 1,
                            "space": 1
                        }
                    }
                }
            ],
            "craftable": true
        },
        {
            "id": "use.import",
            "actionid": "use",
            "label": "Run an Import Business",
            "startdescription": "And everything's legal. So legal it's a little unnerving. [A reasonably safe way to generate cash. Lantern aspect cards are often useful when running an Import Business.]",
            "description": "I've opened up shop.",
            "requirements": {
                "licence.import": 1,
                "space": 1,
                "op.sea": 1
            },
            "extantreqs": {
                "opx.import": -1
            },
            "warmup": 5,
            "alt": [
                {
                    "id": "opx.import.setup",
                    "additional": true,
                    "expulsion": {
                        "limit": 3,
                        "filter": {
                            "space": 1,
                            "licence.import": 1,
                            "op.sea": 1
                        }
                    }
                }
            ],
            "craftable": true
        },
        {
            "id": "use.counterfeiting",
            "actionid": "use",
            "label": "Run a Counterfeiting Operation",
            "startdescription": "As long as I have the connections and the resources, I can... make money. [A reasonably safe way to generate cash. Forge aspect cards are often useful when running a Counterfeiting Operation.]",
            "description": "The presses are almost ready.",
            "requirements": {
                "connection.underworld": 1,
                "forge": 6,
                "space": 1
            },
            "extantreqs": {
                "opx.counterfeiting": -1
            },
            "warmup": 5,
            "alt": [
                {
                    "id": "opx.counterfeiting.setup",
                    "additional": true,
                    "expulsion": {
                        "limit": 4,
                        "filter": {
                            "op.connection.underworld": 1,
                            "space": 1,
                            "forge": 6
                        }
                    }
                }
            ],
            "craftable": true
        },
        {
            "id": "use.smuggling",
            "actionid": "use",
            "label": "Run a Smuggling Operation",
            "startdescription": "Everything's valuable somewhere. [A reasonably safe way to generate cash. Smuggling operations are generally Subtle, but pay well anyway. Moth aspect cards are often useful when running a  Smuggling Operation.]",
            "description": "Everything is ready.",
            "requirements": {
                "connection.underworld": 1,
                "op.sea": 1,
                "space": 1
            },
            "extantreqs": {
                "opx.smuggling": -1
            },
            "aspects": {
                "fatiguing": 1
            },
            "warmup": 5,
            "alt": [
                {
                    "id": "opx.smuggling.setup",
                    "additional": true,
                    "expulsion": {
                        "limit": 3,
                        "filter": {
                            "op.connection.underworld": 1,
                            "space": 1,
                            "op.sea": 1
                        }
                    }
                }
            ],
            "craftable": true
        },
        {
            "id": "use.fights",
            "actionid": "use",
            "label": "Compete in Illegal Fights",
            "startdescription": "Nasty. But as long as I keep some years on hand, I shouldn't suffer too much permanent damage. [Any failed challenges will result in a Wound, which you won't be able to heal until the Operation is complete. Edge aspect cards are often useful when competing in Illegal Fights.]",
            "requirements": {
                "connection.underworld": 1,
                "year.stolen": 1
            },
            "extantreqs": {
                "opx.fights": -1
            },
            "effects": {
                "year.stolen": -1
            },
            "aspects": {
                "fatiguing": 1
            },
            "warmup": 5,
            "alt": [
                {
                    "id": "opx.fights.setup",
                    "additional": true,
                    "expulsion": {
                        "limit": 3,
                        "filter": {
                            "op.connection.underworld": 1,
                            "space": 1
                        }
                    }
                }
            ],
            "craftable": true
        },
        {
            "id": "use.underworld.hint",
            "actionid": "use",
            "label": "Use Underworld Connections?",
            "requirements": {
                "connection.underworld": 1
            },
            "startdescription": "[Add Forge 6 and Space to begin a counterfeiting operation, a Seaport Opportunity and Space to begin a smuggling operation, or a Stolen Year to compete in illegal fights.]",
            "craftable": false,
            "hintonly": true
        },
        {
            "id": "use.radicals.hint",
            "actionid": "use",
            "label": "Use Connections with Radicals?",
            "requirements": {
                "connection.radicals": 1
            },
            "startdescription": "[Use Forge to assist an Uprising, or Winter to betray it. This is only possible in Troubled cities.]",
            "craftable": false,
            "hintonly": true
        },
        {
            "id": "use.uprising.wolf",
            "actionid": "use",
            "label": "Foment Chaos for the Wolf Divided",
            "startdescription": "'Caput gerat lupinum.' Well, why not, then? What do I owe to anyone, after all? [This will cause suffering and destruction. There will be an opportunity for profit; and it'll be harder for the reckoners to pick up your trail.]",
            "requirements": {
                "connection.radicals": 1,
                "op.wolf": 1,
                "domicile": 1,
                "temptation.defiance": 1,
                "troubled": 1,
                "turmoil": -1
            },
            "extantreqs": {
                "opx.uprising": -1,
                "opx.betrayal": -1
            },
            "aspects": {
                "fatiguing": 1
            },
            "warmup": 5,
            "alt": [
                {
                    "id": "opx.uprising.setup",
                    "additional": true,
                    "expulsion": {
                        "limit": 5,
                        "filter": {
                            "space": 1,
                            "op.connection.radicals": 1,
                            "domicile": 1,
                            "temptation.defiance": 1,
                            "op.wolf.husk.active": 1
                        }
                    }
                }
            ],
            "craftable": true
        },
        {
            "id": "use.betrayal",
            "actionid": "use",
            "label": "Betray an Uprising",
            "startdescription": "This has been a century for revolutions, and it's hardly begun. I'll be saving lives [There will be an opportunity for profit, and you'll win favour with the local authorities. The Colonel likes the status quo.]",
            "requirements": {
                "connection.radicals": 1,
                "winter": 2,
                "domicile": 1,
                "temptation.defiance": 1,
                "troubled": 1,
                "turmoil": -1
            },
            "extantreqs": {
                "opx.betrayal": -1,
                "opx.uprising": -1
            },
            "aspects": {
                "fatiguing": 1
            },
            "warmup": 5,
            "alt": [
                {
                    "id": "opx.betrayal.setup",
                    "additional": true,
                    "expulsion": {
                        "limit": 5,
                        "filter": {
                            "space": 1,
                            "op.connection.radicals": 1,
                            "domicile": 1,
                            "temptation.defiance": 1
                        }
                    }
                }
            ],
            "craftable": true
        },
        {
            "id": "use.uprising",
            "actionid": "use",
            "label": "Assist an Uprising",
            "startdescription": "It'll be messy, but it might even make the world a better place, eventually. [There will be an opportunity for profit; and it'll be harder for the reckoners to pick up your trail. The Lionsmith likes rebellions.]",
            "comments": "Assumes Radicals add Forge 6",
            "requirements": {
                "connection.radicals": 1,
                "forge": 8,
                "domicile": 1,
                "temptation.defiance": 1,
                "troubled": 1,
                "turmoil": -1
            },
            "extantreqs": {
                "opx.uprising": -1,
                "opx.betrayal": -1
            },
            "aspects": {
                "fatiguing": 1
            },
            "warmup": 5,
            "alt": [
                {
                    "id": "opx.uprising.setup",
                    "additional": true,
                    "expulsion": {
                        "limit": 5,
                        "filter": {
                            "space": 1,
                            "op.connection.radicals": 1,
                            "domicile": 1,
                            "temptation.defiance": 1
                        }
                    }
                }
            ],
            "craftable": true
        },
        {
            "id": "use.patronage",
            "actionid": "use",
            "label": "Accept Patronage",
            "startdescription": "There's nothing a ruler wants more than more life, and there's no-one who pays better. I'll need to make sure my patron doesn't understand my methods, though, or they might get ideas. [A reasonably safe way to convert stolen lifespan into cash.]",
            "requirements": {
                "connection.ruler": 1,
                "year.stolen": 1
            },
            "extantreqs": {
                "opx.patronage": -1
            },
            "effects": {
                "year.stolen": -1
            },
            "aspects": {
                "fatiguing": 1
            },
            "warmup": 5,
            "alt": [
                {
                    "id": "opx.patronage.setup",
                    "additional": true,
                    "expulsion": {
                        "limit": 3,
                        "filter": {
                            "op.connection.ruler": 1
                        }
                    }
                }
            ],
            "craftable": true
        },
        {
            "id": "opx.sanatorium.setup",
            "actionid": "opx.sanatorium",
            "label": "A Sanatorium",
            "startdescription": "Setting up...",
            "effects": {
                "ee.sanatorium1.heart.grail": 1
            },
            "linked": [
                {
                    "id": "opx.sanatorium.begin"
                }
            ]
        },
        {
            "id": "opx.doctorspractice.setup",
            "actionid": "opx.doctorspractice",
            "label": "A Doctor's Practice",
            "startdescription": "Setting up...",
            "effects": {
                "ee.doctor1.heart.grail": 1
            },
            "linked": [
                {
                    "id": "opx.doctorspractice.begin"
                }
            ]
        },
        {
            "id": "opx.miracles.setup",
            "actionid": "opx.miracles",
            "label": "A Faith-Healing Cult",
            "startdescription": "Setting up...",
            "effects": {
                "ee.miracles1.moth.grail": 1
            },
            "linked": [
                {
                    "id": "opx.miracles.begin"
                }
            ]
        },
        {
            "id": "opx.flowermaker.setup",
            "actionid": "opx.flowermaker",
            "label": "A Cult of the Flowermaker",
            "startdescription": "Setting up...",
            "effects": {
                "ee.flowermaker1.grail.lantern": 1
            },
            "linked": [
                {
                    "id": "opx.flowermaker.begin"
                }
            ]
        },
        {
            "id": "opx.horned.setup",
            "actionid": "opx.horned",
            "label": "A Cult of the Horned-Axe",
            "startdescription": "Setting up...",
            "effects": {
                "ee.horned1.knock.winter": 1
            },
            "linked": [
                {
                    "id": "opx.horned.begin"
                }
            ]
        },
        {
            "id": "opx.wolf.setup",
            "actionid": "opx.wolf",
            "label": "A Cult of the Wolf Divided",
            "startdescription": "Setting up...",
            "effects": {
                "ee.wolf1.edge.winter": 1
            },
            "linked": [
                {
                    "id": "opx.wolf.begin"
                }
            ]
        },
        {
            "id": "opx.import.setup",
            "actionid": "opx.import",
            "label": "An Import Business",
            "startdescription": "Setting up...",
            "effects": {
                "ee.import1.lantern.heart": 1
            },
            "linked": [
                {
                    "id": "opx.import.begin"
                }
            ]
        },
        {
            "id": "opx.counterfeiting.setup",
            "actionid": "opx.counterfeiting",
            "label": "A Counterfeiting Operation",
            "startdescription": "Setting up...",
            "effects": {
                "ee.counterfeiting1.forge.winter": 1
            },
            "linked": [
                {
                    "id": "opx.counterfeiting.begin"
                }
            ]
        },
        {
            "id": "opx.smuggling.setup",
            "actionid": "opx.smuggling",
            "label": "A Smuggling Operation",
            "startdescription": "Setting up...",
            "effects": {
                "ee.smuggling1.moth.knock": 1
            },
            "linked": [
                {
                    "id": "opx.smuggling.begin"
                }
            ]
        },
        {
            "id": "opx.fights.setup",
            "actionid": "opx.fights",
            "label": "Fighting",
            "startdescription": "Setting up...",
            "effects": {
                "ee.fights1.edge.grail": 1
            },
            "linked": [
                {
                    "id": "opx.fights.begin"
                }
            ]
        },
        {
            "id": "opx.uprising.setup",
            "actionid": "opx.uprising.betrayal",
            "label": "Uprising",
            "startdescription": "Setting up...",
            "effects": {
                "ee.uprising1.edge.heart": 1
            },
            "linked": [
                {
                    "id": "opx.uprising.begin"
                }
            ]
        },
        {
            "id": "opx.betrayal.setup",
            "actionid": "opx.uprising.betrayal",
            "label": "Betrayal",
            "startdescription": "Setting up...",
            "effects": {
                "ee.betrayal1.winter.heart": 1
            },
            "linked": [
                {
                    "id": "opx.betrayal.begin"
                }
            ]
        },
        {
            "id": "opx.patronage.setup",
            "actionid": "opx.patronage",
            "label": "Patronage",
            "startdescription": "Setting up...",
            "effects": {
                "ee.patronage1.heart.lantern": 1
            },
            "linked": [
                {
                    "id": "opx.patronage.begin"
                }
            ]
        },
        {
            "id": "opx.sanatorium.begin",
            "actionid": "opx.sanatorium",
            "label": "A Sanatorium",
            "startdescription": "[Challenges will occur while your Operation is running. If you can match their Aspect requirements by adding cards, your Operation will be subtler, or more effective. Cards will remain in the Operation until the end.]",
            "warmup": 10,
            "slots": [
                {
                    "id": "preparations",
                    "label": "Preparations",
                    "required": {
                        "edge": 1,
                        "forge": 1,
                        "grail": 1,
                        "heart": 1,
                        "knock": 1,
                        "lantern": 1,
                        "moth": 1,
                        "secrethistories": 1,
                        "winter": 1
                    }
                }
            ],
            "linked": [
                {
                    "id": "opx.challenge"
                }
            ]
        },
        {
            "id": "opx.doctorspractice.begin",
            "actionid": "opx.doctorspractice",
            "label": "A Doctor's Practice",
            "startdescription": "Business hours. [Challenges will occur while your Operation is running. If you can match their Aspect requirements by adding cards, your Operation will be subtler, or more effective. Cards will remain in the Operation until the end.]",
            "warmup": 10,
            "slots": [
                {
                    "id": "preparations",
                    "label": "Preparations",
                    "required": {
                        "edge": 1,
                        "forge": 1,
                        "grail": 1,
                        "heart": 1,
                        "knock": 1,
                        "lantern": 1,
                        "moth": 1,
                        "secrethistories": 1,
                        "winter": 1
                    }
                }
            ],
            "linked": [
                {
                    "id": "opx.challenge"
                }
            ]
        },
        {
            "id": "opx.miracles.begin",
            "actionid": "opx.miracles",
            "label": "A Faith-Healing Cult",
            "startdescription": "[Challenges will occur while your Operation is running. If you can match their Aspect requirements by adding cards, your Operation will be subtler, or more effective. Cards will remain in the Operation until the end.]",
            "warmup": 10,
            "slots": [
                {
                    "id": "preparations",
                    "label": "Preparations",
                    "required": {
                        "edge": 1,
                        "forge": 1,
                        "grail": 1,
                        "heart": 1,
                        "knock": 1,
                        "lantern": 1,
                        "moth": 1,
                        "secrethistories": 1,
                        "winter": 1
                    }
                }
            ],
            "linked": [
                {
                    "id": "opx.challenge"
                }
            ]
        },
        {
            "id": "opx.flowermaker.begin",
            "actionid": "opx.flowermaker",
            "label": "A Cult of the Flowermaker",
            "startdescription": "[Challenges will occur while your Operation is running. If you can match their Aspect requirements by adding cards, your Operation will be subtler, or more effective. Cards will remain in the Operation until the end.]",
            "warmup": 10,
            "slots": [
                {
                    "id": "preparations",
                    "label": "Preparations",
                    "required": {
                        "edge": 1,
                        "forge": 1,
                        "grail": 1,
                        "heart": 1,
                        "knock": 1,
                        "lantern": 1,
                        "moth": 1,
                        "secrethistories": 1,
                        "winter": 1
                    }
                }
            ],
            "linked": [
                {
                    "id": "opx.challenge"
                }
            ]
        },
        {
            "id": "opx.horned.begin",
            "actionid": "opx.horned",
            "label": "A Cult of the Horned-Axe",
            "startdescription": "[Challenges will occur while your Operation is running. If you can match their Aspect requirements by adding cards, your Operation will be subtler, or more effective. Cards will remain in the Operation until the end.]",
            "warmup": 10,
            "slots": [
                {
                    "id": "preparations",
                    "label": "Preparations",
                    "required": {
                        "edge": 1,
                        "forge": 1,
                        "grail": 1,
                        "heart": 1,
                        "knock": 1,
                        "lantern": 1,
                        "moth": 1,
                        "secrethistories": 1,
                        "winter": 1
                    }
                }
            ],
            "linked": [
                {
                    "id": "opx.challenge"
                }
            ]
        },
        {
            "id": "opx.wolf.begin",
            "actionid": "opx.wolf",
            "label": "A Cult of the Wolf Divided",
            "startdescription": "[Challenges will occur while your Operation is running. If you can match their Aspect requirements by adding cards, your Operation will be subtler, or more effective. Cards will remain in the Operation until the end.]",
            "warmup": 10,
            "slots": [
                {
                    "id": "preparations",
                    "label": "Preparations",
                    "required": {
                        "edge": 1,
                        "forge": 1,
                        "grail": 1,
                        "heart": 1,
                        "knock": 1,
                        "lantern": 1,
                        "moth": 1,
                        "secrethistories": 1,
                        "winter": 1
                    }
                }
            ],
            "linked": [
                {
                    "id": "opx.challenge"
                }
            ]
        },
        {
            "id": "opx.import.begin",
            "actionid": "opx.import",
            "label": "An Import Business",
            "startdescription": "[Challenges will occur while your Operation is running. If you can match their Aspect requirements by adding cards, your Operation will be subtler, or more effective. Cards will remain in the Operation until the end.]",
            "warmup": 10,
            "slots": [
                {
                    "id": "preparations",
                    "label": "Preparations",
                    "required": {
                        "edge": 1,
                        "forge": 1,
                        "grail": 1,
                        "heart": 1,
                        "knock": 1,
                        "lantern": 1,
                        "moth": 1,
                        "secrethistories": 1,
                        "winter": 1
                    }
                }
            ],
            "linked": [
                {
                    "id": "opx.challenge"
                }
            ]
        },
        {
            "id": "opx.counterfeiting.begin",
            "actionid": "opx.counterfeiting",
            "label": "A Counterfeiting Operation",
            "startdescription": "[Challenges will occur while your Operation is running. If you can match their Aspect requirements by adding cards, your Operation will be subtler, or more effective. Cards will remain in the Operation until the end.]",
            "warmup": 10,
            "slots": [
                {
                    "id": "preparations",
                    "label": "Preparations",
                    "required": {
                        "edge": 1,
                        "forge": 1,
                        "grail": 1,
                        "heart": 1,
                        "knock": 1,
                        "lantern": 1,
                        "moth": 1,
                        "secrethistories": 1,
                        "winter": 1
                    }
                }
            ],
            "linked": [
                {
                    "id": "opx.challenge"
                }
            ]
        },
        {
            "id": "opx.smuggling.begin",
            "actionid": "opx.smuggling",
            "label": "A Smuggling Operation",
            "startdescription": "[Challenges will occur while your Operation is running. If you can match their Aspect requirements by adding cards, your Operation will be subtler, or more effective. Cards will remain in the Operation until the end.]",
            "warmup": 10,
            "slots": [
                {
                    "id": "preparations",
                    "label": "Preparations",
                    "required": {
                        "edge": 1,
                        "forge": 1,
                        "grail": 1,
                        "heart": 1,
                        "knock": 1,
                        "lantern": 1,
                        "moth": 1,
                        "secrethistories": 1,
                        "winter": 1
                    }
                }
            ],
            "linked": [
                {
                    "id": "opx.challenge"
                }
            ]
        },
        {
            "id": "opx.fights.begin",
            "actionid": "opx.fights",
            "label": "Fighting",
            "startdescription": "[Challenges will occur while your Operation is running. If you can match their Aspect requirements by adding cards, your Operation will be subtler, or more effective. Cards will remain in the Operation until the end.]",
            "warmup": 10,
            "slots": [
                {
                    "id": "preparations",
                    "label": "Preparations",
                    "required": {
                        "edge": 1,
                        "forge": 1,
                        "grail": 1,
                        "heart": 1,
                        "knock": 1,
                        "lantern": 1,
                        "moth": 1,
                        "secrethistories": 1,
                        "winter": 1
                    }
                }
            ],
            "linked": [
                {
                    "id": "opx.challenge"
                }
            ]
        },
        {
            "id": "opx.uprising.begin",
            "actionid": "opx.uprising.betrayal",
            "label": "Uprising",
            "startdescription": "[Challenges will occur while your Operation is running. If you can match their Aspect requirements by adding cards, your Operation will be subtler, or more effective. Cards will remain in the Operation until the end.]",
            "warmup": 10,
            "slots": [
                {
                    "id": "preparations",
                    "label": "Preparations",
                    "required": {
                        "edge": 1,
                        "forge": 1,
                        "grail": 1,
                        "heart": 1,
                        "knock": 1,
                        "lantern": 1,
                        "moth": 1,
                        "secrethistories": 1,
                        "winter": 1
                    }
                }
            ],
            "linked": [
                {
                    "id": "opx.challenge"
                }
            ]
        },
        {
            "id": "opx.betrayal.begin",
            "actionid": "opx.uprising.betrayal",
            "label": "Betrayal",
            "startdescription": "[Challenges will occur while your Operation is running. If you can match their Aspect requirements by adding cards, your Operation will be subtler, or more effective. Cards will remain in the Operation until the end.]",
            "warmup": 10,
            "slots": [
                {
                    "id": "preparations",
                    "label": "Preparations",
                    "required": {
                        "edge": 1,
                        "forge": 1,
                        "grail": 1,
                        "heart": 1,
                        "knock": 1,
                        "lantern": 1,
                        "moth": 1,
                        "secrethistories": 1,
                        "winter": 1
                    }
                }
            ],
            "linked": [
                {
                    "id": "opx.challenge"
                }
            ]
        },
        {
            "id": "opx.patronage.begin",
            "actionid": "opx.patronage",
            "label": "Patronage",
            "startdescription": "[Challenges will occur while your Operation is running. If you can match their Aspect requirements by adding cards, your Operation will be subtler, or more effective. Cards will remain in the Operation until the end.]",
            "warmup": 10,
            "slots": [
                {
                    "id": "preparations",
                    "label": "Preparations",
                    "required": {
                        "edge": 1,
                        "forge": 1,
                        "grail": 1,
                        "heart": 1,
                        "knock": 1,
                        "lantern": 1,
                        "moth": 1,
                        "secrethistories": 1,
                        "winter": 1
                    }
                }
            ],
            "linked": [
                {
                    "id": "opx.challenge"
                }
            ]
        },
        {
            "id": "opx.challenge",
            "actionid": "opx.",
            "label": "A Challenge",
            "startdescription": "@#ee.doctor1.heart.grail|Doctor's Practice: Cure the sick, or give the old a shot of youth?\n#ee.doctor2.heart.knock|Doctor's Practice: Quietly cure the sick, or focus on miraculously healing the wounded?\n#ee.doctor3.heart.forge|Doctor's Practice: Quietly cure the sick, or build showy props?\n#ee.sanatorium1.heart.grail|Sanatorium: Cure the sick, or give the old a shot of youth?\n#ee.sanatorium2.heart.knock|Sanatorium: Quietly cure the sick, or focus on miraculously healing the wounded?\n#ee.sanatorium3.heart.forge|Sanatorium: Quietly cure the sick, or build showy props?\n#ee.miracles1.moth.grail|Faith-Healing Cult: Preach parables, or pleasure?\n#ee.miracles2.moth.lantern|Faith-Healing Cult: Be carefully vague, or share real secrets?\n#ee.miracles3.moth.winter|Faith-Healing Cult: Comforting misdirection, or bleak revelation?\n#ee.flowermaker1.grail.lantern|Flowermaker Cult: Ceremonies of private pleasure or of public revelation?\n#ee.flowermaker2.grail.knock|Flowermaker Cult: Draw the velvet curtains close, or fling wide the doors of sensation?\n#ee.flowermaker3.grail.winter|Flowermaker Cult: Seduction, or awe?\n#ee.horned1.knock.winter|Horned-Axe Cult: Call up whatever visitors may come, or put down what will not go?\n#ee.horned2.knock.forge|Horned-Axe Cult: Ask assistance from whatever visitors may come, or set the congregation to work?\n#ee.horned3.knock.lantern|Horned-Axe Cult: The door, or the lamp?\n#ee.wolf1.edge.winter|Wolf Divided Cult: Agony, or ice?\n#ee.wolf2.edge.lantern|Wolf Divided Cult: Agony, or blindness?\n#ee.wolf3.grail.winter|Wolf Divided Cult: Ice, or blood?\n#ee.import1.lantern.heart|Import Business: Look for new opportunities, or keep the business ticking over?\n#ee.import2.lantern.forge|Import Business: Look for new opportunities, or improve what you have?\n#ee.import3.lantern.winter|Import Business: Look for new opportunities, or begin preparations to move on?\n#ee.counterfeiting1.forge.winter|Counterfeiting Operation: Increase production, or show caution?\n#ee.counterfeiting2.forge.moth|Counterfeiting Operation: Increase production, or focus on deception?\n#ee.counterfeiting3.forge.grail|Counterfeiting Operation: Increase production, or pay off troublemakers?\n#ee.smuggling1.moth.knock|Smuggling Operation: More camouflage, or more shipments?\n#ee.smuggling2.moth.heart|Smuggling Operation: More camouflage, or more care?\n#ee.smuggling3.moth.winter|Smuggling Operation: Stealthily, or quietly?\n#ee.fights1.edge.grail|Illegal Fights: Boldness, or bribery?\n#ee.fights2.edge.moth|Illegal Fights: Tough, or quick?\n#ee.fights3.edge.forge|Illegal Fights: Fists, or weapons?\n#ee.uprising1.edge.heart|Uprising: Words, or guns?\n#ee.uprising2.edge.heart|Uprising: Words, or guns?\n#ee.uprising3.edge.heart|Uprising: Words, or guns?\n#ee.betrayal1.winter.heart|Betraying an Uprising: Persuasion, or murder?\n#ee.betrayal2.winter.heart|Betraying an Uprising: Persuasion, or murder?\n#ee.betrayal3.winter.heart|Betraying an Uprising: Persuasion, or murder?\n#ee.patronage1.heart.lantern|Patronage: Discreet, or dramatic?\n#ee.patronage2.heart.lantern|Patronage: Discreet, or dramatic?\n#ee.patronage3.heart.lantern|Patronage: Discreet, or dramatic?\n#|A challenge lies ahead.@\n\n[Match the Challenge with Edge, Forge, Knock or Lantern to increase Effectiveness. Alternatively, match it with Heart, Grail, Moth, or Winter to increase Subtlety.]",
            "warmup": 60,
            "requirements": {
                "complication": 1
            },
            "slots": [
                {
                    "id": "response",
                    "label": "Response",
                    "required": {
                        "edge": 1,
                        "forge": 1,
                        "grail": 1,
                        "heart": 1,
                        "knock": 1,
                        "lantern": 1,
                        "moth": 1,
                        "secrethistories": 1,
                        "winter": 1
                    }
                }
            ],
            "alt": [
                {
                    "id": "opx.tryresolve.edge"
                },
                {
                    "id": "opx.tryresolve.forge"
                },
                {
                    "id": "opx.tryresolve.lantern"
                },
                {
                    "id": "opx.tryresolve.knock"
                },
                {
                    "id": "opx.tryresolve.grail"
                },
                {
                    "id": "opx.tryresolve.heart"
                },
                {
                    "id": "opx.tryresolve.moth"
                },
                {
                    "id": "opx.tryresolve.secrethistories"
                },
                {
                    "id": "opx.tryresolve.winter"
                }
            ],
            "linked": [
                {
                    "id": "opx.challenge.failed"
                }
            ]
        },
        {
            "id": "opx.tryresolve.edge",
            "actionid": "opx.",
            "label": "The Bright Edge",
            "startdescription": "I'm addressing a challenge with Edge. This will increase Effectiveness.",
            "requirements": {
                "minedge": 1,
                "edge": "minedge"
            },
            "effects": {
                "progress.effectiveness": 1
            },
            "linked": [
                {
                    "id": "opx.next"
                }
            ]
        },
        {
            "id": "opx.tryresolve.forge",
            "actionid": "opx.",
            "label": "Hammer and Anvil",
            "startdescription": "I'm addressing a challenge with Forge. This will increase Effectiveness.",
            "requirements": {
                "minforge": 1,
                "forge": "minforge"
            },
            "effects": {
                "progress.effectiveness": 1
            },
            "linked": [
                {
                    "id": "opx.next"
                }
            ]
        },
        {
            "id": "opx.tryresolve.grail",
            "actionid": "opx.",
            "label": "Delight and its Daughters",
            "startdescription": "I'm addressing a challenge with Grail. This will increase Subtlety.",
            "requirements": {
                "mingrail": 1,
                "grail": "mingrail"
            },
            "effects": {
                "progress.subtlety": 1
            },
            "linked": [
                {
                    "id": "opx.next"
                }
            ]
        },
        {
            "id": "opx.tryresolve.heart",
            "actionid": "opx.",
            "label": "The Drum Unceasing",
            "startdescription": "I'm addressing a challenge with Heart. This will increase Subtlety.",
            "requirements": {
                "minheart": 1,
                "heart": "minheart"
            },
            "effects": {
                "progress.subtlety": 1
            },
            "linked": [
                {
                    "id": "opx.next"
                }
            ]
        },
        {
            "id": "opx.tryresolve.knock",
            "actionid": "opx.",
            "label": "All Wounds Are Doors",
            "startdescription": "I'm addressing a challenge with Knock. This will increase Effectiveness.",
            "requirements": {
                "minknock": 1,
                "knock": "minknock"
            },
            "effects": {
                "progress.effectiveness": 1
            },
            "linked": [
                {
                    "id": "opx.next"
                }
            ]
        },
        {
            "id": "opx.tryresolve.lantern",
            "actionid": "opx.",
            "label": "Illumination",
            "startdescription": "I'm addressing a challenge with Lantern. This will increase Effectiveness.",
            "requirements": {
                "minlantern": 1,
                "lantern": "minlantern"
            },
            "effects": {
                "progress.effectiveness": 1
            },
            "linked": [
                {
                    "id": "opx.next"
                }
            ]
        },
        {
            "id": "opx.tryresolve.moth",
            "actionid": "opx.",
            "label": "Smoke and Mirrors",
            "startdescription": "I'm addressing a challenge with Moth. This will increase Subtlety.",
            "requirements": {
                "minmoth": 1,
                "moth": "minmoth"
            },
            "effects": {
                "progress.subtlety": 1
            },
            "linked": [
                {
                    "id": "opx.next"
                }
            ]
        },
        {
            "id": "opx.tryresolve.secrethistories",
            "actionid": "opx.",
            "label": "Not Only One History",
            "startdescription": "I'm addressing a challenge with Secret Histories. This will increase Subtlety.",
            "requirements": {
                "minsecrethistories": 1,
                "secrethistories": "minsecrethistories"
            },
            "effects": {
                "progress.subtlety": 1
            },
            "linked": [
                {
                    "id": "opx.next"
                }
            ]
        },
        {
            "id": "opx.tryresolve.winter",
            "actionid": "opx.",
            "label": "Night Deepens",
            "startdescription": "I'm addressing a challenge with Winter. This will increase Subtlety.",
            "requirements": {
                "minwinter": 1,
                "winter": "minwinter"
            },
            "effects": {
                "progress.subtlety": 1
            },
            "linked": [
                {
                    "id": "opx.next"
                }
            ]
        },
        {
            "id": "opx.challenge.failed",
            "actionid": "opx.",
            "label": "Missed Challenge!",
            "startdescription": "That could have gone better.",
            "aspects": {
                "failure": 1
            },
            "warmup": 5,
            "linked": [
                {
                    "id": "opx.next"
                }
            ]
        },
        {
            "id": "opx.next",
            "actionid": "opx.",
            "label": "An Operation Continues",
            "startdescription": "@#opx.doctor|Patients come and go at my  Doctor's Practice.<br><br><i>'Next.'</i>\n\n#opx.sanatorium|Patients come and go at my Sanatorium.<br><br><i>'My staff will see you to your room.'</i>\n\n\n#opx.miracles|More recruits for my Faith-Healing Cult.<br><br><i>'Rejoice!'</i>\n\n#opx.flowermaker|More rites at my  Esoteric Cult of the Flowermaker.<br><br><i>'Love is the law, but there is more.'</i>\n\n\n#opx.horned|More rites at my Esoteric Cult of the Horned-Axe.<br><br><i>'We will divide what should never have been joined.'</i>\n\n\n#opx.wolf|More rites at my Esoteric Cult of the Wolf Divided.<br><br><i>'Agony is the gate of vengeance.'</i>\n\n\n#opx.counterfeiting|My Counterfeiting Operation is still running.<br><br><i>'Keep it running.' </i>\n\n\n#opx.smuggling|My Smuggling Operation is still running.<br><br><i>'No lights!'</i>\n\n\n#opx.import|My Import Business is still running.<br><br><i>'Sign here.'</i>\n\n\n#opx.fights|More illegal fights. I'll be ready.<br><br><i>'Who's NEXT?'</i>\n\n\n#opx.uprising|My uprising approaches its climax.<br><br><i>'Very soon, now.'</i>\n\n\n#opx.betrayal|My betrayal of local radicals is progressing..<br><br><i>'You can trust me.'</i>\n\n\n#opx.patronage|I'm benefitting from my Patronage.<br><br><i>'Yes, I'm expected.'</i>\n\n@",
            "aspects": {
                "next": 1
            },
            "warmup": 5,
            "linked": [
                {
                    "id": "opx.challenge"
                },
                {
                    "id": "opx.end"
                }
            ]
        },
        {
            "id": "opx.end",
            "actionid": "opx.",
            "label": "An Operation is Complete",
            "startdescription": "@#opx.doctor|'I'm delighted to see you looking so much better.'\n#opx.sanatorium|'See you next year.'\n#opx.miracles|'And now, I must leave you.'\n#opx.flowermaker|'Remember me fondly.'\n#opx.horned|'An end, a beginning.'\n#opx.wolf|'Your time has come.'\n#opx.counterfeiting|'Shut it down.'\n#opx.smuggling|'Close it up.'\n#opx.import|'Bring me the ledgers.'\n#opx.fights|'...ugh.'\n#opx.uprising|'This is the day we've worked for!'\n#opx.betrayal|'You'll find them at this address...'\n#opx.patronage|'There's a little business I need to take care of.'@",
            "warmup": 5,
            "burnimage": "operation.complete",
            "aspects": {
                "fatiguing": 1
            },
            "effects": {
                "cash": "opx.basepayout"
            },
            "linked": [
                {
                    "id": "opx.end.subtlety3"
                },
                {
                    "id": "opx.end.subtlety2"
                },
                {
                    "id": "opx.end.subtlety1"
                },
                {
                    "id": "opx.end.subtlety0"
                },
                {
                    "id": "opx.end.effectiveness"
                }
            ]
        },
        {
            "id": "opx.end.subtlety3",
            "actionid": "opx.",
            "warmup": 5,
            "label": "Operation Complete: An Invisible Art?",
            "startdescription": "My works are written in water. [You achieved three Subtlety. You've not only avoided the risk of Traces, but gained an Obscurity.]",
            "requirements": {
                "progress.subtlety": 3
            },
            "effects": {
                "progress.subtlety": -3,
                "obscurity": 1
            },
            "linked": [
                {
                    "id": "opx.end.effectiveness"
                },
                {
                    "id": "opx.end.special.router"
                }
            ]
        },
        {
            "id": "opx.end.subtlety2",
            "actionid": "opx.",
            "warmup": 5,
            "label": "Operation Complete: A Light Touch",
            "startdescription": "I've been careful. [You achieved two Subtlety. There is a slight risk of a Trace.]",
            "requirements": {
                "progress.subtlety": 2
            },
            "aspects": {
                "minortracerisk": 1
            },
            "effects": {
                "progress.subtlety": -3
            },
            "linked": [
                {
                    "id": "opx.end.effectiveness"
                },
                {
                    "id": "opx.end.special.router"
                }
            ]
        },
        {
            "id": "opx.end.subtlety1",
            "actionid": "opx.",
            "warmup": 5,
            "label": "Operation Complete: For Those With Eyes To See",
            "startdescription": "I could have been subtler. [You achieved one Subtlety. There is a significant risk of a Trace.]",
            "requirements": {
                "progress.subtlety": 1
            },
            "aspects": {
                "tracerisk": 1
            },
            "effects": {
                "progress.subtlety": -3
            },
            "linked": [
                {
                    "id": "opx.end.effectiveness"
                },
                {
                    "id": "opx.end.special.router"
                }
            ]
        },
        {
            "id": "opx.end.subtlety0",
            "actionid": "opx.",
            "warmup": 5,
            "label": "Operation Complete: Loose Ends",
            "startdescription": "Subtlety wasn't my priority here. [You achieved one Subtlety. There is a serious risk of a Trace.]",
            "aspects": {
                "majortracerisk": 1
            },
            "effects": {
                "progress.subtlety": -3
            },
            "linked": [
                {
                    "id": "opx.end.effectiveness"
                },
                {
                    "id": "opx.end.special.router"
                }
            ]
        },
        {
            "id": "opx.end.effectiveness",
            "actionid": "opx.",
            "label": "Operation Complete: Return on Investment",
            "startdescription": "I've got good value for my years.",
            "aspects": {
                "success": 1
            },
            "warmup": 5,
            "requirements": {
                "progress.effectiveness": 1
            },
            "effects": {
                "cash": "progress.effectiveness",
                "progress.effectiveness": -3
            },
            "linked": [
                {
                    "id": "opx.end.effectiveness"
                },
                {
                    "id": "opx.end.special.router"
                }
            ]
        },
        {
            "id": "opx.end.special.router",
            "actionid": "opx.",
            "label": "[Special Outcomes]",
            "linked": [
                {
                    "id": "opx.end.uprising"
                },
                {
                    "id": "opx.end.betrayal"
                }
            ]
        },
        {
            "id": "opx.end.uprising",
            "actionid": "opx.",
            "label": "An Uprising!",
            "startdescription": "Our plans are laid, and today will end in fire.",
            "description": "This is a victory for the people. It always is.",
            "aspects": {
                "uprising": 1
            },
            "purge": {
                "trace": 100,
                "op": 100,
                "connection.ruler": 100,
                "connection.official": 100
            },
            "warmup": 30,
            "requirements": {
                "opx.uprising.complete": 1
            },
            "effects": {
                "trail.false.exile": 1
            },
            "linked": [
                {
                    "id": "opx.end.uprising.wolf"
                },
                {
                    "id": "opx.end.uprising.colonel"
                },
                {
                    "id": "opx.end.uprising.lionsmith"
                }
            ]
        },
        {
            "id": "opx.end.betrayal",
            "actionid": "opx.",
            "label": "An Uprising Betrayed!",
            "startdescription": "Our plans are laid, but today won't end as any of them expected.",
            "description": "Order's been maintained, and the authorities are grateful.",
            "requirements": {
                "opx.betrayal.complete": 1
            },
            "effects": {
                "connection.ruler": 1,
                "op.connection.radicals": -1
            },
            "purge": {
                "connection.radicals": 100
            },
            "warmup": 30,
            "linked": [
                {
                    "id": "opx.end.betrayal.colonel"
                },
                {
                    "id": "opx.end.betrayal.lionsmith"
                }
            ]
        },
        {
            "id": "opx.end.uprising.wolf",
            "actionid": "opx.",
            "label": "A Feast of Fires",
            "startdescription": "'When we know not whom we serve,' Julian Coseley said once, 'we serve the Wolf Divided.' But I knew what I was doing. [Defiance has been increased. There's no limit to the number of times you can do this.]",
            "requirements": {
                "op.wolf.husk.active": 1
            },
            "mutations": [
                {
                    "filter": "temptation.defiance",
                    "mutate": "defiancemarks",
                    "level": 2,
                    "additive": true
                }
            ]
        },
        {
            "id": "opx.end.uprising.colonel",
            "actionid": "opx.",
            "label": "The Colonel's Pique",
            "startdescription": "The Colonel dislikes revolutions. I will fall in his estimation. [Defiance has been reduced.]",
            "requirements": {
                "defiance.uprising": -1,
                "defiance.consecration.colonel": 1
            },
            "mutations": [
                {
                    "filter": "temptation.defiance",
                    "mutate": "defiancemarks",
                    "level": -1,
                    "additive": true
                },
                {
                    "filter": "temptation.defiance",
                    "mutate": "defiance.uprising",
                    "level": 1,
                    "additive": false
                }
            ]
        },
        {
            "id": "opx.end.uprising.lionsmith",
            "actionid": "opx.",
            "label": "The Lionsmith's Delight",
            "startdescription": "The Lionsmith delights in revolutions. He will favour me further. [Defiance has been increased.]",
            "requirements": {
                "defiance.uprising": -1,
                "defiance.consecration.lionsmith": 1
            },
            "mutations": [
                {
                    "filter": "temptation.defiance",
                    "mutate": "defiancemarks",
                    "level": 1,
                    "additive": true
                },
                {
                    "filter": "temptation.defiance",
                    "mutate": "defiance.uprising",
                    "level": 1,
                    "additive": false
                }
            ]
        },
        {
            "id": "opx.end.betrayal.colonel",
            "actionid": "opx.",
            "label": "The Colonel's Satisfaction",
            "startdescription": "The Colonel enjoys the preservation of the status quo. I will rise in his estimation. [Defiance has been increased.]",
            "requirements": {
                "defiance.betrayal": -1,
                "defiance.consecration.colonel": 1
            },
            "mutations": [
                {
                    "filter": "temptation.defiance",
                    "mutate": "defiancemarks",
                    "level": 1,
                    "additive": true
                },
                {
                    "filter": "temptation.defiance",
                    "mutate": "defiance.betrayal",
                    "level": 1,
                    "additive": false
                }
            ]
        },
        {
            "id": "opx.end.betrayal.lionsmith",
            "actionid": "opx.",
            "label": "The Lionsmith's Ire",
            "startdescription": "The Lionsmith's power waxes in revolutions. He may withdraw his favour. [Defiance has been reduced.]",
            "requirements": {
                "defiance.betrayal": -1,
                "defiance.consecration.lionsmith": 1
            },
            "mutations": [
                {
                    "filter": "temptation.defiance",
                    "mutate": "defiancemarks",
                    "level": -1,
                    "additive": true
                },
                {
                    "filter": "temptation.defiance",
                    "mutate": "defiance.betrayal",
                    "level": 1,
                    "additive": false
                }
            ]
        }
    ]
}