{
    "elements": [
        {
            "id": "textbookreason",
            "label": "論文集",
            "aspects": {
                "text": 1,
                "auctionable": 1
            },
            "description": "心が刃物ならば、これは砥石である。[勉強すると、「博学：学んだ教訓」を獲得できる。これを使えば理性を高めることができるかもしれない。]"
        },
        {
            "id": "textbookpassion",
            "label": "詩集",
            "aspects": {
                "text": 1,
                "auctionable": 1
            },
            "description": "詩人は、すべての五感を、計り知れないほど、長く、意図的に錯乱させることで、自分自身を預言者とする......ありがたいことにこれは、知恵の反対だ。[勉強すると「煌めき：学んだ教訓」を獲得できる。これを使えば情熱を高めることができるかもしれない。」"
        },
        {
            "id": "genericrubbishbook",
            "label": "すごい秘密のなんとかかんとか",
            "aspects": {
                "text": 1,
                "auctionable": 1
            },
            "description": "「隠れた世界」についての中途半端な噂と、現代の道徳の無意味さを説明するもの。あり得ない、捏造された確率の高い道楽についても綴られている。[この本を買ってきたということは、店に興味深い本が全く残っていなかったということだろう。]"
        }
    ]
}
