{
    "elements": [
        {
            "id": "dehoris1latin",
            "unique": true,
            "label": "デ・ホリス（第1巻）",
            "aspects": {
                "text": 1,
                "auctionable": 1,
                "textlatin": 1
            },
            "description": "ラテン語。4世紀の作品の14世紀の翻訳版を19世紀に復刻したもの（不屈のナサニエル・ダーシー＝エバース著）。",
            "xtriggers": {
                "scholarlatin": "dehoris1"
            }
        },
        {
            "id": "dehoris2latin",
            "unique": true,
            "label": "デ・ホリス（第2巻）",
            "aspects": {
                "text": 1,
                "auctionable": 1,
                "textlatin": 1
            },
            "description": "ラテン語。4世紀の作品の14世紀の翻訳版を19世紀に復刻したもの（不屈のナサニエル・ダーシー＝エバース著）。",
            "xtriggers": {
                "scholarlatin": "dehoris2"
            }
        },
        {
            "id": "debellismurorumlatin",
            "unique": true,
            "label": "デ・ベリス・ミュローラム",
            "aspects": {
                "text": 1,
                "auctionable": 1,
                "textlatin": 1
            },
            "description": "ラテン語。偽名「ソリプシストス」による18世紀の叙事詩。",
            "xtriggers": {
                "scholarlatin": "debellismurorum"
            }
        },
        {
            "id": "onwhatiscontainedbysilvergreek",
            "unique": true,
            "label": "銀に閉じ込められたもの",
            "aspects": {
                "text": 1,
                "auctionable": 1,
                "textgreek": 1
            },
            "description": "ポイマンドロスの動物寓話集。ギリシャ語。",
            "xtriggers": {
                "scholargreek": "onwhatiscontainedbysilver"
            }
        },
        {
            "id": "truecompleteasclepiangreek",
            "unique": true,
            "label": "アスクレピアンの家の起源に関する謎の真相・完全版",
            "aspects": {
                "text": 1,
                "auctionable": 1,
                "textgreek": 1
            },
            "description": "「ライリー・グリース」によって、恐らく古書から、再現された作品。ギリシャ語版。",
            "xtriggers": {
                "scholargreek": "truecompleteasclepian"
            }
        },
        {
            "id": "orchidtransfigurations1latin",
            "unique": true,
            "label": "蘭の変容 第1巻",
            "aspects": {
                "text": 1,
                "auctionable": 1,
                "textlatin": 1
            },
            "description": "この本は、ロバート・フラッドが書いたとされる16世紀の錬金術師の狂言を年代記にしたもので、しばしばその心を揺さぶる挿絵のせいで禁止処分を受けていた。ラテン語で書かれている。",
            "xtriggers": {
                "scholarlatin": "orchidtransfigurations1"
            }
        },
        {
            "id": "orchidtransfigurations2latin",
            "unique": true,
            "label": "蘭の変容 第2巻",
            "aspects": {
                "text": 1,
                "auctionable": 1,
                "textlatin": 1
            },
            "description": "この本は、ロバート・フラッドが書いたとされる16世紀の錬金術師の狂言を年代記にしたもので、しばしばその心を揺さぶる挿絵のせいで禁止処分を受けていた。ラテン語で書かれている。",
            "xtriggers": {
                "scholarlatin": "orchidtransfigurations2"
            }
        },
        {
            "id": "orchidtransfigurations3latin",
            "unique": true,
            "label": "蘭の変容 第3巻",
            "aspects": {
                "text": 1,
                "auctionable": 1,
                "textlatin": 1
            },
            "description": "この本は、ロバート・フラッドが書いたとされる16世紀の錬金術師の狂言を年代記にしたもので、しばしばその心を揺さぶる挿絵のせいで禁止処分を受けていた。ラテン語で書かれている。",
            "xtriggers": {
                "scholarlatin": "orchidtransfigurations3"
            }
        },
        {
            "id": "geminiadfucine",
            "unique": true,
            "label": "双子",
            "aspects": {
                "knock": 2,
                "tool": 1,
                "text": 1,
                "auctionable": 1,
                "textfucine": 1
            },
            "xtriggers": {
                "scholarfucine": "geminiad"
            },
            "description": "悲しみと輝きに満ちた美しさを現す1組の形と、すべての月の満ち欠けに照らされた、脆い写本。7世紀と同じくらい古いかもしれないが、言語――フチーノ語――は更に古い。珊瑚が表紙を飾り、ページの端は喉を切り裂くほどの鋭さを持っている。"
        },
        {
            "id": "textbookfucinelatin",
            "unique": true,
            "label": "アレッサンドロ・ラクローチェの暗号化された日記",
            "aspects": {
                "text": 1,
                "auctionable": 1,
                "textlatin": 1
            },
            "description": "アレッサンドロ・ラクローチェ王子は、イタリア中部のフチーノ湿原から採取された石板の秘密の研究に何年も費やした。彼の研究により、フチーノ語を解読することができるようになるが......それは単純なラテン語で書かれている。まずはそれを解読しなくてはいけない。",
            "xtriggers": {
                "scholarlatin": "textbookfucine"
            }
        },
        {
            "id": "textbookphrygiangreek",
            "unique": true,
            "label": "ベルショーンの碑文",
            "aspects": {
                "text": 1,
                "auctionable": 1,
                "textgreek": 1
            },
            "description": "ギリシャ語とフリュギア語で一致する何百行もの詩。壁から複写された。カル・ベルショーンがハリカルナッソスで発見した碑文に似ている（または同一のもの）。[ギリシャ語が話せるなら、これをフリュギア語を学ぶことができる。]",
            "xtriggers": {
                "scholargreek": "textbookphrygian"
            }
        },
        {
            "id": "textbookmandaicaramaic",
            "unique": true,
            "label": "八月の石",
            "aspects": {
                "text": 1,
                "auctionable": 1,
                "textaramaic": 1
            },
            "description": "黒い玄武岩から彫られた、銅鑼のように大きな器には、ディープマンダ語とアラム語で同じ魔除け呪文が書かれている。[アラム語が話せるなら、これを使ってディープマンダ語を習得できる。]",
            "xtriggers": {
                "scholararamaic": "textbookmandaic"
            }
        },
        {
            "id": "textbookvaksanskrit",
            "unique": true,
            "label": "謎めいた彫刻",
            "aspects": {
                "text": 1,
                "auctionable": 1,
                "textsanskrit": 1
            },
            "description": "信じられないほど複雑な象牙の彫刻。その表面にはサンスクリット語とヴャック語の碑文が絡み合っている。[サンスクリット語を知っていれば、これを使って世界の原語であるヴャック語を学ぶことができる。]",
            "xtriggers": {
                "scholarsanskrit": "textbookvak"
            }
        },
        {
            "id": "irreproachabletraditionssocietynobleendeavourlatin",
            "unique": true,
            "label": "申し分のない伝統......",
            "aspects": {
                "text": 1,
                "auctionable": 2,
                "textlatin": 1
            },
            "description": "『高貴な試みの会の申し分のない伝統』。ラテン語版。",
            "xtriggers": {
                "scholarlatin": "irreproachabletraditionssocietynobleendeavour"
            }
        },
        {
            "id": "roseofnurielgreek",
            "unique": true,
            "label": "ヌリエルの薔薇",
            "aspects": {
                "text": 1,
                "auctionable": 2,
                "textgreek": 1
            },
            "description": "黙想者の秘密結社である絆の姉妹団の印が3重に付いている。ギリシャ語版。",
            "xtriggers": {
                "scholargreek": "roseofnuriel"
            }
        },
        {
            "id": "roseofhypatiagreek",
            "unique": true,
            "label": "ヒュパティアの薔薇",
            "aspects": {
                "text": 1,
                "auctionable": 2,
                "textgreek": 1
            },
            "description": "黙想者の秘密結社である絆の姉妹団の印が3重に付いている。ギリシャ語版。",
            "xtriggers": {
                "scholargreek": "roseofhypatia"
            }
        },
        {
            "id": "roseofwazneigreek",
            "unique": true,
            "label": "ワズネイの薔薇",
            "aspects": {
                "text": 1,
                "auctionable": 2,
                "textgreek": 1
            },
            "description": "黙想者の秘密結社である絆の姉妹団の印が3重に付いているが......4つ目の葉が追加されたため、印の形が変わってしまっている。ギリシャ語版。",
            "xtriggers": {
                "scholargreek": "roseofwaznei"
            }
        },
        {
            "id": "sunsetpassageslatin",
            "unique": true,
            "label": "夕焼けの道",
            "aspects": {
                "text": 1,
                "auctionable": 2,
                "textlatin": 1
            },
            "description": "多くの歴史の中で、地下へと追いやられてきた「無敵な太陽教会」の聖典。ラテン語版。",
            "xtriggers": {
                "scholarlatin": "sunsetpassages"
            }
        },
        {
            "id": "gospelzacchaeusgreek",
            "unique": true,
            "label": "ザアカイの福音書",
            "aspects": {
                "text": 1,
                "auctionable": 2,
                "textgreek": 1
            },
            "description": "失われた初期キリスト教文学？ギリシャ語で書かれている。",
            "xtriggers": {
                "scholargreek": "gospelzacchaeus"
            }
        },
        {
            "id": "matthiasamethystlossaramaic",
            "unique": true,
            "label": "マティアスとアメジストのイマーゴ：喪失",
            "aspects": {
                "text": 1,
                "auctionable": 2,
                "textaramaic": 1
            },
            "description": "本書に掲載されている図式や挿絵は、数百年経った今でも美しく絶妙で、催眠効果や、時に性欲を刺激するものである。アラム語で書かれている。",
            "xtriggers": {
                "scholararamaic": "matthiasamethystloss"
            }
        },
        {
            "id": "matthiasamethysttransformationaramaic",
            "unique": true,
            "label": "マティアスとアメジストのイマーゴ：変化",
            "aspects": {
                "text": 1,
                "auctionable": 2,
                "textaramaic": 1
            },
            "description": "本書に掲載されている図式や挿絵は、数百年経った今でも美しく絶妙で、催眠効果や、時に性欲を刺激するものである。アラム語で書かれている。",
            "xtriggers": {
                "scholararamaic": "matthiasamethysttransformation"
            }
        },
        {
            "id": "matthiasamethystpursuitaramaic",
            "unique": true,
            "label": "マティアスとアメジストのイマーゴ：追求",
            "aspects": {
                "text": 1,
                "auctionable": 2,
                "textaramaic": 1
            },
            "description": "本書に掲載されている図式や挿絵は、数百年経った今でも美しく絶妙で、催眠効果や、時に性欲を刺激するものである。アラム語で書かれている。",
            "xtriggers": {
                "scholararamaic": "matthiasamethystpursuit"
            }
        },
        {
            "id": "franklinbancroftdiarieslatin",
            "unique": true,
            "label": "フランクリン・バンクロフト卿：日記、1750年～1790年",
            "aspects": {
                "text": 1,
                "auctionable": 2,
                "textlatin": 1
            },
            "description": "悪名高き紳士の悪名高い日記。安全のためにラテン語で書かれているようだ。",
            "xtriggers": {
                "scholarlatin": "franklinbancroftdiaries"
            }
        },
        {
            "id": "indignitiesobliviatelatin",
            "unique": true,
            "label": "忘却の裏切り者たちが行った残虐行為",
            "aspects": {
                "text": 1,
                "auctionable": 2,
                "textlatin": 1
            },
            "description": "この本は、その支離滅裂に近い激しさと、中に綴られた知識で有名。",
            "xtriggers": {
                "scholarlatin": "indignitiesobliviate"
            }
        },
        {
            "id": "furioustantrasanskrit",
            "unique": true,
            "label": "怒涛のタントラ",
            "aspects": {
                "text": 1,
                "auctionable": 2,
                "textsanskrit": 1
            },
            "description": "伝説によると、稲妻によって樫の木の樹皮に炙り書かれたもので、超能力者で火工芸師のジェイコブ・オリバー・グレイバックが発見して書き写したという。",
            "xtriggers": {
                "scholarsanskrit": "furioustantra"
            }
        },
        {
            "id": "devouredtantrasanskrit",
            "unique": true,
            "label": "貪られしタントラ",
            "aspects": {
                "text": 1,
                "auctionable": 2,
                "textsanskrit": 1
            },
            "description": "外交官で聖職者のスタニスラフ・ジョン・シャラーが、赤の長生者図書室から書き写したタントラ。ケリシャムの個人収集家が、その原稿を所有している。",
            "xtriggers": {
                "scholarsanskrit": "devouredtantra"
            }
        },
        {
            "id": "ceaselesstantrasanskrit",
            "unique": true,
            "label": "滅びなきタントラ",
            "aspects": {
                "text": 1,
                "auctionable": 2,
                "textsanskrit": 1
            },
            "description": "先駆的な振付家ニコラス・カーは、このタントラを威嚇的なバレエに取り入れたと言われている。",
            "xtriggers": {
                "scholarsanskrit": "ceaselesstantra"
            }
        },
        {
            "id": "knownunknowntantrasanskrit",
            "unique": true,
            "label": "知られざる未知のタントラ",
            "aspects": {
                "text": 1,
                "auctionable": 2,
                "textsanskrit": 1
            },
            "description": "ピレネー出身の狂信的な神秘主義者カルロス・ガルシア・サウリは、亜大陸に訪れたことがないにもかかわらず、このタントラを3ヶ国語で暗唱できたことで知られている。",
            "xtriggers": {
                "scholarsanskrit": "knownunknowntantra"
            }
        },
        {
            "id": "encirclingtantrasanskrit",
            "unique": true,
            "label": "取り巻くタントラ",
            "aspects": {
                "text": 1,
                "auctionable": 2,
                "textsanskrit": 1
            },
            "description": "探検家であり起業家でもあるT・エヴェレット・デュポンティスは、この経典が保管されていた寺院を略奪しようとしたことがある。彼の運命は付録に記されている。",
            "xtriggers": {
                "scholarsanskrit": "encirclingtantra"
            }
        },
        {
            "id": "shavenlocktantrasanskrit",
            "unique": true,
            "label": "剃髪のタントラ",
            "aspects": {
                "text": 1,
                "auctionable": 2,
                "textsanskrit": 1
            },
            "description": "別名「髪を剃る者」。伝説によると、形を変えるヴァナラスでさえこの伝承を認めなかったという。",
            "xtriggers": {
                "scholarsanskrit": "shavenlocktantra"
            }
        },
        {
            "id": "tantrawormssanskrit",
            "unique": true,
            "label": "ワームのタントラ",
            "aspects": {
                "text": 1,
                "auctionable": 2,
                "textsanskrit": 1
            },
            "description": "昆虫学者のジュリアナ・ザヴィストフスキは、このタントラは人間の皮膚に生息する昆虫によって書かれたものだと主張するようになった。彼女がその証拠を提示することはなかった。",
            "xtriggers": {
                "scholarsanskrit": "tantraworms"
            }
        },
        {
            "id": "bookofcentipedegreek",
            "unique": true,
            "label": "ムカデの書",
            "aspects": {
                "text": 1,
                "auctionable": 2,
                "textgreek": 1
            },
            "description": "1860年代半ばには、某「李夫人」がこの本を元にした余興を披露したという。",
            "xtriggers": {
                "scholargreek": "bookofcentipede"
            }
        },
        {
            "id": "accountkanishkspidersdooraramaic",
            "unique": true,
            "label": "蜘蛛の扉のカニシュクの話",
            "aspects": {
                "text": 1,
                "auctionable": 2,
                "textaramaic": 1
            },
            "description": "カニシュクの犠牲者であり恋人でもあるロク・カフーリは、おそらく死後にこの証言を書いた。",
            "xtriggers": {
                "scholararamaic": "accountkanishkspidersdoor"
            }
        },
        {
            "id": "vinzantinscriptionsphrygian",
            "unique": true,
            "label": "ヴィンザントの碑文",
            "aspects": {
                "text": 1,
                "auctionable": 2,
                "textphrygian": 1
            },
            "description": "エヴェレット・ヴィンザントは、アナトリアの崖からフリュギア語の碑文を転写した。そこで、ヴィンザントが雷に打たれながらも生き残った話は有名だ。彼が亡くなったのは、それから7年目のことだった。伝説によると彼の骨は触ると熱かったと言われている。",
            "xtriggers": {
                "scholarphrygian": "vinzantinscriptions"
            }
        },
        {
            "id": "larquebinecodexphrygian",
            "unique": true,
            "label": "ラルケビン写本",
            "aspects": {
                "text": 1,
                "auctionable": 2,
                "textphrygian": 1
            },
            "description": "クリストフ・ラルケブスは、マルマラ海の海岸に住む魔女の一家から、絶滅したと言われるフリュギア語で書かれた手書きの写本を2冊購入したと言っている。3つ目は「海から与えられた」らしい。",
            "xtriggers": {
                "scholarphrygian": "larquebinecodex"
            }
        },
        {
            "id": "againstsisterhoodknotgreek",
            "unique": true,
            "label": "絆の姉妹団と.......",
            "aspects": {
                "text": 1,
                "auctionable": 2,
                "textgreek": 1
            },
            "description": "『絆の姉妹団とその退廃的な習慣に関する批判』。ヒエロニムス・偽ヒュプネロトマカスは、彼が属していた「無敵な太陽教会」に対する姉妹団の悪しき影響に対して、この長い激怒の暴言を書いた。",
            "xtriggers": {
                "scholargreek": "againstsisterhoodknot"
            }
        },
        {
            "id": "morphycodexaramaic",
            "unique": true,
            "label": "モーフィー写本",
            "aspects": {
                "text": 1,
                "auctionable": 2,
                "textaramaic": 1
            },
            "description": "エヴァン・モーフィーによって発掘された絆の姉妹団の文章。",
            "xtriggers": {
                "scholararamaic": "morphycodex"
            }
        },
        {
            "id": "leoninetantrasanskrit",
            "unique": true,
            "label": "獅子のタントラ",
            "aspects": {
                "text": 1,
                "auctionable": 2,
                "textsanskrit": 1
            },
            "description": "最も悪名高い『獅子のタントラ』の翻訳では、アシュリー・フィリップスが翻訳者として挙げられているが、本書の序文では翻訳者の存在を明示的に否定している。この混乱は、「偉大な頭巾王子たち」が登場する本の特徴である。",
            "xtriggers": {
                "scholarsanskrit": "leoninetantra"
            }
        },
        {
            "id": "incandescenttantrasanskrit",
            "unique": true,
            "label": "灼熱のタントラ",
            "aspects": {
                "text": 1,
                "auctionable": 2,
                "textsanskrit": 1
            },
            "description": "風変わりな鉄鋼王マイケル・ブロックリーはこのタントラを好んで引用していた。ブロックリーは工場の火事で命を落とした。",
            "xtriggers": {
                "scholarsanskrit": "incandescenttantra"
            }
        },
        {
            "id": "thirstingtantrasanskrit",
            "unique": true,
            "label": "渇きのタントラ",
            "aspects": {
                "text": 1,
                "auctionable": 2,
                "textsanskrit": 1
            },
            "description": "禁酒運動家のC.G.ブリアルが、このタントラの一部を宣伝用のパンフレットに掲載したが、あまりにも人気が出たため、撤去して処分することとなった。",
            "xtriggers": {
                "scholarsanskrit": "thirstingtantra"
            }
        },
        {
            "id": "flayedtantrasanskrit",
            "unique": true,
            "label": "剥皮のタントラ",
            "aspects": {
                "text": 1,
                "auctionable": 2,
                "textsanskrit": 1
            },
            "description": "タントラは「ピール」と呼ばれる謎の人物によって語られたと記録されており、神話のナーガを彷彿させる点が多々ある。『剥皮のタントラ』は、アレクサンダー・スパロウの偏執的な妄想に溢れるパンフレット作成に多大な影響を与えた。",
            "xtriggers": {
                "scholarsanskrit": "flayedtantra"
            }
        },
        {
            "id": "watchfultantrasanskrit",
            "unique": true,
            "label": "見張りのタントラ",
            "aspects": {
                "text": 1,
                "auctionable": 2,
                "textsanskrit": 1
            },
            "description": "ダヴィズ・ジョーンズとメレディス・ブライアンの死に関与していることで有名。2人は、このタントラの唯一の複写を持っていると主張し、1840年にその件を巡って決闘を繰り広げた初期の物理学者である。",
            "xtriggers": {
                "scholarsanskrit": "watchfultantra"
            }
        },
        {
            "id": "twinserpenttantrasanskrit",
            "unique": true,
            "label": "双蛇のタントラ",
            "aspects": {
                "text": 1,
                "auctionable": 2,
                "textsanskrit": 1
            },
            "description": "特定の曖昧さに包まれているタントラ。",
            "xtriggers": {
                "scholarsanskrit": "twinserpenttantra"
            }
        },
        {
            "id": "firecircletantrasanskrit",
            "unique": true,
            "label": "火の輪のタントラ",
            "aspects": {
                "text": 1,
                "auctionable": 2,
                "textsanskrit": 1
            },
            "description": "西ヨーロッパで唯一現存している複写は、1892年に大英図書館から盗まれてしまった。ハービー・ハティントンという名の男が犯行を告白した。彼の話によると、奇妙な衝動に駆られて、バターとニンニクを和えて食べてしまったと言う。",
            "xtriggers": {
                "scholarsanskrit": "firecircletantra"
            }
        },
        {
            "id": "asthesunhiscoursearamaic",
            "unique": true,
            "label": "太陽を追って",
            "aspects": {
                "text": 1,
                "auctionable": 2,
                "textaramaic": 1
            },
            "description": "引退した兵士であり、時には通行税徴収人でもあった「橋のジョエル」は、アケメネス人との戦争から撤退したアレクサンダーの不可解な決断と、その後のマケドニアへの帰還を描いた叙事詩を書いた。",
            "xtriggers": {
                "scholararamaic": "asthesunhiscourse"
            }
        },
        {
            "id": "concursumdiariesphrygian",
            "unique": true,
            "label": "啓示の間の日記",
            "aspects": {
                "text": 1,
                "auctionable": 2,
                "textphrygian": 1
            },
            "description": "探検家であり殺人者でもあるラース・ウェスターグレンの日記。無意味にも、彼は他人に日記を読まれないように、フリュギア語に訳した。",
            "xtriggers": {
                "scholarphrygian": "concursumdiaries"
            }
        },
        {
            "id": "ironbookfucine",
            "unique": true,
            "label": "鉄の書",
            "aspects": {
                "text": 1,
                "auctionable": 2,
                "textfucine": 1
            },
            "description": "オルド・リミアの戒律。ローマ属州ガラエキアにあるリミア川の源流で秘密の飛び地を占領していた準不死人の一派である。",
            "xtriggers": {
                "scholarfucine": "ironbook"
            }
        },
        {
            "id": "silverbookfucine",
            "unique": true,
            "label": "銀の書",
            "aspects": {
                "text": 1,
                "auctionable": 2,
                "textfucine": 1
            },
            "description": "オルド・リミアの戒律。ローマ属州ガラエキアにあるリミア川の源流で秘密の飛び地を占領していた準不死人の一派である。",
            "xtriggers": {
                "scholarfucine": "silverbook"
            }
        },
        {
            "id": "ivorybookfucine",
            "unique": true,
            "label": "象牙の書",
            "aspects": {
                "text": 1,
                "auctionable": 2,
                "textfucine": 1
            },
            "description": "オルド・リミアの戒律。ローマ属州ガラエキアにあるリミア川の源流で秘密の飛び地を占領していた準不死人の一派である。",
            "xtriggers": {
                "scholarfucine": "ivorybook"
            }
        },
        {
            "id": "worlddoesnotweeparamaic",
            "unique": true,
            "label": "世界は泣かない",
            "aspects": {
                "text": 1,
                "auctionable": 2,
                "textaramaic": 1
            },
            "description": "ブラウン・ヨシュアがハマスの井戸で見つけた作品。アレクサンダーがイッソスから退却中に捨てたという信じがたい噂もある。",
            "xtriggers": {
                "scholararamaic": "worlddoesnotweep"
            }
        },
        {
            "id": "deedsofthescarredcaptaingreek",
            "unique": true,
            "label": "傷だらけの隊長の記録",
            "aspects": {
                "text": 1,
                "auctionable": 2,
                "textgreek": 1
            },
            "description": "傭兵であり、時には故郷からの送金で暮らしていたパヴェル・シュルガが、ギリシャで苦労してまとめたもの。",
            "xtriggers": {
                "scholargreek": "deedsofthescarredcaptain"
            }
        },
        {
            "id": "bookofdissolutionmandaic",
            "unique": true,
            "label": "溶解の書",
            "aspects": {
                "text": 1,
                "auctionable": 2,
                "textmandaic": 1
            },
            "description": "アレキサンダー・プロブストは、ホスティ・ムーアの基礎を成す作品を使い、ペルシャの山にある寺院からこの作品の複製を発見した。この本は時折、他の場所で発見されていて、通常は石に焼かれている。",
            "xtriggers": {
                "scholarmandaic": "bookofdissolution"
            }
        },
        {
            "id": "catalogueofunchartedpleasuresphrygian",
            "unique": true,
            "label": "未知なる快楽の目録",
            "aspects": {
                "text": 1,
                "auctionable": 2,
                "textphrygian": 1
            },
            "description": "「闇の紳士」は、この作品の唯一、大々的に認められた著者である。また、これはよく複写される作品でもある。",
            "xtriggers": {
                "scholarphrygian": "catalogueofunchartedpleasures"
            }
        },
        {
            "id": "thosewhodonotsleepfucine",
            "unique": true,
            "label": "眠らないものたち",
            "aspects": {
                "text": 1,
                "auctionable": 2,
                "textfucine": 1
            },
            "description": "フチーノ語作品、著者：神秘主義者ブロドナックス。",
            "xtriggers": {
                "scholarfucine": "thosewhodonotsleep"
            }
        },
        {
            "id": "theskythesoularamaic",
            "unique": true,
            "label": "空と魂",
            "aspects": {
                "text": 1,
                "auctionable": 2,
                "textaramaic": 1
            },
            "description": "カルの大作、影のない王たちの宮廷で書かれた禁欲的な詩。",
            "xtriggers": {
                "scholararamaic": "theskythesoul"
            }
        },
        {
            "id": "onthematterandthedeedsofserpentsvak",
            "unique": true,
            "label": "蛇の行いに関する考察",
            "aspects": {
                "text": 1,
                "auctionable": 2,
                "textvak": 1
            },
            "description": "この本は、おそらく1880年代にパリの「ウィリアム・ミッドナイト」によって英訳され挿絵を描かれた『ナーガの蛇の予言』であろうが、異なる内容がいくつか含まれている。ヴャック語の文書の中では、非常に新しい作品であるのは確かだ。",
            "xtriggers": {
                "scholarvak": "onthematterandthedeedsofserpents"
            }
        },
        {
            "id": "serenityofblackwoodgreek",
            "unique": true,
            "label": "黒い森の静けさ",
            "aspects": {
                "text": 1,
                "auctionable": 2,
                "textgreek": 1
            },
            "description": "「忘却の家」についての寓話的な歴史書。本書の中で、彼らはムカデに触発されたと暗示されている。現在でも、「セレーノ・ブラックウッド（静かな黒い森を意味する）」はカルト教団の愛称として使われている。",
            "xtriggers": {
                "scholargreek": "serenityofblackwood"
            }
        },
        {
            "id": "bookofthronesphrygian",
            "unique": true,
            "label": "玉座物語",
            "aspects": {
                "text": 1,
                "auctionable": 2,
                "textphrygian": 1
            },
            "description": "アナトリアの秘密の祠の年代記からアレクサンダー・ピーターハンスが書き起こした、影のない帝国の伝説物語。",
            "xtriggers": {
                "scholarphrygian": "bookofthrones"
            }
        },
        {
            "id": "secondglorymandaic",
            "unique": true,
            "label": "第二の栄光",
            "aspects": {
                "text": 1,
                "auctionable": 2,
                "textmandaic": 1
            },
            "description": "司祭であり隠者の学者でもあるジュセの作品。",
            "xtriggers": {
                "scholarmandaic": "secondglory"
            }
        },
        {
            "id": "bookoftruebloodlatin",
            "unique": true,
            "label": "真血の書",
            "aspects": {
                "text": 1,
                "auctionable": 2,
                "textlatin": 1
            },
            "description": "カシウス・トーマンの作品。",
            "xtriggers": {
                "scholarlatin": "bookoftrueblood"
            }
        },
        {
            "id": "burningwomanphrygian",
            "unique": true,
            "label": "燃える女",
            "aspects": {
                "text": 1,
                "auctionable": 2,
                "textphrygian": 1
            },
            "description": "恐らく劇作家であったと言われる、「勝者」メナンドロスの戯曲をフリュギア語に書き起こしたもので、解説付き。",
            "xtriggers": {
                "scholarphrygian": "burningwoman"
            }
        },
        {
            "id": "twentysixenticementsseventormentsfucine",
            "unique": true,
            "label": "二十六の誘惑と七つの苦悩",
            "aspects": {
                "text": 1,
                "auctionable": 2,
                "textfucine": 1
            },
            "description": "画家のニールス・フレデリック・マスクルは、苦悩を題材に描いたことで有名だ。第五の苦悩に到達する頃には、絵画の需要が高まりすぎて、彼は失血死してしまった。幸いなことに、この本に掲載されている挿絵は、それほど鮮明なものではない。",
            "xtriggers": {
                "scholarfucine": "twentysixenticementsseventorments"
            }
        },
        {
            "id": "historyofshadowlesskingsaramaic",
            "unique": true,
            "label": "影のない王たちの真実と正確な歴史",
            "aspects": {
                "text": 1,
                "auctionable": 2,
                "textaramaic": 1
            },
            "description": "カースのアイザックの影のない帝国の歴史。",
            "xtriggers": {
                "scholararamaic": "historyofshadowlesskings"
            }
        },
        {
            "id": "highmysterieschurchsolarfucine",
            "unique": true,
            "label": "太陽教会の最奥の......",
            "aspects": {
                "text": 1,
                "auctionable": 2,
                "textfucine": 1
            },
            "description": "『太陽教会の最奥の部屋にまつわる最大の謎』――本書は、少なくとも2つの歴史の中で権力を握ってきた無敵な太陽教会の秘密の儀式を記録したもの。",
            "xtriggers": {
                "scholarfucine": "highmysterieschurchsolar"
            }
        },
        {
            "id": "medusaslamentgreek",
            "unique": true,
            "label": "メデューサの嘆き",
            "aspects": {
                "text": 1,
                "auctionable": 2,
                "textgreek": 1
            },
            "description": "ナナトグロとも呼ばれる、「母の父」として知られる時の神の死について書かれたもの。",
            "xtriggers": {
                "scholargreek": "medusaslament"
            }
        },
        {
            "id": "bookofmasksphrygian",
            "unique": true,
            "label": "仮面の書",
            "aspects": {
                "text": 1,
                "auctionable": 2,
                "textphrygian": 1
            },
            "description": "アテナ・ヴァナーが、「ならず者」と呼ばれる時の神について綴った作品。",
            "xtriggers": {
                "scholarphrygian": "bookofmasks"
            }
        },
        {
            "id": "inthemountainsasupontheplainvak",
            "unique": true,
            "label": "平原の上に立つ山に......",
            "aspects": {
                "text": 1,
                "auctionable": 2,
                "textvak": 1
            },
            "description": "『平原の上に立つ山に誰も通ったことのない道はないかもしれない』――ラガシュのニネガラの作品。",
            "xtriggers": {
                "scholarvak": "inthemountainsasupontheplain"
            }
        },
        {
            "id": "memoryofgodsfucine",
            "unique": true,
            "label": "神々の記憶",
            "aspects": {
                "text": 1,
                "auctionable": 2,
                "textfucine": 1
            },
            "description": "オルド・リミアと呼ばれる組織に参加した、無名のガリア人の高僧、「墓の子」の作品。",
            "xtriggers": {
                "scholarfucine": "memoryofgods"
            }
        },
        {
            "id": "sevenfoldslayingsevencoiledfucine",
            "unique": true,
            "label": "ナナトグロの七重斬り",
            "aspects": {
                "text": 1,
                "auctionable": 2,
                "textfucine": 1
            },
            "description": "古代の時の神、石であった神の破壊の解説。",
            "xtriggers": {
                "scholarfucine": "sevenfoldslayingsevencoiled"
            }
        },
        {
            "id": "bighufffucine",
            "unique": true,
            "label": "私の行い、力、実績......",
            "aspects": {
                "text": 1,
                "auctionable": 2,
                "textfucine": 1
            },
            "description": "『私の行為、力、業績と私に対する不当な扱い』",
            "xtriggers": {
                "scholarfucine": "bighuff"
            }
        },
        {
            "id": "dreamconspiracyskiesphrygian",
            "unique": true,
            "label": "下天の陰謀の夢",
            "aspects": {
                "text": 1,
                "auctionable": 2,
                "textphrygian": 1
            },
            "description": "悪名高い神託ダマオン・アゼナテンの解析。",
            "xtriggers": {
                "scholarphrygian": "dreamconspiracyskies"
            }
        },
        {
            "id": "bookwhitecatphrygian",
            "unique": true,
            "label": "白猫の書",
            "aspects": {
                "text": 1,
                "auctionable": 2,
                "textphrygian": 1
            },
            "description": "盲目の白猫がゴルディオンのペネロペに語る物語。",
            "xtriggers": {
                "scholarphrygian": "bookwhitecat"
            }
        },
        {
            "id": "focusambermandaic",
            "unique": true,
            "label": "琥珀の焦点",
            "aspects": {
                "text": 1,
                "auctionable": 2,
                "textmandaic": 1
            },
            "description": "燃える炎、オマールの懺悔の作品。",
            "xtriggers": {
                "scholarmandaic": "focusamber"
            }
        },
        {
            "id": "songscarapacecrossmandaic",
            "unique": true,
            "label": "カラペイス・クロスの歌",
            "aspects": {
                "text": 1,
                "auctionable": 2,
                "textmandaic": 1
            },
            "description": "破壊されていることが多いミカ・シーの作品。",
            "xtriggers": {
                "scholarmandaic": "songscarapacecross"
            }
        },
        {
            "id": "originsofhoursvak",
            "unique": true,
            "label": "時の神々の起源",
            "aspects": {
                "text": 1,
                "auctionable": 2,
                "textvak": 1
            },
            "description": "秘密の神々の様々な起源に関する噂話を含むヴャック語の作品。",
            "xtriggers": {
                "scholarvak": "originsofhours"
            }
        },
        {
            "id": "wherehasshegonevak",
            "unique": true,
            "label": "彼女はどこへ行ってしまったのか",
            "aspects": {
                "text": 1,
                "auctionable": 2,
                "textvak": 1
            },
            "description": "ならず者の旅に関するヴャック語での考察。",
            "xtriggers": {
                "scholarvak": "wherehasshegone"
            }
        },
        {
            "id": "bookextinguishedheartmandaic",
            "unique": true,
            "label": "消えた心の書",
            "aspects": {
                "text": 1,
                "auctionable": 2,
                "textmandaic": 1
            },
            "description": "憂鬱な予言集。",
            "xtriggers": {
                "scholarmandaic": "bookextinguishedheart"
            }
        },
        {
            "id": "howendwillbeginvak",
            "unique": true,
            "label": "終わりの始まり方",
            "aspects": {
                "text": 1,
                "auctionable": 2,
                "textvak": 1
            },
            "description": "殺伐とした予言集。",
            "xtriggers": {
                "scholarvak": "howendwillbegin"
            }
        },
        {
            "id": "manneralchemistsparedvak",
            "unique": true,
            "label": "錬金術師の死の免れ方",
            "aspects": {
                "text": 1,
                "auctionable": 2,
                "textvak": 1
            },
            "description": "ヴャック語の準錬金術書。",
            "xtriggers": {
                "scholarvak": "manneralchemistspared"
            }
        },
        {
            "id": "fivecreationsvak",
            "unique": true,
            "label": "五つの創造物",
            "aspects": {
                "text": 1,
                "auctionable": 2,
                "textvak": 1
            },
            "description": "旅する学者であるショウヘイは、浜辺の鴉であると名乗る頭巾を被った人物と、人類の起源の5つの可能性について議論した。後日、すべてが間違っていたことが証明されたとショウヘイは主張したが、それにもかかわらず、議論自体は記録されたままである。",
            "xtriggers": {
                "scholarvak": "fivecreations"
            }
        },
        {
            "id": "commandspreservationallexistsmandaic",
            "unique": true,
            "label": "万物を維持するための......",
            "aspects": {
                "text": 1,
                "auctionable": 2,
                "textmandaic": 1
            },
            "description": "『万物を維持するための戒律』――ダマスカスの絆の姉妹団のリーダーであるブラック・エリーは、皇帝ディディウス・ユリアヌスによって投獄された。彼女は、これらの秘密教義が失われるのを防ぎ、維持するために、本に記録するように指示されたと考えられている。残念なことに、伝説によると、ディディウス・ユリアヌスの命令により、本はエリー自身と共に墓標の無い墓に葬られたらしい。",
            "xtriggers": {
                "scholarmandaic": "commandspreservationallexists"
            }
        },
        {
            "id": "timedivisionmandaic",
            "unique": true,
            "label": "分裂の時",
            "aspects": {
                "text": 1,
                "auctionable": 2,
                "textmandaic": 1
            },
            "description": "この中でアミラ・ザーラは、後に「閏月の挿入」として知られる、栄光の太陽と呼ばれる時の神々が分割された出来事を予言している。",
            "xtriggers": {
                "scholarmandaic": "timedivision"
            }
        },
        {
            "id": "manualdeparturevak",
            "unique": true,
            "label": "旅立ちの手引き",
            "aspects": {
                "text": 1,
                "auctionable": 2,
                "textvak": 1
            },
            "description": "ジャカドゥと名乗る著者は、川の国の偉大な頭巾王子の1人であると主張している。",
            "xtriggers": {
                "scholarvak": "manualdeparture"
            }
        },
        {
            "id": "birdsongphrygian",
            "unique": true,
            "label": "イナーム、カピギギンルピル、ガーキー、クリプシス",
            "aspects": {
                "text": 1,
                "auctionable": 2,
                "textphrygian": 1
            },
            "description": "本書では、4人の謎の登場人物が、鳥形の時の神々が集まる「止まり木」で、これまでに聞いた話を語る。",
            "xtriggers": {
                "scholarphrygian": "birdsong"
            }
        },
        {
            "id": "voyagesfofucine",
            "unique": true,
            "label": "オレオールのフェルナンシュンの航海",
            "aspects": {
                "text": 1,
                "auctionable": 2,
                "textfucine": 1
            },
            "description": "フェニキア時代末期の船長のありえない旅行記。有史以来ずっと禁じられ、読んだ者は消滅すると言われていた。",
            "xtriggers": {
                "scholarfucine": "voyagesfo"
            }
        },
        {
            "id": "scarskyfucine",
            "unique": true,
            "label": "天空の傷跡",
            "aspects": {
                "text": 1,
                "auctionable": 2,
                "textfucine": 1
            },
            "description": "ニンはこれを書いて、後悔した。",
            "xtriggers": {
                "scholarfucine": "scarsky"
            }
        }
    ]
}
