{
    "elements": [
        {
            "id": "uqedgelore.exile",
            "label": "追放：刃の伝承",
            "isAspect": true,
            "isHidden": true
        },
        {
            "id": "uqedgelore.colonel",
            "label": "大佐：刃の伝承",
            "isAspect": true,
            "isHidden": true
        },
        {
            "id": "uqedgelore.lionsmith",
            "label": "ライオンスミス：刃の伝承",
            "isAspect": true,
            "isHidden": true
        },
        {
            "id": "fragmentedge.exile",
            "label": "ナイフの秘密",
            "aspects": {
                "edge": 2,
                "lore": 1
            },
            "description": " 私は高僧ではないが、何人かの高僧を殺したことがある。その場その場で学んでいくもんだ。",
            "xtriggers": {
                "epiphany": "fragmentedgeb.exile",
                "fatiguing": "fragmentedge.exile.exhausted",
                "epiphany.colonel": "fragmentedgeb.colonel",
                "epiphany.lionsmith": "fragmentedgeb.lionsmith",
                "striking.foe": [
                    {
                        "id": "wound.foe",
                        "morpheffect": "spawn"
                    }
                ],
                "striking.underling": [
                    {
                        "id": "wound.underling",
                        "morpheffect": "spawn"
                    }
                ]
            },
            "icon": "fragmentedge",
            "uniquenessgroup": "uqedgelore.exile"
        },
        {
            "id": "fragmentedgeb.exile",
            "label": "ビエッデの教訓",
            "aspects": {
                "edge": 4,
                "lore": 1
            },
            "description": "ビエッデは「血は補充できる。時間は補充できない」と言った。ビエッデは確信を持って言ったのだ。",
            "xtriggers": {
                "epiphany": "fragmentedgec.exile",
                "depiphany": "fragmentedge.exile",
                "fatiguing": "fragmentedgeb.exile.exhausted",
                "epiphany.colonel": "fragmentedgec.colonel",
                "epiphany.lionsmith": "fragmentedgec.lionsmith",
                "striking.foe": [
                    {
                        "id": "wound.foe",
                        "morpheffect": "spawn"
                    }
                ],
                "striking.underling": [
                    {
                        "id": "wound.underling",
                        "morpheffect": "spawn"
                    }
                ]
            },
            "icon": "fragmentedgeb",
            "uniquenessgroup": "uqedgelore.exile"
        },
        {
            "id": "fragmentedgec.exile",
            "label": "ストリックス作戦",
            "aspects": {
                "edge": 6,
                "lore": 1
            },
            "description": "「戦士が倒れたところには、多翼のストリゲスが集まり、その肉体に敬意を表す。英雄が倒れたところには、多翼の者たちが集まり、魂を時の神々の前に運ぶ」。倒れるつもりはないが、私はストリゲスがどうやって身を守っているかを覚えた。",
            "xtriggers": {
                "epiphany": "fragmentedged.exile",
                "depiphany": "fragmentedgeb.exile",
                "fatiguing": "fragmentedgec.exile.exhausted",
                "epiphany.colonel": "fragmentedged.colonel",
                "epiphany.lionsmith": "fragmentedged.lionsmith",
                "striking.foe": [
                    {
                        "id": "wound.foe",
                        "morpheffect": "spawn"
                    }
                ],
                "striking.underling": [
                    {
                        "id": "wound.underling",
                        "morpheffect": "spawn"
                    }
                ]
            },
            "icon": "fragmentedgec",
            "uniquenessgroup": "uqedgelore.exile"
        },
        {
            "id": "fragmentedged.exile",
            "label": "狼の名を持つ者たち",
            "aspects": {
                "edge": 8,
                "lore": 1
            },
            "description": "「分裂した狼は3つの性質を持っている。1つ目は破壊、次に破壊、そして最後に破壊だ」。時の神を好きでなくても学べることだ。",
            "xtriggers": {
                "epiphany": "fragmentedgee.exile",
                "depiphany": "fragmentedgec.exile",
                "fatiguing": "fragmentedged.exile.exhausted",
                "epiphany.colonel": "fragmentedgee.colonel",
                "epiphany.lionsmith": "fragmentedgee.lionsmith",
                "striking.foe": [
                    {
                        "id": "wound.foe",
                        "morpheffect": "spawn"
                    }
                ],
                "striking.underling": [
                    {
                        "id": "wound.underling",
                        "morpheffect": "spawn"
                    }
                ]
            },
            "icon": "fragmentedged",
            "uniquenessgroup": "uqedgelore.exile"
        },
        {
            "id": "fragmentedgee.exile",
            "label": "辰砂の形態",
            "aspects": {
                "edge": 10,
                "lore": 1
            },
            "description": "七回七手の消滅の技。",
            "xtriggers": {
                "epiphany": "fragmentedgef.exile",
                "depiphany": "fragmentedged.exile",
                "fatiguing": "fragmentedgee.exile.exhausted",
                "epiphany.colonel": "fragmentedgef.colonel",
                "epiphany.lionsmith": "fragmentedgef.lionsmith",
                "striking.foe": [
                    {
                        "id": "wound.foe",
                        "morpheffect": "spawn"
                    }
                ],
                "striking.underling": [
                    {
                        "id": "wound.underling",
                        "morpheffect": "spawn"
                    }
                ]
            },
            "icon": "fragmentedgee",
            "uniquenessgroup": "uqedgelore.exile"
        },
        {
            "id": "fragmentedgef.exile",
            "label": "殺人の心合わせ",
            "aspects": {
                "edge": 12,
                "lore": 1
            },
            "description": "これは終わりを確実にする術。",
            "xtriggers": {
                "epiphany": "fragmentedgeg.exile",
                "depiphany": "fragmentedgee.exile",
                "fatiguing": "fragmentedgef.exile.exhausted",
                "epiphany.colonel": "fragmentedgeg.colonel",
                "epiphany.lionsmith": "fragmentedgeg.lionsmith",
                "striking.foe": [
                    {
                        "id": "wound.foe",
                        "morpheffect": "spawn"
                    }
                ],
                "striking.underling": [
                    {
                        "id": "wound.underling",
                        "morpheffect": "spawn"
                    }
                ]
            },
            "icon": "fragmentedgef",
            "uniquenessgroup": "uqedgelore.exile"
        },
        {
            "id": "fragmentedgeg.exile",
            "label": "力の神秘",
            "aspects": {
                "edge": 14,
                "lore": 1
            },
            "description": "大佐とライオンスミスは、人間だった神であるが、分裂した狼は血であった神だ。狡猾さ、強さ、苦悩は勝利の3つの根源であり、それが彼らの秘密教義である......",
            "xtriggers": {
                "fatiguing": "fragmentedgeg.exile.exhausted",
                "epiphany.colonel": "fragmentedgeg.colonel",
                "epiphany.lionsmith": "fragmentedgeg.lionsmith",
                "depiphany": "fragmentedgef.exile",
                "epiphany": [
                    {
                        "id": "vitality",
                        "morpheffect": "spawn"
                    }
                ],
                "striking.foe": [
                    {
                        "id": "wound.foe",
                        "morpheffect": "spawn"
                    }
                ],
                "striking.underling": [
                    {
                        "id": "wound.underling",
                        "morpheffect": "spawn"
                    }
                ]
            },
            "icon": "fragmentedgeg",
            "uniquenessgroup": "uqedgelore.exile"
        },
        {
            "id": "fragmentedge.exile.exhausted",
            "label": "ナイフの秘密（枯渇）",
            "description": "[また使えるようになるには、回復する時間が必要だ。スキルをアップグレードするたびに回復が早くなる。]",
            "aspects": {
                "exhausted": 1
            },
            "resaturate": true,
            "lifetime": 300,
            "decayTo": "fragmentedge.exile",
            "icon": "fragmentedge",
            "uniquenessgroup": "uqedgelore.exile"
        },
        {
            "id": "fragmentedgeb.exile.exhausted",
            "label": "ビエッデの教訓（枯渇）",
            "description": "[また使えるようになるには、回復する時間が必要だ。スキルをアップグレードするたびに回復が早くなる。]",
            "aspects": {
                "exhausted": 1
            },
            "resaturate": true,
            "lifetime": 260,
            "decayTo": "fragmentedgeb.exile",
            "icon": "fragmentedgeb",
            "uniquenessgroup": "uqedgelore.exile"
        },
        {
            "id": "fragmentedgec.exile.exhausted",
            "label": "ストリックス作戦（枯渇）",
            "description": "[また使えるようになるには、回復する時間が必要だ。スキルをアップグレードするたびに回復が早くなる。]",
            "aspects": {
                "exhausted": 1
            },
            "resaturate": true,
            "lifetime": 220,
            "decayTo": "fragmentedgec.exile",
            "icon": "fragmentedgec",
            "uniquenessgroup": "uqedgelore.exile"
        },
        {
            "id": "fragmentedged.exile.exhausted",
            "label": "狼の名を持つ者たち（枯渇）",
            "description": "[また使えるようになるには、回復する時間が必要だ。スキルをアップグレードするたびに回復が早くなる。]",
            "aspects": {
                "exhausted": 1
            },
            "resaturate": true,
            "lifetime": 180,
            "decayTo": "fragmentedged.exile",
            "icon": "fragmentedged",
            "uniquenessgroup": "uqedgelore.exile"
        },
        {
            "id": "fragmentedgee.exile.exhausted",
            "label": "辰砂の形態（枯渇）",
            "description": "[また使えるようになるには、回復する時間が必要だ。スキルをアップグレードするたびに回復が早くなる。]",
            "aspects": {
                "exhausted": 1
            },
            "resaturate": true,
            "lifetime": 140,
            "decayTo": "fragmentedgee.exile",
            "icon": "fragmentedgee",
            "uniquenessgroup": "uqedgelore.exile"
        },
        {
            "id": "fragmentedgef.exile.exhausted",
            "label": "殺人の心合わせ(枯渇）",
            "description": "[また使えるようになるには、回復する時間が必要だ。スキルをアップグレードするたびに回復が早くなる。]",
            "aspects": {
                "exhausted": 1
            },
            "resaturate": true,
            "lifetime": 100,
            "decayTo": "fragmentedgef.exile",
            "icon": "fragmentedgef",
            "uniquenessgroup": "uqedgelore.exile"
        },
        {
            "id": "fragmentedgeg.exile.exhausted",
            "label": "力の神秘（枯渇）",
            "description": "[また使えるようになるには、回復する時間が必要だ。スキルをアップグレードするたびに回復が早くなる。]",
            "aspects": {
                "exhausted": 1
            },
            "resaturate": true,
            "lifetime": 60,
            "decayTo": "fragmentedgeg.exile",
            "icon": "fragmentedgeg",
            "uniquenessgroup": "uqedgelore.exile"
        },
        {
            "id": "fragmentedgeb.colonel",
            "label": "キリアークの教訓",
            "aspects": {
                "edge": 4,
                "lantern": 2,
                "winter": 2,
                "lore": 1
            },
            "description": "「千人長がはるか昔に、この血と出口を語る印象的な物語と出会った。声を大にして語れば、剣の音を聞くことになるだろう」。想像以上に、現実的なものだ。",
            "xtriggers": {
                "epiphany": "fragmentedgec.colonel",
                "epiphany.colonel": "fragmentedgec.colonel",
                "fatiguing": "fragmentedgeb.colonel.exhausted",
                "striking.foe": [
                    {
                        "id": "wound.foe",
                        "morpheffect": "spawn"
                    }
                ],
                "striking.underling": [
                    {
                        "id": "wound.underling",
                        "morpheffect": "spawn"
                    }
                ]
            },
            "uniquenessgroup": "uqedgelore.colonel"
        },
        {
            "id": "fragmentedgec.colonel",
            "label": "ヒステッド作戦",
            "aspects": {
                "edge": 6,
                "lantern": 3,
                "winter": 3,
                "lore": 1
            },
            "description": "皮膚を守り、矛先のようにすべての指を凶器にする厳しい訓練。",
            "xtriggers": {
                "epiphany": "fragmentedged.colonel",
                "epiphany.colonel": "fragmentedged.colonel",
                "depiphany": "fragmentedgeb.colonel",
                "fatiguing": "fragmentedgec.colonel.exhausted",
                "striking.foe": [
                    {
                        "id": "wound.foe",
                        "morpheffect": "spawn"
                    }
                ],
                "striking.underling": [
                    {
                        "id": "wound.underling",
                        "morpheffect": "spawn"
                    }
                ]
            },
            "uniquenessgroup": "uqedgelore.colonel"
        },
        {
            "id": "fragmentedged.colonel",
            "label": "大佐の名を持つ者たち",
            "aspects": {
                "edge": 8,
                "lantern": 4,
                "winter": 4,
                "lore": 1
            },
            "description": "大佐はいつの時代にも様々なものになってきた。彼は目が見えなく、耳も聞こえないが、怪我をすることはなく、否定されることはない。彼の名を持つ者は、非常に年をとった者にしかできないような狡猾さを持つ。",
            "xtriggers": {
                "epiphany": "fragmentedgee.colonel",
                "epiphany.colonel": "fragmentedgee.colonel",
                "depiphany": "fragmentedgec.colonel",
                "fatiguing": "fragmentedged.colonel.exhausted",
                "striking.foe": [
                    {
                        "id": "wound.foe",
                        "morpheffect": "spawn"
                    }
                ],
                "striking.underling": [
                    {
                        "id": "wound.underling",
                        "morpheffect": "spawn"
                    }
                ]
            },
            "uniquenessgroup": "uqedgelore.colonel"
        },
        {
            "id": "fragmentedgee.colonel",
            "label": "鉄の形態",
            "aspects": {
                "edge": 10,
                "lantern": 5,
                "winter": 5,
                "lore": 1
            },
            "description": "七回七手の肉切断の技。",
            "xtriggers": {
                "epiphany": "fragmentedgef.colonel",
                "epiphany.colonel": "fragmentedgef.colonel",
                "depiphany": "fragmentedged.colonel",
                "fatiguing": "fragmentedgee.colonel.exhausted",
                "striking.foe": [
                    {
                        "id": "wound.foe",
                        "morpheffect": "spawn"
                    }
                ],
                "striking.underling": [
                    {
                        "id": "wound.underling",
                        "morpheffect": "spawn"
                    }
                ]
            },
            "uniquenessgroup": "uqedgelore.colonel"
        },
        {
            "id": "fragmentedgef.colonel",
            "label": "ランゲットの絶対値",
            "aspects": {
                "edge": 12,
                "lantern": 6,
                "winter": 6,
                "lore": 1
            },
            "description": "自分が武器になるのであれば、自分の魂がどこで歴史によって強化されるのか、自分の限界がどこで必要不可欠なものになるのかを知らなければならない。",
            "xtriggers": {
                "epiphany": "fragmentedgeg.colonel",
                "epiphany.colonel": "fragmentedgeg.colonel",
                "depiphany": "fragmentedgee.colonel",
                "fatiguing": "fragmentedgef.colonel.exhausted",
                "striking.foe": [
                    {
                        "id": "wound.foe",
                        "morpheffect": "spawn"
                    }
                ],
                "striking.underling": [
                    {
                        "id": "wound.underling",
                        "morpheffect": "spawn"
                    }
                ]
            },
            "uniquenessgroup": "uqedgelore.colonel"
        },
        {
            "id": "fragmentedgeg.colonel",
            "label": "傷だらけの謎",
            "aspects": {
                "edge": 14,
                "lantern": 7,
                "winter": 7,
                "lore": 1
            },
            "description": "狡猾さは勝利の根源である。経験は狡猾さの根源である。苦しみなくして経験はありえなく、傷は苦しみを形にしたものである。",
            "xtriggers": {
                "epiphany": [
                    {
                        "id": "weapon.f.colonel",
                        "morpheffect": "spawn"
                    }
                ],
                "epiphany.colonel": [
                    {
                        "id": "weapon.f.colonel",
                        "morpheffect": "spawn"
                    }
                ],
                "fatiguing": "fragmentedgeg.colonel.exhausted",
                "depiphany": "fragmentedgef.colonel",
                "striking.foe": [
                    {
                        "id": "wound.foe",
                        "morpheffect": "spawn"
                    }
                ],
                "striking.underling": [
                    {
                        "id": "wound.underling",
                        "morpheffect": "spawn"
                    }
                ]
            },
            "uniquenessgroup": "uqedgelore.colonel"
        },
        {
            "id": "fragmentedgeb.colonel.exhausted",
            "label": "キリアークの教訓（枯渇）",
            "description": "[また使えるようになるには、回復する時間が必要だ。スキルをアップグレードするたびに回復が早くなる。]",
            "aspects": {
                "exhausted": 1
            },
            "resaturate": true,
            "lifetime": 250,
            "decayTo": "fragmentedgeb.colonel",
            "icon": "fragmentedgeb.colonel",
            "uniquenessgroup": "uqedgelore.colonel"
        },
        {
            "id": "fragmentedgec.colonel.exhausted",
            "label": "ヒステッド作戦（枯渇）",
            "description": "[また使えるようになるには、回復する時間が必要だ。スキルをアップグレードするたびに回復が早くなる。]",
            "aspects": {
                "exhausted": 1
            },
            "resaturate": true,
            "lifetime": 210,
            "decayTo": "fragmentedgec.colonel",
            "icon": "fragmentedgec.colonel",
            "uniquenessgroup": "uqedgelore.colonel"
        },
        {
            "id": "fragmentedged.colonel.exhausted",
            "label": "大佐の名を持つ者たち（枯渇）",
            "description": "[また使えるようになるには、回復する時間が必要だ。スキルをアップグレードするたびに回復が早くなる。]",
            "aspects": {
                "exhausted": 1
            },
            "resaturate": true,
            "lifetime": 170,
            "decayTo": "fragmentedged.colonel",
            "icon": "fragmentedged.colonel",
            "uniquenessgroup": "uqedgelore.colonel"
        },
        {
            "id": "fragmentedgee.colonel.exhausted",
            "label": "鉄の形態（枯渇）",
            "description": "[また使えるようになるには、回復する時間が必要だ。スキルをアップグレードするたびに回復が早くなる。]",
            "aspects": {
                "exhausted": 1
            },
            "resaturate": true,
            "lifetime": 130,
            "decayTo": "fragmentedgee.colonel",
            "icon": "fragmentedgee.colonel",
            "uniquenessgroup": "uqedgelore.colonel"
        },
        {
            "id": "fragmentedgef.colonel.exhausted",
            "label": "ランゲットの絶対値（枯渇）",
            "description": "[また使えるようになるには、回復する時間が必要だ。スキルをアップグレードするたびに回復が早くなる。]",
            "aspects": {
                "exhausted": 1
            },
            "resaturate": true,
            "lifetime": 90,
            "decayTo": "fragmentedgef.colonel",
            "icon": "fragmentedgef.colonel",
            "uniquenessgroup": "uqedgelore.colonel"
        },
        {
            "id": "fragmentedgeg.colonel.exhausted",
            "label": "傷だらけの謎（枯渇）",
            "description": "[また使えるようになるには、回復する時間が必要だ。スキルをアップグレードするたびに回復が早くなる。]",
            "aspects": {
                "exhausted": 1
            },
            "resaturate": true,
            "lifetime": 50,
            "decayTo": "fragmentedgeg.colonel",
            "icon": "fragmentedgeg.colonel",
            "uniquenessgroup": "uqedgelore.colonel"
        },
        {
            "id": "fragmentedgeb.lionsmith",
            "label": "シャープルの教訓",
            "aspects": {
                "edge": 4,
                "forge": 2,
                "heart": 2,
                "lore": 1
            },
            "description": "「これは偉大な者の息子が剣を折った時の教訓だ。今でもペルシャの太陽に照らされて、金属の破片のように輝いている」。思ったより実践的だ。",
            "xtriggers": {
                "epiphany": "fragmentedgec.lionsmith",
                "epiphany.lionsmith": "fragmentedgec.lionsmith",
                "fatiguing": "fragmentedgeb.lionsmith.exhausted",
                "striking.foe": [
                    {
                        "id": "wound.foe",
                        "morpheffect": "spawn"
                    }
                ],
                "striking.underling": [
                    {
                        "id": "wound.underling",
                        "morpheffect": "spawn"
                    }
                ]
            },
            "uniquenessgroup": "uqedgelore.lionsmith"
        },
        {
            "id": "fragmentedgec.lionsmith",
            "label": "ラビト作戦",
            "aspects": {
                "edge": 6,
                "forge": 3,
                "heart": 3,
                "lore": 1
            },
            "description": "献身と恐怖の両方を必要とする神秘的な儀式。",
            "xtriggers": {
                "epiphany": "fragmentedged.lionsmith",
                "epiphany.lionsmith": "fragmentedged.lionsmith",
                "depiphany": "fragmentedgeb.lionsmith",
                "fatiguing": "fragmentedgec.lionsmith.exhausted",
                "striking.foe": [
                    {
                        "id": "wound.foe",
                        "morpheffect": "spawn"
                    }
                ],
                "striking.underling": [
                    {
                        "id": "wound.underling",
                        "morpheffect": "spawn"
                    }
                ]
            },
            "uniquenessgroup": "uqedgelore.lionsmith"
        },
        {
            "id": "fragmentedged.lionsmith",
            "label": "ライオンスミスの名を持つ者",
            "aspects": {
                "edge": 8,
                "forge": 4,
                "heart": 4,
                "lore": 1
            },
            "description": "ライオンスミスは時の神々の基準では若いが、戦争の基準では年老いている。彼の名を持つ者たちは新米だが、彼らの朗読にはどう猛な力が宿っている。",
            "xtriggers": {
                "epiphany": "fragmentedgee.lionsmith",
                "epiphany.lionsmith": "fragmentedgee.lionsmith",
                "depiphany": "fragmentedgec.lionsmith",
                "fatiguing": "fragmentedged.lionsmith.exhausted",
                "striking.foe": [
                    {
                        "id": "wound.foe",
                        "morpheffect": "spawn"
                    }
                ],
                "striking.underling": [
                    {
                        "id": "wound.underling",
                        "morpheffect": "spawn"
                    }
                ]
            },
            "uniquenessgroup": "uqedgelore.lionsmith"
        },
        {
            "id": "fragmentedgee.lionsmith",
            "label": "真鍮の形態",
            "aspects": {
                "edge": 10,
                "forge": 5,
                "heart": 5,
                "lore": 1
            },
            "description": "七回七手の骨砕きの技。",
            "xtriggers": {
                "epiphany": "fragmentedgef.lionsmith",
                "epiphany.lionsmith": "fragmentedgef.lionsmith",
                "depiphany": "fragmentedged.lionsmith",
                "fatiguing": "fragmentedgee.lionsmith.exhausted",
                "striking.foe": [
                    {
                        "id": "wound.foe",
                        "morpheffect": "spawn"
                    }
                ],
                "striking.underling": [
                    {
                        "id": "wound.underling",
                        "morpheffect": "spawn"
                    }
                ]
            },
            "uniquenessgroup": "uqedgelore.lionsmith"
        },
        {
            "id": "fragmentedgef.lionsmith",
            "label": "柄の仕上げ",
            "aspects": {
                "edge": 12,
                "forge": 6,
                "heart": 6,
                "lore": 1
            },
            "description": "私は壊れても、また傷なしに作り直される武器だ。私の肉体の主張は、最後には、取り返しのつかないことになるだろう。",
            "xtriggers": {
                "epiphany": "fragmentedgeg.lionsmith",
                "epiphany.lionsmith": "fragmentedgeg.lionsmith",
                "depiphany": "fragmentedgee.lionsmith",
                "fatiguing": "fragmentedgef.lionsmith.exhausted",
                "striking.foe": [
                    {
                        "id": "wound.foe",
                        "morpheffect": "spawn"
                    }
                ],
                "striking.underling": [
                    {
                        "id": "wound.underling",
                        "morpheffect": "spawn"
                    }
                ]
            },
            "uniquenessgroup": "uqedgelore.lionsmith"
        },
        {
            "id": "fragmentedgeg.lionsmith",
            "label": "砕けた謎",
            "aspects": {
                "edge": 14,
                "forge": 7,
                "heart": 7,
                "lore": 1
            },
            "description": "生まれ変わるたびに、力が強くなる。壊れてしまったものは、鍛え直すことができる。壊れたことのないものは、鍛え直さなければならない。",
            "xtriggers": {
                "epiphany": [
                    {
                        "id": "weapon.f.lionsmith",
                        "morpheffect": "spawn"
                    }
                ],
                "epiphany.lionsmith": [
                    {
                        "id": "weapon.f.lionsmith",
                        "morpheffect": "spawn"
                    }
                ],
                "fatiguing": "fragmentedgeg.lionsmith.exhausted",
                "depiphany": "fragmentedgef.lionsmith",
                "striking.foe": [
                    {
                        "id": "wound.foe",
                        "morpheffect": "spawn"
                    }
                ],
                "striking.underling": [
                    {
                        "id": "wound.underling",
                        "morpheffect": "spawn"
                    }
                ]
            },
            "uniquenessgroup": "uqedgelore.lionsmith"
        },
        {
            "id": "fragmentedgeb.lionsmith.exhausted",
            "label": "シャープルの教訓（枯渇）",
            "description": "[また使えるようになるには、回復する時間が必要だ。スキルをアップグレードするたびに回復が早くなる。]",
            "aspects": {
                "exhausted": 1
            },
            "resaturate": true,
            "lifetime": 250,
            "decayTo": "fragmentedgeb.lionsmith",
            "icon": "fragmentedgeb.lionsmith",
            "uniquenessgroup": "uqedgelore.lionsmith"
        },
        {
            "id": "fragmentedgec.lionsmith.exhausted",
            "label": "ラビト作戦（枯渇）",
            "description": "[また使えるようになるには、回復する時間が必要だ。スキルをアップグレードするたびに回復が早くなる。]",
            "aspects": {
                "exhausted": 1
            },
            "resaturate": true,
            "lifetime": 210,
            "decayTo": "fragmentedgec.lionsmith",
            "icon": "fragmentedgec.lionsmith",
            "uniquenessgroup": "uqedgelore.lionsmith"
        },
        {
            "id": "fragmentedged.lionsmith.exhausted",
            "label": "ライオンスミスの名を持つ者（枯渇）",
            "description": "[また使えるようになるには、回復する時間が必要だ。スキルをアップグレードするたびに回復が早くなる。]",
            "aspects": {
                "exhausted": 1
            },
            "resaturate": true,
            "lifetime": 170,
            "decayTo": "fragmentedged.lionsmith",
            "icon": "fragmentedged.lionsmith",
            "uniquenessgroup": "uqedgelore.lionsmith"
        },
        {
            "id": "fragmentedgee.lionsmith.exhausted",
            "label": "真鍮の形態（枯渇）",
            "description": "[また使えるようになるには、回復する時間が必要だ。スキルをアップグレードするたびに回復が早くなる。]",
            "aspects": {
                "exhausted": 1
            },
            "resaturate": true,
            "lifetime": 130,
            "decayTo": "fragmentedgee.lionsmith",
            "icon": "fragmentedgee.lionsmith",
            "uniquenessgroup": "uqedgelore.lionsmith"
        },
        {
            "id": "fragmentedgef.lionsmith.exhausted",
            "label": "柄の仕上げ（枯渇）",
            "description": "[また使えるようになるには、回復する時間が必要だ。スキルをアップグレードするたびに回復が早くなる。]",
            "aspects": {
                "exhausted": 1
            },
            "resaturate": true,
            "lifetime": 90,
            "decayTo": "fragmentedgef.lionsmith",
            "icon": "fragmentedgef.lionsmith",
            "uniquenessgroup": "uqedgelore.lionsmith"
        },
        {
            "id": "fragmentedgeg.lionsmith.exhausted",
            "label": "砕けた謎（枯渇）",
            "description": "[また使えるようになるには、回復する時間が必要だ。スキルをアップグレードするたびに回復が早くなる。]",
            "aspects": {
                "exhausted": 1
            },
            "resaturate": true,
            "lifetime": 50,
            "decayTo": "fragmentedgeg.lionsmith",
            "icon": "fragmentedgeg.lionsmith",
            "uniquenessgroup": "uqedgelore.lionsmith"
        }
    ]
}
