{
    "elements": [
        {
            "id": "waywood",
            "label": "道：森",
            "description": "私は、マンサスの壁の周りに生えている絡みついた闇（マンサスには壁がないが）、森への道を知った。これで夢を見て、森に戻ることができる。",
            "aspects": {
                "way": 1
            },
            "unique": true
        },
        {
            "id": "waywhite",
            "label": "道：白い扉",
            "description": "夢の中で、「骨の扉」や「象牙の門」と呼ばれる白い扉を通過してきた。家に入るたびに、私の声は家の外に残されていく。",
            "aspects": {
                "way": 1
            },
            "unique": true
        },
        {
            "id": "waystagbefore_1",
            "label": "牡鹿の扉のなぞなぞ",
            "description": "「失うかもしれないものは？」このなぞなぞを解いて牡鹿の扉を通れば、知る者になれる。",
            "aspects": {
                "riddle": 1,
                "way": 1
            },
            "unique": true
        },
        {
            "id": "waystagbefore_2",
            "label": "牡鹿の扉のなぞなぞ",
            "description": "「慈悲はどこで見つかる？」このなぞなぞを解いて牡鹿の扉を通れば、知る者になれる。",
            "aspects": {
                "riddle": 1,
                "way": 1
            },
            "unique": true
        },
        {
            "id": "waystagbefore_3",
            "label": "牡鹿の扉のなぞなぞ",
            "description": "「生贄を甘くする言葉とは？」このなぞなぞを解いて牡鹿の扉を通れば、知る者になれる。",
            "aspects": {
                "riddle": 1,
                "way": 1
            },
            "unique": true
        },
        {
            "id": "waystagbefore_4",
            "label": "牡鹿の扉のなぞなぞ",
            "description": "「この道を開く前に、開かなくてはいけないものは？」このなぞなぞを解いて牡鹿の扉を通れば、知る者になれる。",
            "aspects": {
                "riddle": 1,
                "way": 1
            },
            "unique": true
        },
        {
            "id": "waystagbefore_5",
            "label": "牡鹿の扉のなぞなぞ",
            "description": "「生まれなかった女王はどこにいる？」このなぞなぞを解いて牡鹿の扉を通れば、知る者になれる。",
            "aspects": {
                "riddle": 1,
                "way": 1
            },
            "unique": true
        },
        {
            "id": "waystag_after",
            "label": "道：牡鹿の扉を通る",
            "description": "夢の中で牡鹿の扉への道を見つけた。その扉は、角の門や高僧の扉と呼ばれることもある。謎に答えた私は知る者の仲間入りを果たした。",
            "aspects": {
                "way": 1
            },
            "unique": true
        },
        {
            "id": "wayspider",
            "label": "道：蜘蛛の扉",
            "description": "夢の中で蜘蛛の扉への道を見つけた。その扉は、血の門や、一般的に「間違った扉」とも呼ばれている。",
            "aspects": {
                "way": 1
            },
            "unique": true
        },
        {
            "id": "waypeacock",
            "label": "道：孔雀の扉",
            "description": "夢の中で、孔雀の扉への道を見つけた。その扉は、目の門やプライドの崩壊とも呼ばれている。",
            "aspects": {
                "way": 1
            },
            "unique": true
        }
    ]
}