{
    "elements": [
        {
            "id": "lunatic",
            "label": "哀れな狂人",
            "aspects": {
                "mortal": 1,
                "prisoner": 1,
                "moth": 3,
                "grail": 3,
                "heart": 3
            },
            "description": "悲惨な経験がこの哀れな人の心を曇らせている。すぐに姿を消して、二度と戻ってこなくなるだろう。",
            "lifetime": 60,
            "xtriggers": {
                "killmortal": "corpse"
            }
        },
        {
            "id": "genericprisonerm",
            "label": "不運な囚人",
            "aspects": {
                "mortal": 1,
                "prisoner": 1,
                "lantern": 3,
                "grail": 3,
                "heart": 3
            },
            "description": "誰かがあなたのの手中に陥った。長くは生き延びられないだろう。",
            "lifetime": 600,
            "decayTo": "corpse",
            "xtriggers": {
                "killmortal": "corpse",
                "derangemortal": "lunatic"
            }
        },
        {
            "id": "genericprisonerf",
            "label": "不運な囚人",
            "aspects": {
                "mortal": 1,
                "prisoner": 1,
                "lantern": 3,
                "grail": 3,
                "heart": 3
            },
            "description": "誰かがあなたのの手中に陥った。長くは生き延びられないだろう。",
            "lifetime": 600,
            "decayTo": "corpse",
            "xtriggers": {
                "killmortal": "corpse",
                "derangemortal": "lunatic"
            }
        }
    ]
}