{
    "elements": [
        {
            "id": "dayacquaintances",
            "label": "新しい知人を作るのにぴったりな日",
            "description": "気の合う人が見つかるかもしれない。",
            "aspects": {
                "season": 1
            },
            "lifetime": 1
        },
        {
            "id": "daypatrons",
            "label": "新しいパトロン探しにぴったりな日",
            "description": "援助してくれる人が見つかるかもしれない。",
            "aspects": {
                "season": 1
            },
            "lifetime": 1
        },
        {
            "id": "daycriminals",
            "label": "怪しい人脈を作るのにぴったりな日",
            "description": "手を汚す覚悟のある人が見つかるかもしれない。",
            "aspects": {
                "season": 1
            },
            "lifetime": 1
        },
        {
            "id": "dayplaces",
            "label": "地図製作者にぴったりの日",
            "description": "面白い場所にたどり着くかもしれない。",
            "aspects": {
                "season": 1
            },
            "lifetime": 1
        },
        {
            "id": "seasonsickness",
            "label": "病の季節",
            "description": "有害な影響力が夜の空気を汚す。[もうすぐ健康を害するかもしれない。負傷した信奉者が命を落とす可能性もある。]",
            "aspects": {
                "season": 1
            },
            "lifetime": 1
        },
        {
            "id": "seasonserenities",
            "label": "穏やかな季節",
            "description": "明日はもっといい日になるかもしれない。",
            "comments": "currently unused",
            "aspects": {
                "season": 1
            },
            "lifetime": 1
        },
        {
            "id": "seasonsuspicion",
            "label": "疑惑の季節",
            "description": "私は見張られているのだろうか？",
            "aspects": {
                "season": 1
            },
            "lifetime": 1
        },
        {
            "id": "seasondespair",
            "label": "絶望の季節",
            "description": "夜が待っている。",
            "aspects": {
                "season": 1
            },
            "lifetime": 1
        },
        {
            "id": "seasonvisions",
            "label": "幻影の季節",
            "description": "なんという光景だろう。",
            "aspects": {
                "season": 1
            },
            "lifetime": 1
        },
        {
            "id": "seasonambitions",
            "label": "野望の季節",
            "description": "これは森の風が逆方向に吹く季節で、食欲と定命の者が共に起き上がる時。",
            "aspects": {
                "season": 1
            },
            "lifetime": 1
        },
        {
            "id": "seasonsilence",
            "label": "静寂の季節",
            "description": "期待に満ち溢れた日々。",
            "aspects": {
                "season": 1
            },
            "lifetime": 1
        },
        {
            "id": "seasonardours",
            "label": "熱意の季節",
            "description": "私たちは皆、猿でもあり天使でもある。",
            "aspects": {
                "season": 1
            },
            "lifetime": 1
        },
        {
            "id": "schememurder",
            "label": "人殺しの陰謀",
            "aspects": {
                "season": 1
            },
            "description": "ライバルが敵に対抗して動いた時に残された痕跡。",
            "lifetime": 1,
            "icon": "skillhealthd_strength"
        },
        {
            "id": "schemeexpedition",
            "label": "大胆な陰謀",
            "aspects": {
                "season": 1
            },
            "description": "ライバルが大胆に動いたことで残された痕跡。",
            "lifetime": 1,
            "icon": "vaultrendingmountainsdefault"
        },
        {
            "id": "schemeactivities",
            "label": "慎重な陰謀",
            "aspects": {
                "season": 1
            },
            "lifetime": 1,
            "description": "ライバルが慎重に動いたことで残された痕跡。",
            "icon": "contentment"
        }
    ]
}
