{
    "elements": [
        {
            "id": "peril_treacherousground",
            "label": "危険な地面",
            "aspects": {
                "peril": 1
            },
            "description": "穴、沼地、崖。この地は信頼できない。力強い手か鋭い目が必要だ――鍛造が灯りがちょうど良いだろう。"
        },
        {
            "id": "peril_forest",
            "label": "危険な森",
            "aspects": {
                "peril": 1
            },
            "description": "はるか昔、原始の木々が大地の端から端まで生えていた。彼らの支配の痕跡が、この密で息苦しい根と棘の領域のように、今でもいくつか残っている。鍛造の実用性か、蛾の神秘性が、私たちを助けてくれるかもしれない。"
        },
        {
            "id": "peril_mountains",
            "label": "峠",
            "aspects": {
                "peril": 1
            },
            "description": "荒涼とした灰緑色の斜面が、空を引き裂くような雪に縁取られた遠くの峰々へと視線を導く......ここで何かを見つけるのはかなり難しいだろう。鍛造が力を支え、冬が守ってくれる。"
        },
        {
            "id": "peril_desert",
            "label": "荒廃",
            "aspects": {
                "peril": 1
            },
            "description": "地平線の彼方に広がる、巨大な茶褐色の炉。夜には冷たい星空の荒れ地となる。慎重に行かなくてはいけない。鍛造が道を切り開き、聖杯が喉の渇きを癒してくれるだろう。"
        },
        {
            "id": "peril_sea",
            "label": "西の海",
            "aspects": {
                "peril": 1
            },
            "description": "これらの島々のほとんどは歴史に名を馳せているが、我々の目的地は荒れ果てた未開の地にある。生き残るには、心臓か鍛造が必要だ。"
        },
        {
            "id": "seal_hiddendoor",
            "label": "隠し扉",
            "aspects": {
                "seal": 1
            },
            "description": "隠し扉は灯りや開錠で見つけることができる。"
        },
        {
            "id": "seal_wardeddoor",
            "label": "守られた扉",
            "aspects": {
                "seal": 1
            },
            "description": "技術者か高僧が、この扉を簡単には開けないようにした。鍛造か開錠がそれを打ち破る。"
        },
        {
            "id": "guardian_serpent",
            "label": "妹",
            "aspects": {
                "guardian": 1
            },
            "description": "蟻の母は蛇の間に生まれた。彼女には驚くほどたくさんの妹がいる。戦闘で倒すこともできれば、母の力に応えることもある。"
        },
        {
            "id": "guardian_watchers",
            "label": "監視者",
            "aspects": {
                "guardian": 1
            },
            "description": "定命の者だ。おそらく普通の定命の者かもしれない。それでも、かなりの人数だ。彼らと戦うことも、誘惑することも、騙すこともできる。"
        },
        {
            "id": "guardian_monks",
            "label": "僧侶",
            "aspects": {
                "guardian": 1
            },
            "description": "ここでの奉仕を祝福されたり、非難されたりする瞑想家たち。彼らは奇妙な誓いを立てている。彼らを殺すことも、騙すこともできるが、誘惑することはできない。"
        },
        {
            "id": "guardian_dead",
            "label": "気難しい死者",
            "aspects": {
                "guardian": 1
            },
            "description": "全ての死者が安らかに眠れるわけではない。彼らは邪魔されるのを嫌う。全ての死者が安らかに眠れるわけではない。死者は邪魔をされるのを嫌う。刃の力で彼らに立ち向かうこともできるが、死者は冬の名の下に訪れる者に従う。"
        },
        {
            "id": "guardian_serpent_pre",
            "label": "妹",
            "description": "蟻の母は蛇の間に生まれた。彼女には驚くほどたくさんの妹がいる。戦闘で倒すこともできれば、母の力に応えることもある。",
            "isAspect": true,
            "icon": "guardian"
        },
        {
            "id": "guardian_watchers_pre",
            "label": "監視者",
            "aspects": {
                "guardian": 1
            },
            "description": "定命の者だ。おそらく普通の定命の者かもしれない。それでも、かなりの人数だ。彼らと戦うことも、誘惑することも、騙すこともできる。",
            "isAspect": true,
            "icon": "guardian"
        },
        {
            "id": "guardian_monks_pre",
            "label": "僧侶",
            "aspects": {
                "guardian": 1
            },
            "description": "ここでの奉仕を祝福されたり、非難されたりする瞑想家たち。彼らは奇妙な誓いを立てている。彼らを殺すことも、騙すこともできるが、誘惑することはできない。",
            "isAspect": true,
            "icon": "guardian"
        },
        {
            "id": "guardian_dead_pre",
            "label": "気難しい死者",
            "aspects": {
                "guardian": 1
            },
            "description": "全ての死者が安らかに眠れるわけではない。彼らは邪魔されるのを嫌う。全ての死者が安らかに眠れるわけではない。死者は邪魔をされるのを嫌う。刃の力で彼らに立ち向かうこともできるが、死者は冬の名の下に訪れる者に従う。",
            "isAspect": true,
            "icon": "guardian"
        },
        {
            "id": "guardian_soucouyants",
            "label": "ソーコーヤント",
            "aspects": {
                "guardian": 1
            },
            "description": "皮を捨てるまでは老婆と間違われるかもしれない。ここは、彼らであふれかえっている。ソーコーヤントは、絞め殺す根のように強く、少なくとも半長生者であるが、騙されることもあり、光をとても恐れている。"
        },
        {
            "id": "guardian_long",
            "label": "長生者",
            "aspects": {
                "guardian": 1
            },
            "description": "三又の扉をくぐった者を殺すのは至難の業だ。しかもここには、たくさんいる。しかし、その内の1人の欲望を上手く利用して釣ったり、騙したりすることはできるかもしれない。"
        },
        {
            "id": "curse_dread",
            "label": "乾いた魂の呪い",
            "aspects": {
                "curse": 1
            },
            "description": "この呪いを抑えるには、心臓か灯りが必要だ。そうでなければ、目的から遠ざかることはないが、後で困ることになるかもしれない。"
        },
        {
            "id": "curse_visions",
            "label": "第五の目の呪い",
            "aspects": {
                "curse": 1
            },
            "description": "この呪いを抑えるには、心臓か冬が必要だ。そうでなければ、目的から遠ざかることはないが、後で困ることになるかもしれない。"
        },
        {
            "id": "curse_affliction",
            "label": "這う息の呪い",
            "aspects": {
                "curse": 1
            },
            "description": "この呪いを抑えるには、心臓か聖杯が必要だ。そうでなければ、目的から遠ざかることはないが、後で困ることになるかもしれない。"
        },
        {
            "id": "curse_nowhere",
            "label": "世界のワーム",
            "aspects": {
                "curse": 1
            },
            "description": "この呪いを抑えるには、灯りか蛾が必要だ。そうでなければ、目的から遠ざかることはないが、後で困ることになるかもしれない。"
        }
    ]
}
