{
    "decks": [
        {
            "id": "acquaintances",
            "label": "知人",
            "description": "世界には多くの人がいるが、知る価値がある人は少ない。",
            "spec": [
                "auclair_a",
                "cat_a",
                "clifton_a",
                "slee_a",
                "elridge_a",
                "laidlaw_a",
                "porter_a",
                "renira_a",
                "saliba_a",
                "sylvia_a",
                "valciane_a",
                "violet_a",
                "ysabet_a",
                "clovette_a",
                "tristan_a",
                "dorothy_a",
                "enid_a",
                "rose_a",
                "leo_a",
                "neville_a",
                "victor_a",
                "generic_a_edge",
                "generic_a_forge",
                "generic_a_grail",
                "generic_a_heart",
                "generic_a_knock",
                "generic_a_lantern",
                "generic_a_moth",
                "generic_a_winter"
            ],
            "defaultcard": "mistakenidentity"
        },
        {
            "id": "hirelings",
            "label": "残忍・狡猾",
            "description": "適材適所。",
            "spec": [
                "thugedge",
                "thugforgeedge",
                "thuglanternmoth",
                "thugknock",
                "thugmoth",
                "thugedge",
                "thugforgeedge",
                "thuglanternmoth",
                "thugknock",
                "thugmoth",
                "thugmothminor",
                "thugmothminor",
                "thugmothminor",
                "thugmothminor",
                "thugedgeminor",
                "thugedgeminor",
                "thugedgeminor",
                "thugedgeminor"
            ],
            "resetonexhaustion": true
        },
        {
            "id": "hunters",
            "label": "ハンター",
            "description": "私を恨む人たち。",
            "spec": [
                "investigator1",
                "investigator2",
                "investigator3",
                "investigator4",
                "defaulthunter"
            ],
            "defaultcard": "defaulthunter"
        },
        {
            "id": "scholarpatrons",
            "label": "パトロン",
            "description": "助けてくれそうな人たち。",
            "spec": [
                "aladimready",
                "bechetready",
                "janningsready",
                "poppyready",
                "sulochana"
            ],
            "defaultcard": "rumour"
        },
        {
            "id": "aladimcommissions",
            "label": "アル＝アディムの興味・関心事",
            "description": "",
            "spec": [
                "commissionarticlesecrethistories",
                "commissionarticlesecrethistoriesb",
                "commissionarticlesecrethistoriesc",
                "commissionarticlelantern",
                "commissionarticlelanternb",
                "commissionarticlelanternc"
            ],
            "defaultcard": "commissionarticlesecrethistories",
            "resetonexhaustion": true
        },
        {
            "id": "bechetcommissions",
            "label": "ベシェの興味・関心事",
            "description": "",
            "spec": [
                "commissionarticleforge",
                "commissionarticleforgeb",
                "commissionarticleforgec",
                "commissionarticlegrail",
                "commissionarticlegrailb",
                "commissionarticlegrailc",
                "commissionarticlemoth",
                "commissionarticlemothb",
                "commissionarticlemothc"
            ],
            "defaultcard": "commissionarticlegrail",
            "resetonexhaustion": true
        },
        {
            "id": "janningscommissions",
            "label": "ジャニングスの興味・関心事",
            "description": "",
            "spec": [
                "commissionarticleedge",
                "commissionarticleedgeb",
                "commissionarticleedgec",
                "commissionarticleheart",
                "commissionarticleheartb",
                "commissionarticleheartc"
            ],
            "resetonexhaustion": true
        },
        {
            "id": "poppycommissions",
            "label": "ポピーの興味・関心事",
            "description": "",
            "spec": [
                "commissionarticlewinter",
                "commissionarticlewinterb",
                "commissionarticlewinterc",
                "commissionarticleknock",
                "commissionarticleknockb",
                "commissionarticleknockc"
            ],
            "resetonexhaustion": true
        },
        {
            "id": "randomvictim",
            "label": "愚かな者・無用心な者",
            "description": "目的達成のために上手く利用する。",
            "spec": [
                "genericprisonerm",
                "genericprisonerf"
            ],
            "defaultcard": "genericprisonerm",
            "resetonexhaustion": true
        }
    ]
}