{
    "decks": [
        {
            "id": "randominfluencelow",
            "label": "占い",
            "description": "権力の時代と場所が、もうすぐ訪れる。ほぼすべての属性に結びつけられる。",
            "spec": [
                "vitality",
                "erudition",
                "glimmering",
                "vitality",
                "erudition",
                "glimmering",
                "vitality",
                "erudition",
                "glimmering",
                "influenceedge",
                "influenceforge",
                "influencegrail",
                "influenceheart",
                "influenceknock",
                "influencelantern",
                "influencemoth",
                "influencewinter",
                "influenceedgec",
                "influenceforgec",
                "influencegrailc",
                "influenceheartc",
                "influenceknockc",
                "influencelanternc",
                "influencemothc",
                "influencewinterc",
                "influenceedge",
                "influenceforge",
                "influencegrail",
                "influenceheart",
                "influenceknock",
                "influencelantern",
                "influencemoth",
                "influencewinter",
                "influenceedgec",
                "influenceforgec",
                "influencegrailc",
                "influenceheartc",
                "influenceknockc",
                "influencelanternc",
                "influencemothc",
                "influencewinterc",
                "influenceedge",
                "influenceforge",
                "influencegrail",
                "influenceheart",
                "influenceknock",
                "influencelantern",
                "influencemoth",
                "influencewinter",
                "influenceedgec",
                "influenceforgec",
                "influencegrailc",
                "influenceheartc",
                "influenceknockc",
                "influencelanternc",
                "influencemothc",
                "influencewinterc"
            ],
            "defaultcard": "influencelantern",
            "resetonexhaustion": true
        }
    ]
}