{
    "decks": [
        {
            "id": "vaultrewardsa",
            "label": "首都の報酬",
            "description": "",
            "spec": [
                "wainscothistories",
                "textbookfucine",
                "travellingatnight3",
                "locksmithsdream4",
                "treatiseonunderplaces",
                "ingredientlanternb",
                "toolwinterd",
                "toollanternbcracked",
                "toolheartb",
                "ingredientgrailb",
                "franklinbancroftdiarieslatin",
                "apolloandmarsyas",
                "toolgrailb",
                "ingredientheartb",
                "locksmithsdream3",
                "roseofhypatiagreek",
                "roseofnurielgreek",
                "roseofwazneigreek",
                "chioneatabydos",
                "debellismurorum",
                "textbookgreek",
                "ingredientedgeb",
                "ingredientforgeb",
                "ingredientgrailb",
                "ingredientheartb",
                "ingredientknockb",
                "ingredientlanternb",
                "ingredientmothb",
                "ingredientwinterb"
            ],
            "resetonexhaustion": true
        },
        {
            "id": "vaultrewardsb",
            "label": "州の報酬",
            "description": "",
            "spec": [
                "orchidtransfigurations3latin",
                "ingredientheartd",
                "indignitiesobliviatelatin",
                "toolmothb",
                "flayedtantrasanskrit",
                "ingredientgrailb",
                "toolknockb",
                "toolwinterb",
                "tooledgeb",
                "influencewinterc",
                "ingredientwinterb",
                "ingredientmothb",
                "bookofcentipedegreek",
                "toollanterndcracked",
                "victoryofcrowns",
                "thosewhodonotsleepfucine",
                "tooledged",
                "shavenlocktantrasanskrit",
                "concursumdiariesphrygian",
                "matthiasamethystlossaramaic",
                "textbooklatin",
                "ingredientedgeb",
                "ingredientforgeb",
                "ingredientgrailb",
                "ingredientheartb",
                "ingredientknockb",
                "ingredientlanternb",
                "ingredientmothb",
                "ingredientwinterb"
            ],
            "resetonexhaustion": true
        },
        {
            "id": "vaultrewardsc",
            "label": "大陸の報酬",
            "description": "",
            "spec": [
                "ingredientwinterb",
                "toolforgeb",
                "highmysterieschurchsolarfucine",
                "bookoftruebloodlatin",
                "morphycodexaramaic",
                "irreproachabletraditionssocietynobleendeavourlatin",
                "againstsisterhoodknotgreek",
                "ingredientheartb",
                "thirstingtantrasanskrit",
                "dehoris2latin",
                "tantrawormssanskrit",
                "textbookaramaic",
                "ingredientmothd",
                "toolgrailmoth",
                "toolmothd",
                "inthemountainsasupontheplainvak",
                "toolsecrethistoriesb",
                "jumble",
                "influencemothc",
                "watchfultantrasanskrit",
                "vinzantinscriptionsphrygian",
                "geminiadfucine",
                "textbookaramaic",
                "devouredtantrasanskrit",
                "worlddoesnotweeparamaic",
                "deedsofthescarredcaptaingreek",
                "matthiasamethysttransformationaramaic",
                "onthematterandthedeedsofserpentsvak",
                "textbookfucinelatin",
                "serenityofblackwoodgreek",
                "ingredientedgeb",
                "ingredientforgeb",
                "ingredientgrailb",
                "ingredientheartb",
                "ingredientknockb",
                "ingredientlanternb",
                "ingredientmothb",
                "ingredientwinterb",
                "ingredientedged",
                "ingredientforged",
                "ingredientgraild",
                "ingredientheartd",
                "ingredientknockd",
                "ingredientlanternd",
                "ingredientmothd",
                "ingredientwinterd"
            ],
            "resetonexhaustion": true
        },
        {
            "id": "vaultrewardsd",
            "label": "森の向こうの大地の報酬",
            "description": "",
            "spec": [
                "accountkanishkspidersdooraramaic",
                "theskythesoularamaic",
                "ingredientlanternf",
                "gospelzacchaeusgreek",
                "catalogueofunchartedpleasuresphrygian",
                "bookofthronesphrygian",
                "twentysixenticementsseventormentsfucine",
                "toolheartd",
                "sunsetpassageslatin",
                "historyofshadowlesskingsaramaic",
                "ivorybookfucine",
                "ingredientgrailf",
                "textbooksanskrit",
                "furioustantrasanskrit",
                "twinserpenttantrasanskrit",
                "howendwillbeginvak",
                "ingredientforgeb",
                "burningwomanphrygian",
                "encirclingtantrasanskrit",
                "knownunknowntantrasanskrit",
                "ironbookfucine",
                "silverbookfucine",
                "matthiasamethystpursuitaramaic",
                "ingredientedgeb",
                "ingredientforgeb",
                "ingredientgrailb",
                "ingredientheartb",
                "ingredientknockb",
                "ingredientlanternb",
                "ingredientmothb",
                "ingredientwinterb",
                "ingredientedged",
                "ingredientforged",
                "ingredientgraild",
                "ingredientheartd",
                "ingredientknockd",
                "ingredientlanternd",
                "ingredientmothd",
                "ingredientwinterd"
            ],
            "resetonexhaustion": true
        },
        {
            "id": "vaultrewardse",
            "label": "裂け目の山の報酬",
            "description": "",
            "spec": [
                "toolforged",
                "bookofdissolutionmandaic",
                "toolgraild",
                "wherehasshegonevak",
                "tooledgef",
                "dreamconspiracyskiesphrygian",
                "textbookvaksanskrit",
                "toollanternfcracked",
                "larquebinecodexphrygian",
                "bookofmasksphrygian",
                "toolknockd",
                "secondglorymandaic",
                "asthesunhiscoursearamaic",
                "textbookphrygiangreek",
                "textbookmandaicaramaic",
                "ingredientedged",
                "ingredientforged",
                "ingredientgraild",
                "ingredientheartd",
                "ingredientknockd",
                "ingredientlanternd",
                "ingredientmothd",
                "ingredientwinterd"
            ],
            "resetonexhaustion": true
        },
        {
            "id": "vaultrewardsf",
            "label": "閑散とした平坦な砂地の報酬",
            "description": "",
            "spec": [
                "toollanternd",
                "focusambermandaic",
                "medusaslamentgreek",
                "manneralchemistsparedvak",
                "toolsecrethistoriesd",
                "voyagesfofucine",
                "toolmothf",
                "ingredientmothf",
                "ingredientknockf",
                "toolheartf",
                "songscarapacecrossmandaic",
                "sevenfoldslayingsevencoiledfucine",
                "ingredientwinterf",
                "influencewintere",
                "toolknockd",
                "memoryofgodsfucine",
                "toolwinterf",
                "ingredientedged",
                "ingredientforged",
                "ingredientgraild",
                "ingredientheartd",
                "ingredientknockd",
                "ingredientlanternd",
                "ingredientmothd",
                "ingredientwinterd",
                "ingredientedgef",
                "ingredientforgef",
                "ingredientgrailf",
                "ingredientheartf",
                "ingredientknockf",
                "ingredientlanternf",
                "ingredientmothf",
                "ingredientwinterf"
            ],
            "resetonexhaustion": true
        },
        {
            "id": "vaultrewardsg",
            "label": "夕方の島の報酬",
            "description": "",
            "spec": [
                "manualdeparturevak",
                "toolgrailf",
                "fivecreationsvak",
                "originsofhoursvak",
                "bighufffucine",
                "toolforgef",
                "timedivisionmandaic",
                "ingredientheartf",
                "bookextinguishedheartmandaic",
                "bookwhitecatphrygian",
                "toolknockf",
                "ingredientgrailf",
                "scarskyfucine",
                "toollanternf",
                "birdsongphrygian",
                "commandspreservationallexistsmandaic",
                "ingredientedgef",
                "ingredientforgef",
                "ingredientgrailf",
                "ingredientheartf",
                "ingredientknockf",
                "ingredientlanternf",
                "ingredientmothf",
                "ingredientwinterf"
            ],
            "resetonexhaustion": true
        }
    ]
}