{
    "decks": [
        {
            "id": "locationscapital",
            "label": "首都の隠れた場所",
            "description": "身近な場所。",
            "spec": [
                "vaultcapital1",
                "vaultcapital2",
                "vaultcapital3",
                "vaultcapital4",
                "vaultcapital5"
            ],
            "defaultcard": "vaultcapitaldefault",
            "resetonexhaustion": false
        },
        {
            "id": "vaultsshires",
            "label": "州の隠れた場所",
            "description": "田舎に出かけるチャンスかもしれない。",
            "spec": [
                "vaultshires1",
                "vaultshires2",
                "vaultshires3",
                "vaultshires4",
                "vaultshires5"
            ],
            "defaultcard": "vaultshiresdefault",
            "resetonexhaustion": false
        },
        {
            "id": "vaultscontinent",
            "label": "大陸の隠れた場所",
            "description": "狭い海の向こうには広い世界が広がっている。",
            "spec": [
                "vaultcontinent1",
                "vaultcontinent2",
                "vaultcontinent3",
                "vaultcontinent4",
                "vaultcontinent5",
                "vaultcontinent6"
            ],
            "defaultcard": "vaultcontinentdefault",
            "resetonexhaustion": false
        },
        {
            "id": "vaultslandbeyondforest",
            "label": "森の向こうの大地の隠れた場所",
            "description": "山ばかりの大地は可能性に満ちている。",
            "spec": [
                "vaultlandbeyondforest1",
                "vaultlandbeyondforest2",
                "vaultlandbeyondforest3",
                "vaultlandbeyondforest4",
                "vaultlandbeyondforest5"
            ],
            "defaultcard": "vaultlandbeyondforestdefault",
            "resetonexhaustion": false
        },
        {
            "id": "vaultsrendingmountains",
            "label": "裂け目の山の隠れた場所",
            "description": "人里離れた危険な宝物や寺院。",
            "spec": [
                "vaultrendingmountains1",
                "vaultrendingmountains2",
                "vaultrendingmountains3",
                "vaultrendingmountains4"
            ],
            "defaultcard": "vaultrendingmountainsdefault",
            "resetonexhaustion": false
        },
        {
            "id": "vaultsloneandlevelsands",
            "label": "閑散とした平坦な砂地の隠れた場所",
            "description": "ここには、見つけられる物を待つ、古代の宝物が埋まっている。",
            "spec": [
                "vaultloneandlevelsands1",
                "vaultloneandlevelsands2",
                "vaultloneandlevelsands3",
                "vaultloneandlevelsands4"
            ],
            "defaultcard": "vaultloneandlevelsandsdefault",
            "resetonexhaustion": false
        },
        {
            "id": "vaultseveningisles",
            "label": "夕方の島の隠れた場所",
            "description": "正午の港の周囲にある未開拓の島々。",
            "spec": [
                "vaulteveningisles1",
                "vaulteveningisles2",
                "vaulteveningisles3",
                "vaulteveningisles4"
            ],
            "defaultcard": "vaulteveningislesdefault",
            "resetonexhaustion": false
        }
    ]
}