{
    "recipes": [
        {
            "id": "expeditionascensionheartb",
            "label": "蛇の名を持つ者、姉の名を持つ者",
            "actionid": "explore",
            "requirements": {
                "sendingheartb": 1
            },
            "warmup": 30,
            "effects": {
                "ascensionlessonheartb": 1,
                "sending": -1
            },
            "description": "蛇の名を持つ者：蛇の姿をした私が、老母の苦悩と呼ばれる蟻の母の名を持つ者が、双子を産んだ娘ダハに会う古い夢を見た。2人の会話はずっと前に終わってしまったが、学べることはあるだろう。"
        },
        {
            "id": "expeditionascensionheartc",
            "label": "ベルベットの名を持つ者たち",
            "actionid": "explore",
            "requirements": {
                "sendingheartc": 1
            },
            "warmup": 30,
            "effects": {
                "ascensionlessonheartc": 1,
                "sending": -1
            },
            "description": "血は老成した子猫と呼ばれるクリーチャーを家の根から連れだすだろう。石の夜のもとで踊るためだ。猫の姿をした私も参加して、すべてのステップを最初から最後まで教えてもらう。"
        },
        {
            "id": "expeditionascensionheartd",
            "label": "フラワーメーカーの名を持つ者",
            "actionid": "explore",
            "requirements": {
                "sendingheartd": 1
            },
            "warmup": 30,
            "startdescription": "色を捨てる",
            "effects": {
                "ascensionlessonheartd": 1,
                "sending": -1
            },
            "description": "狐の姿をした私は、ユリの中に深く入り込んでいく。フラワーメーカーの名を持つ者、カルペルスが小川のほとりで私を待っている――彼の体は無数の贈り物で磨かれ、頭には葦の冠を被っている。彼は私の体のまだ日の目を見ていない場所を開いてくれるだろう。"
        },
        {
            "id": "expeditionascensionhearte",
            "label": "ならず者との踊り",
            "actionid": "explore",
            "requirements": {
                "sendinghearte": 1
            },
            "warmup": 30,
            "effects": {
                "ascensionlessonhearte": 1,
                "sending": -1
            },
            "description": "視力を捨てる：最初は老婆は砂の上の塵にしか見えなかったが、鷲の姿をした私はその塵を的確に追いかけ、彼女の腕の中に飛び込み、接触を受け入れた。彼女の目を見ることはできない。彼女は私の顎の下を撫でると、私を振り払い、鳥の姿になって飛んでいく。高く高く昇っていくと、私の視界が金色に染まった。"
        },
        {
            "id": "expeditionascensionheartf",
            "label": "哀歌詩人の名を持つ者",
            "actionid": "explore",
            "requirements": {
                "sendingheartf": 1
            },
            "warmup": 30,
            "effects": {
                "ascensionlessonheartf": 1,
                "sending": -1
            },
            "description": "骨を捨てる：トゥサン通り墓地には、地元の人が掃除をしている白い大理石の墓がある。ロジェ夫人は、最も優しい哀歌詩人の名を持つ者であるナエニア嬢に、夢の中で会えるように三日おきにここで眠っている。ナエニア嬢が息の届く距離に来るまで、私は鳥の姿をしたまま墓石の上に宿る。"
        }
    ]
}
