{
    "elements": [
        {
            "id": "uqauclair",
            "label": "Auclair",
            "description": "",
            "isAspect": true,
            "isHidden": true
        },
        {
            "id": "uqcat",
            "label": "Katze Karo",
            "description": "",
            "isAspect": true,
            "isHidden": true
        },
        {
            "id": "uqconnie",
            "label": "Connie",
            "description": "",
            "isAspect": true,
            "isHidden": true
        },
        {
            "id": "uqclovette",
            "label": "Clovette",
            "description": "",
            "isAspect": true,
            "isHidden": true
        },
        {
            "id": "uqclifton",
            "label": "Clifton",
            "description": "",
            "isAspect": true,
            "isHidden": true
        },
        {
            "id": "uqdouglas",
            "label": "Douglas",
            "description": "",
            "isAspect": true,
            "isHidden": true
        },
        {
            "id": "uqdorothy",
            "label": "Dorothy",
            "description": "",
            "isAspect": true,
            "isHidden": true
        },
        {
            "id": "uqelridge",
            "label": "Elridge",
            "description": "",
            "isAspect": true,
            "isHidden": true
        },
        {
            "id": "uqenid",
            "label": "Enid",
            "description": "",
            "isAspect": true,
            "isHidden": true
        },
        {
            "id": "uqlaidlaw",
            "label": "Laidlaw",
            "description": "",
            "isAspect": true,
            "isHidden": true
        },
        {
            "id": "uqleo",
            "label": "Leo",
            "description": "",
            "isAspect": true,
            "isHidden": true
        },
        {
            "id": "uqnatalia",
            "label": "Natalia",
            "description": "",
            "isAspect": true,
            "isHidden": true
        },
        {
            "id": "uqneville",
            "label": "Neville",
            "description": "",
            "isAspect": true,
            "isHidden": true
        },
        {
            "id": "uqporter",
            "label": "Porter",
            "description": "",
            "isAspect": true,
            "isHidden": true
        },
        {
            "id": "uqrenira",
            "label": "Renira",
            "description": "",
            "isAspect": true,
            "isHidden": true
        },
        {
            "id": "uqrose",
            "label": "Rose",
            "description": "",
            "isAspect": true,
            "isHidden": true
        },
        {
            "id": "uqsaliba",
            "label": "Saliba",
            "description": "",
            "isAspect": true,
            "isHidden": true
        },
        {
            "id": "uqslee",
            "label": "Slee",
            "description": "",
            "isAspect": true,
            "isHidden": true
        },
        {
            "id": "uqspencer",
            "label": "Spencer",
            "description": "",
            "isAspect": true,
            "isHidden": true
        },
        {
            "id": "uqsylvia",
            "label": "Sylvia",
            "description": "",
            "isAspect": true,
            "isHidden": true
        },
        {
            "id": "uqtristan",
            "label": "Tristan",
            "description": "",
            "isAspect": true,
            "isHidden": true
        },
        {
            "id": "uqvalciane",
            "label": "Valciane",
            "description": "",
            "isAspect": true,
            "isHidden": true
        },
        {
            "id": "uqvictor",
            "label": "Victor",
            "description": "",
            "isAspect": true,
            "isHidden": true
        },
        {
            "id": "uqviolet",
            "label": "Violet",
            "description": "",
            "isAspect": true,
            "isHidden": true
        },
        {
            "id": "uqysabet",
            "label": "Ysabet",
            "description": "",
            "isAspect": true,
            "isHidden": true
        },
        {
            "id": "uqzachary",
            "label": "Zachary",
            "description": "",
            "isAspect": true,
            "isHidden": true
        },
        {
            "id": "uqbenefactorm",
            "label": "Wohltäter",
            "description": "",
            "isAspect": true,
            "isHidden": true
        },
        {
            "id": "uqbenefactorf",
            "label": "Wohltäterin",
            "description": "",
            "isAspect": true,
            "isHidden": true
        },
        {
            "id": "uqcabaret",
            "label": "Cabaret-Standort",
            "description": "",
            "isAspect": true,
            "isHidden": true
        },
        {
            "id": "uqdesire",
            "label": "Verlangen",
            "description": "",
            "isAspect": true,
            "isHidden": true
        },
        {
            "id": "uqsending",
            "label": "Sender",
            "description": "",
            "isAspect": true,
            "isHidden": true
        },
        {
            "id": "uqvitulation",
            "label": "Vitulationsvorbereitung",
            "description": "",
            "isAspect": true,
            "isHidden": true
        },
        {
            "id": "uqthirdwaywitnesses",
            "label": "Zeugen des Dritten Weges",
            "description": "",
            "isAspect": true,
            "isHidden": true
        },
        {
            "id": "uqspirit_forgee_edge",
            "label": "König Tiegel",
            "description": "",
            "isAspect": true,
            "isHidden": true
        },
        {
            "id": "uqspirit_graile_edge",
            "label": "Ezeem, der Zweite Dürstliche",
            "description": "",
            "isAspect": true,
            "isHidden": true
        },
        {
            "id": "uqspirit_lanterne_secret",
            "label": "Teresa",
            "description": "",
            "isAspect": true,
            "isHidden": true
        }
    ]
}