{
    "elements": [
        {
            "id": "paintingmansus",
            "label": "Ein Gemälde des Äußeren Mansus",
            "description": "Treppen erheben sich in grauen Regenbogen. Fenster warten.",
            "aspects": {
                "knock": 1,
                "lantern": 1
            }
        },
        {
            "id": "overexposure",
            "label": "Überstrahlung",
            "description": "Jedes Publikum ist flatterhaft.",
            "lifetime": 1,
            "decayTo": "funds"
        }
    ]
}