{
    "elements": [
        {
            "id": "dehoris1latin",
            "unique": true,
            "label": "De Horis (Buch 1)",
            "aspects": {
                "text": 1,
                "auctionable": 1,
                "textlatin": 1
            },
            "description": "Auf Latein. Ein Werk aus dem 4. Jahrhundert in einer lateinischen Übersetzung aus dem 14. Jahrhundert. Dieser Nachdruck stammt aus dem 19. Jahrhundert (vom unermüdlichen Nathaniel Darcy-Evers).",
            "xtriggers": {
                "scholarlatin": "dehoris1"
            }
        },
        {
            "id": "dehoris2latin",
            "unique": true,
            "label": "De Horis (Buch 2)",
            "aspects": {
                "text": 1,
                "auctionable": 1,
                "textlatin": 1
            },
            "description": "Auf Latein. Ein Werk aus dem 4. Jahrhundert in einer lateinischen Übersetzung aus dem 14. Jahrhundert. Dieser Nachdruck stammt aus dem 19. Jahrhundert (vom unermüdlichen Nathaniel Darcy-Evers).",
            "xtriggers": {
                "scholarlatin": "dehoris2"
            }
        },
        {
            "id": "debellismurorumlatin",
            "unique": true,
            "label": "De Bellis Murorum",
            "aspects": {
                "text": 1,
                "auctionable": 1,
                "textlatin": 1
            },
            "description": "Auf Latein. Ein episches Gedicht aus dem 18. Jahrhundert, verfasst unter Pseudonym von 'Solipsistos'.",
            "xtriggers": {
                "scholarlatin": "debellismurorum"
            }
        },
        {
            "id": "onwhatiscontainedbysilvergreek",
            "unique": true,
            "label": "Was sich im Silber verbirgt",
            "aspects": {
                "text": 1,
                "auctionable": 1,
                "textgreek": 1
            },
            "description": "Ein Bestiarium von 'Poemander'. Auf Griechisch.",
            "xtriggers": {
                "scholargreek": "onwhatiscontainedbysilver"
            }
        },
        {
            "id": "truecompleteasclepiangreek",
            "unique": true,
            "label": "Eine wahre und vollständige Abhandlung über die Asklepischen Mysterien der Wurzeln des Hauses",
            "aspects": {
                "text": 1,
                "auctionable": 1,
                "textgreek": 1
            },
            "description": "Reproduziert von einem gewissen 'Rylee Grese' auf Basis eines – vorgeblich – sehr viel älteren Textes. Auf Griechisch.",
            "xtriggers": {
                "scholargreek": "truecompleteasclepian"
            }
        },
        {
            "id": "orchidtransfigurations1latin",
            "unique": true,
            "label": "Die Orchideen-Transfigurationen, Band 1",
            "aspects": {
                "text": 1,
                "auctionable": 1,
                "textlatin": 1
            },
            "description": "Ein alchemistischer Fiebertraum aus dem 16. Jahrhundert, der Robert Fludd zugeschrieben wird. Häufig verboten wegen des verstörenden Reizes der Illustrationen. Dies ist das lateinische Original.",
            "xtriggers": {
                "scholarlatin": "orchidtransfigurations1"
            }
        },
        {
            "id": "orchidtransfigurations2latin",
            "unique": true,
            "label": "Die Orchideen-Transfigurationen, Band 2",
            "aspects": {
                "text": 1,
                "auctionable": 1,
                "textlatin": 1
            },
            "description": "Ein alchemistischer Fiebertraum aus dem 16. Jahrhundert, der Robert Fludd zugeschrieben wird. Häufig verboten wegen des verstörenden Reizes der Illustrationen. Dies ist das lateinische Original.",
            "xtriggers": {
                "scholarlatin": "orchidtransfigurations2"
            }
        },
        {
            "id": "orchidtransfigurations3latin",
            "unique": true,
            "label": "Die Orchideen-Transfigurationen, Band 3",
            "aspects": {
                "text": 1,
                "auctionable": 1,
                "textlatin": 1
            },
            "description": "Ein alchemistischer Fiebertraum aus dem 16. Jahrhundert, der Robert Fludd zugeschrieben wird. Häufig verboten wegen des verstörenden Reizes der Illustrationen. Dies ist das lateinische Original.",
            "xtriggers": {
                "scholarlatin": "orchidtransfigurations3"
            }
        },
        {
            "id": "geminiadfucine",
            "unique": true,
            "label": "Die Geminiade",
            "aspects": {
                "knock": 2,
                "tool": 1,
                "text": 1,
                "auctionable": 1,
                "textfucine": 1
            },
            "xtriggers": {
                "scholarfucine": "geminiad"
            },
            "description": "Ein zerbrechliches Manuskript, illustriert mit gegenübergestellten Formen trauriger und leuchtender Schönheit, und mit allen Phasen des Mondes. Es könnte noch aus dem 17. Jahrhundert stammen, doch die Sprache – Fucine – ist deutlich älter. Korallen verzieren das Deckblatt und die Seitenkanten sind scharf genug, um jemandem die Kehle zu durchtrennen."
        },
        {
            "id": "textbookfucinelatin",
            "unique": true,
            "label": "Das verschlüsselte Tagebuch des Alessandro LaCroce",
            "aspects": {
                "text": 1,
                "auctionable": 1,
                "textlatin": 1
            },
            "description": "Prinz Alessandro LaCroce verbrachte Jahre mit dem geheimen Studium der Tafeln aus den Fuciner Marschen in Mittelitalien. Dank seiner Arbeit kannst du Texte in Fucine lesen ... doch dies ist in einem simplen lateinischen Chiffre geschrieben. Erst musst du ihn dechiffrieren.",
            "xtriggers": {
                "scholarlatin": "textbookfucine"
            }
        },
        {
            "id": "textbookphrygiangreek",
            "unique": true,
            "label": "Die Velshorn-Inschriften",
            "aspects": {
                "text": 1,
                "auctionable": 1,
                "textgreek": 1
            },
            "description": "Hunderte Zeilen Poesie in Griechisch und Phrygisch nebeneinander, von einer Wand kopiert. Ähnlich – oder identisch mit – den Inschriften, die Cal Velshorn in Halicarnassus entdeckte. [Wenn du Griechisch sprichst, kannst du so auch Phrygisch lernen.]",
            "xtriggers": {
                "scholargreek": "textbookphrygian"
            }
        },
        {
            "id": "textbookmandaicaramaic",
            "unique": true,
            "label": "Der Augustus-Stein",
            "aspects": {
                "text": 1,
                "auctionable": 1,
                "textaramaic": 1
            },
            "description": "Eine riesige Schale, so groß wie ein Gong, aus schwarzem Basalt gehauen, mit Beschwörungsformeln in Aramäisch und Mandäisch. [Wenn du Aramäisch sprichst, kannst du so auch Mandäisch lernen.]",
            "xtriggers": {
                "scholararamaic": "textbookmandaic"
            }
        },
        {
            "id": "textbookvaksanskrit",
            "unique": true,
            "label": "Eine rätselhafte Skulptur",
            "aspects": {
                "text": 1,
                "auctionable": 1,
                "textsanskrit": 1
            },
            "description": "Eine aufwendige Elfenbein-Skulptur von unvorstellbarem Detailreichtum. An der Oberfläche wechseln sich Inschriften in Sanskrit mit ihren Gegenstücken in Vak ab. [Wenn du Sanskrit sprichst, kannst du so auch Vak lernen, die erste Sprache der Welt.]",
            "xtriggers": {
                "scholarsanskrit": "textbookvak"
            }
        },
        {
            "id": "irreproachabletraditionssocietynobleendeavourlatin",
            "unique": true,
            "label": "Die untadeligen Traditionen ...",
            "aspects": {
                "text": 1,
                "auctionable": 2,
                "textlatin": 1
            },
            "description": "Die untadeligen Traditionen der Gesellschaft des Hehren Unterfangens. Auf Latein.",
            "xtriggers": {
                "scholarlatin": "irreproachabletraditionssocietynobleendeavour"
            }
        },
        {
            "id": "roseofnurielgreek",
            "unique": true,
            "label": "Die Rose von Nuriel",
            "aspects": {
                "text": 1,
                "auctionable": 2,
                "textgreek": 1
            },
            "description": "Gekennzeichnet durch das dreifache Zeichen des arkan-kontemplativen Ordens, der als Schwesternschaft des Knotens bekannt ist. Auf Griechisch.",
            "xtriggers": {
                "scholargreek": "roseofnuriel"
            }
        },
        {
            "id": "roseofhypatiagreek",
            "unique": true,
            "label": "Die Rose von Hypatia",
            "aspects": {
                "text": 1,
                "auctionable": 2,
                "textgreek": 1
            },
            "description": "Gekennzeichnet durch das dreifache Zeichen des arkan-kontemplativen Ordens, der als Schwesternschaft des Knotens bekannt ist. Auf Griechisch.",
            "xtriggers": {
                "scholargreek": "roseofhypatia"
            }
        },
        {
            "id": "roseofwazneigreek",
            "unique": true,
            "label": "Die Rose von Waznei",
            "aspects": {
                "text": 1,
                "auctionable": 2,
                "textgreek": 1
            },
            "description": "Gekennzeichnet durch das dreifache Zeichen des arkan-kontemplativen Ordens, der als Schwesternschaft des Knotens bekannt ist ... doch ein viertes Blatt wurde hinzugefügt, wodurch das Zeichen entstellt ist. Auf Griechisch.",
            "xtriggers": {
                "scholargreek": "roseofwaznei"
            }
        },
        {
            "id": "sunsetpassageslatin",
            "unique": true,
            "label": "Sonnenuntergangspassagen",
            "aspects": {
                "text": 1,
                "auctionable": 2,
                "textlatin": 1
            },
            "description": "Ein heiliger Text der Kirche der Unbändigen Sonne, die in zahlreichen Historien in den Untergrund gedrängt wurde. Auf Latein.",
            "xtriggers": {
                "scholarlatin": "sunsetpassages"
            }
        },
        {
            "id": "gospelzacchaeusgreek",
            "unique": true,
            "label": "Das Evangelium des Zachäus",
            "aspects": {
                "text": 1,
                "auctionable": 2,
                "textgreek": 1
            },
            "description": "Ein verlorener frühchristlicher Text? Ist auf Griechisch.",
            "xtriggers": {
                "scholargreek": "gospelzacchaeus"
            }
        },
        {
            "id": "matthiasamethystlossaramaic",
            "unique": true,
            "label": "Über Matthias und das Amethyst-Imago: Verlust",
            "aspects": {
                "text": 1,
                "auctionable": 2,
                "textaramaic": 1
            },
            "description": "Die Diagramme und Illustrationen sind, selbst nach Jahrhunderten noch, elegant, hypnotisierend und gelegentlich erotisch. Auf Aramäisch.",
            "xtriggers": {
                "scholararamaic": "matthiasamethystloss"
            }
        },
        {
            "id": "matthiasamethysttransformationaramaic",
            "unique": true,
            "label": "Über Matthias und das Amethyst-Imago: Verwandlung",
            "aspects": {
                "text": 1,
                "auctionable": 2,
                "textaramaic": 1
            },
            "description": "Die Diagramme und Illustrationen sind, selbst nach Jahrhunderten noch, elegant, hypnotisierend und gelegentlich erotisch. Auf Aramäisch.",
            "xtriggers": {
                "scholararamaic": "matthiasamethysttransformation"
            }
        },
        {
            "id": "matthiasamethystpursuitaramaic",
            "unique": true,
            "label": "Über Matthias und das Amethyst-Imago: Verfolgung",
            "aspects": {
                "text": 1,
                "auctionable": 2,
                "textaramaic": 1
            },
            "description": "Die Diagramme und Illustrationen sind, selbst nach Jahrhunderten noch, elegant, hypnotisierend und gelegentlich erotisch. Auf Aramäisch.",
            "xtriggers": {
                "scholararamaic": "matthiasamethystpursuit"
            }
        },
        {
            "id": "franklinbancroftdiarieslatin",
            "unique": true,
            "label": "Lord Franklin Bancroft: Tagebücher, 1750-1790",
            "aspects": {
                "text": 1,
                "auctionable": 2,
                "textlatin": 1
            },
            "description": "Das berüchtigte Tagebuch eines berüchtigten Herrn, verfasst auf Latein, zweifellos aus Gründen der Sicherheit.",
            "xtriggers": {
                "scholarlatin": "franklinbancroftdiaries"
            }
        },
        {
            "id": "indignitiesobliviatelatin",
            "unique": true,
            "label": "Jene Würdelosigkeiten der Betrügerischen Bruderschaft der Obliviaten",
            "aspects": {
                "text": 1,
                "auctionable": 2,
                "textlatin": 1
            },
            "description": "Dieses Buch ist berühmt für den praktisch unverständlichen Furor in seinem Ton, wie auch das darin enthaltene Wissen. Auf Latein.",
            "xtriggers": {
                "scholarlatin": "indignitiesobliviate"
            }
        },
        {
            "id": "furioustantrasanskrit",
            "unique": true,
            "label": "Das Zornige Tantra",
            "aspects": {
                "text": 1,
                "auctionable": 2,
                "textsanskrit": 1
            },
            "description": "Wie es später vom Medium und Pyrotechniker Jacob Oliver Topp-Mugglestone transkribiert wurde. Es ist traditionell überliefert, dass er es in der Rinde einer Eiche fand, eingebrannt von einem Blitz.",
            "xtriggers": {
                "scholarsanskrit": "furioustantra"
            }
        },
        {
            "id": "devouredtantrasanskrit",
            "unique": true,
            "label": "Das Verzehrte Tantra",
            "aspects": {
                "text": 1,
                "auctionable": 2,
                "textsanskrit": 1
            },
            "description": "Der Diplomat und Priester Stanislaw John Schaller transkribierte dies aus der Bibliothek eines Roten Langen, doch sein Manuskript ist weiterhin in einer privaten Sammlung in Kerisham.",
            "xtriggers": {
                "scholarsanskrit": "devouredtantra"
            }
        },
        {
            "id": "ceaselesstantrasanskrit",
            "unique": true,
            "label": "Das Pausenlose Tantra",
            "aspects": {
                "text": 1,
                "auctionable": 2,
                "textsanskrit": 1
            },
            "description": "Der Avantgarde-Choreograph Nicholas Keirle soll dieses Tantra in seine bedrohlichen Balletts integriert haben.",
            "xtriggers": {
                "scholarsanskrit": "ceaselesstantra"
            }
        },
        {
            "id": "knownunknowntantrasanskrit",
            "unique": true,
            "label": "Das Bekannte-Unbekannte Tantra",
            "aspects": {
                "text": 1,
                "auctionable": 2,
                "textsanskrit": 1
            },
            "description": "Carlos Garcia Sauri, der ekstatische Mystiker der Pyrenäen, war dafür bekannt, dies in drei Sprachen zu rezitieren, obschon er niemals den Subkontinent besucht hatte.",
            "xtriggers": {
                "scholarsanskrit": "knownunknowntantra"
            }
        },
        {
            "id": "encirclingtantrasanskrit",
            "unique": true,
            "label": "Das Umkreisende Tantra",
            "aspects": {
                "text": 1,
                "auctionable": 2,
                "textsanskrit": 1
            },
            "description": "Der Entdecker und Entrepreneur T. Everett Duplantis versuchte einst, den Tempel zu plündern, in dem dieser Text aufbewahrt wurde. Sein Schicksal ist in einem Anhang festgehalten.",
            "xtriggers": {
                "scholarsanskrit": "encirclingtantra"
            }
        },
        {
            "id": "shavenlocktantrasanskrit",
            "unique": true,
            "label": "Das Tantra der Abgeschorenen Locke",
            "aspects": {
                "text": 1,
                "auctionable": 2,
                "textsanskrit": 1
            },
            "description": "Auch bekannt als 'Der Geschorene'. Dies ist, so wird erzählt, das Wissen, das selbst der formwandelnde Vanaras ablehnte.",
            "xtriggers": {
                "scholarsanskrit": "shavenlocktantra"
            }
        },
        {
            "id": "tantrawormssanskrit",
            "unique": true,
            "label": "Das Tantra der Würmer",
            "aspects": {
                "text": 1,
                "auctionable": 2,
                "textsanskrit": 1
            },
            "description": "Die Entomologin Juliana Zawistowski kam schließlich zu dem Schluss, dass dieser Text von Insekten geschrieben wurde, die in der Haut eines Menschen steckten. Sie brachte nie Beweise für ihre Behauptung vor.",
            "xtriggers": {
                "scholarsanskrit": "tantraworms"
            }
        },
        {
            "id": "bookofcentipedegreek",
            "unique": true,
            "label": "Das Buch der Tausendfüßlerin",
            "aspects": {
                "text": 1,
                "auctionable": 2,
                "textgreek": 1
            },
            "description": "Mitte der 1860er Jahre unterhielt eine gewisse 'Madam Yi' ihr Publikum, wie sie behauptete, mit diesem Buch.",
            "xtriggers": {
                "scholargreek": "bookofcentipede"
            }
        },
        {
            "id": "accountkanishkspidersdooraramaic",
            "unique": true,
            "label": "Der Bericht von Kanishk an der Spinnentür",
            "aspects": {
                "text": 1,
                "auctionable": 2,
                "textaramaic": 1
            },
            "description": "Lok Kahuli, Kanishks Opfer und Liebhaber, schrieb diesen Bericht, vielleicht posthum.",
            "xtriggers": {
                "scholararamaic": "accountkanishkspidersdoor"
            }
        },
        {
            "id": "vinzantinscriptionsphrygian",
            "unique": true,
            "label": "Die Vinzant-Inschriften",
            "aspects": {
                "text": 1,
                "auctionable": 2,
                "textphrygian": 1
            },
            "description": "Everett Vinzant transkribierte diese phrygischen Inschriften von einer Klippe in Anatolien, wo er berühmtermaßen einen Blitzschlag überlebte. Auf den Tag genau sieben Jahre später verstarb er. Seine Knochen, so die Legende, fühlten sich heiß an.",
            "xtriggers": {
                "scholarphrygian": "vinzantinscriptions"
            }
        },
        {
            "id": "larquebinecodexphrygian",
            "unique": true,
            "label": "Der Larquebinische Kodex",
            "aspects": {
                "text": 1,
                "auctionable": 2,
                "textphrygian": 1
            },
            "description": "Christoph Larquebus behauptete, zwei handgeschriebene Exemplare des Kodex, in der eigentlich ausgestorbenen phrygischen Sprache, von einer Hexenfamilie an den Ufern des Marmarameers erworben zu haben. Ein drittes wurde 'dem Meere übergeben'.",
            "xtriggers": {
                "scholarphrygian": "larquebinecodex"
            }
        },
        {
            "id": "againstsisterhoodknotgreek",
            "unique": true,
            "label": "Gegen die Schwesternschaft des Knotens und ...",
            "aspects": {
                "text": 1,
                "auctionable": 2,
                "textgreek": 1
            },
            "description": "'Gegen die Schwesternschaft des Knotens und die Verderbtheit ihrer Verkommenen Bräuche' Hieronymus Pseudo-Hypnerotomachus verfasste diese wüste Tirade über den sinistren Einfluss der Schwesternschaft auf seine eigene Kirche der Unbändigen Sonne.",
            "xtriggers": {
                "scholargreek": "againstsisterhoodknot"
            }
        },
        {
            "id": "morphycodexaramaic",
            "unique": true,
            "label": "Der Morphy-Kodex",
            "aspects": {
                "text": 1,
                "auctionable": 2,
                "textaramaic": 1
            },
            "description": "Ein Text der Schwesternschaft des Knotens, entdeckt von Evan Morphy.",
            "xtriggers": {
                "scholararamaic": "morphycodex"
            }
        },
        {
            "id": "leoninetantrasanskrit",
            "unique": true,
            "label": "Das Leoninen-Tantra",
            "aspects": {
                "text": 1,
                "auctionable": 2,
                "textsanskrit": 1
            },
            "description": "In der berüchtigtsten Übersetzung des Leoninen-Tantra wird Ashley Phillips als Übersetzer genannt, doch deren Existenz wird im Prolog vehement bestritten. Diese Verwirrung ist typisch für Bücher, welche die Großen Vermummten Prinzen erwähnen.",
            "xtriggers": {
                "scholarsanskrit": "leoninetantra"
            }
        },
        {
            "id": "incandescenttantrasanskrit",
            "unique": true,
            "label": "Das Strahlende Tantra",
            "aspects": {
                "text": 1,
                "auctionable": 2,
                "textsanskrit": 1
            },
            "description": "Michael Blockley, der exzentrische Eisenmagnet, zitierte gern aus diesem Tantra. Blockley starb bei einem Farbikbrand.",
            "xtriggers": {
                "scholarsanskrit": "incandescenttantra"
            }
        },
        {
            "id": "thirstingtantrasanskrit",
            "unique": true,
            "label": "Das Dürstende Tantra",
            "aspects": {
                "text": 1,
                "auctionable": 2,
                "textsanskrit": 1
            },
            "description": "C.G. Burial, der für Mäßigung kämpfte, veröffentlicht Passagen hieraus in einem Pamphlet, das aufgrund seines zu großen Erfolges zurückgezogen und vernichtet werden musste.",
            "xtriggers": {
                "scholarsanskrit": "thirstingtantra"
            }
        },
        {
            "id": "flayedtantrasanskrit",
            "unique": true,
            "label": "Das Gegeißelte Tantra",
            "aspects": {
                "text": 1,
                "auctionable": 2,
                "textsanskrit": 1
            },
            "description": "Dieses Tantra ist so aufgezeichnet, als werde es von einem rätselhaften Individuum namens 'Pelle' gesprochen, und zwar mit zahlreichen Eigenschaften der mythologischen Naga. Das Gegeißelte Tantra spielte eine wichtige Rolle für die paranoiden Pamphlete des Alexander Sparrow.",
            "xtriggers": {
                "scholarsanskrit": "flayedtantra"
            }
        },
        {
            "id": "watchfultantrasanskrit",
            "unique": true,
            "label": "Das Wachsame Tantra",
            "aspects": {
                "text": 1,
                "auctionable": 2,
                "textsanskrit": 1
            },
            "description": "Berüchtigt für seinen Anteil am Tode von Dafyd Jones und Meredith Blaine, zweier früher Ärzte, die beide behauptet hatten, das einzige Exemplar zu besitzen, und sich schließlich 1840 deswegen duellierten.",
            "xtriggers": {
                "scholarsanskrit": "watchfultantra"
            }
        },
        {
            "id": "twinserpenttantrasanskrit",
            "unique": true,
            "label": "Das Zwillingsschlangen-Tantra",
            "aspects": {
                "text": 1,
                "auctionable": 2,
                "textsanskrit": 1
            },
            "description": "Ein Tantra von besonders obskurer Herkunft.",
            "xtriggers": {
                "scholarsanskrit": "twinserpenttantra"
            }
        },
        {
            "id": "firecircletantrasanskrit",
            "unique": true,
            "label": "Das Feuerkreis-Tantra",
            "aspects": {
                "text": 1,
                "auctionable": 2,
                "textsanskrit": 1
            },
            "description": "Das einzige bekannte Exemplar in Westeuropa wurde 1892 aus der British Library entwendet. Ein gewisser Harvey Hattington gestand die Tat und behauptete, es in einem Moment unkontrollierbarer Spontaneität mit Butter und Knoblauch verzehrt zu haben.",
            "xtriggers": {
                "scholarsanskrit": "firecircletantra"
            }
        },
        {
            "id": "asthesunhiscoursearamaic",
            "unique": true,
            "label": "Wie der Sonne ihre Bahn",
            "aspects": {
                "text": 1,
                "auctionable": 2,
                "textaramaic": 1
            },
            "description": "Joel von der Brücke, Soldat im Ruhestand und gelegentlicher Zolleintreiber, schrieb dieses epische Gedicht über Alexanders berühmte unerklärliche Entscheidung bei Issos, sich aus dem Kriege gegen die Achämeniden zurückzuziehen und nach Makedonien zurückzukehren.",
            "xtriggers": {
                "scholararamaic": "asthesunhiscourse"
            }
        },
        {
            "id": "concursumdiariesphrygian",
            "unique": true,
            "label": "Die Concursum-Tagebücher",
            "aspects": {
                "text": 1,
                "auctionable": 2,
                "textphrygian": 1
            },
            "description": "Die Tagebücher des Entdeckers und Mörders Lars Westergren. Er hat sie, aus Gründen der Privatsphäre, ins Phrygische übersetzt, was wenig hilfreich ist.",
            "xtriggers": {
                "scholarphrygian": "concursumdiaries"
            }
        },
        {
            "id": "ironbookfucine",
            "unique": true,
            "label": "Das Eiserne Buch",
            "aspects": {
                "text": 1,
                "auctionable": 2,
                "textfucine": 1
            },
            "description": "Ein Handbuch des Ordo Limiae, eines Ordens Quasi-Unsterblicher, die eine geheime Enklave an der Quelle des Flusses Lima in der römischen Provinz Hispania Gallaecia unterhielten.",
            "xtriggers": {
                "scholarfucine": "ironbook"
            }
        },
        {
            "id": "silverbookfucine",
            "unique": true,
            "label": "Das Silberne Buch",
            "aspects": {
                "text": 1,
                "auctionable": 2,
                "textfucine": 1
            },
            "description": "Ein Handbuch des Ordo Limiae, eines Ordens Quasi-Unsterblicher, die eine geheime Enklave an der Quelle des Flusses Lima in der römischen Provinz Hispania Gallaecia unterhielten.",
            "xtriggers": {
                "scholarfucine": "silverbook"
            }
        },
        {
            "id": "ivorybookfucine",
            "unique": true,
            "label": "Das Elfenbein-Buch",
            "aspects": {
                "text": 1,
                "auctionable": 2,
                "textfucine": 1
            },
            "description": "Ein Handbuch des Ordo Limiae, eines Ordens Quasi-Unsterblicher, die eine geheime Enklave an der Quelle des Flusses Lima in der römischen Provinz Hispania Gallaecia unterhielten.",
            "xtriggers": {
                "scholarfucine": "ivorybook"
            }
        },
        {
            "id": "worlddoesnotweeparamaic",
            "unique": true,
            "label": "Die Welt weinet nicht",
            "aspects": {
                "text": 1,
                "auctionable": 2,
                "textaramaic": 1
            },
            "description": "Der 'Braune' Joshua fand dies in einem Brunnen in Hama. Es gibt da die unwahrscheinliche Geschichte, dass es von Alexander bei seinem Rückzug aus Issos zurückgelassen wurde.",
            "xtriggers": {
                "scholararamaic": "worlddoesnotweep"
            }
        },
        {
            "id": "deedsofthescarredcaptaingreek",
            "unique": true,
            "label": "Die Taten des Narbigen Kapitäns",
            "aspects": {
                "text": 1,
                "auctionable": 2,
                "textgreek": 1
            },
            "description": "In mühsamster Kleinarbeit vom Glücksritter und zeitweiligen Rimessenten Pawel Schulga während seiner Jahre in Griechenland zusammengestellt.",
            "xtriggers": {
                "scholargreek": "deedsofthescarredcaptain"
            }
        },
        {
            "id": "bookofdissolutionmandaic",
            "unique": true,
            "label": "Das Buch der Auflösung",
            "aspects": {
                "text": 1,
                "auctionable": 2,
                "textmandaic": 1
            },
            "description": "Nach den grundlegenden Arbeiten von Hosty Moor entdeckte Alexander Probst ein Exemplar dieses Werkes in einem persischen Gebirgstempel. Andere Exemplare tauchen ab und zu auf, in der Regel in den Fels geätzt.",
            "xtriggers": {
                "scholarmandaic": "bookofdissolution"
            }
        },
        {
            "id": "catalogueofunchartedpleasuresphrygian",
            "unique": true,
            "label": "Ein Katalog unerkundeter Freuden",
            "aspects": {
                "text": 1,
                "auctionable": 2,
                "textphrygian": 1
            },
            "description": "'Der Dunkle Herr' ist der einzige, und dazu noch recht großspurig, angegebene Verfasser dieses oft kopierten Werks.",
            "xtriggers": {
                "scholarphrygian": "catalogueofunchartedpleasures"
            }
        },
        {
            "id": "thosewhodonotsleepfucine",
            "unique": true,
            "label": "Jene, die nicht schlafen",
            "aspects": {
                "text": 1,
                "auctionable": 2,
                "textfucine": 1
            },
            "description": "Ein Text in Fucine, der dem Mystiker Brodnax zugeschrieben wird.",
            "xtriggers": {
                "scholarfucine": "thosewhodonotsleep"
            }
        },
        {
            "id": "theskythesoularamaic",
            "unique": true,
            "label": "Der Himmel, die Seele",
            "aspects": {
                "text": 1,
                "auctionable": 2,
                "textaramaic": 1
            },
            "description": "Das Großwerk von Kalle, eines asketischen Dichters, der am Hofe des Schattenlosen Königs schrieb.",
            "xtriggers": {
                "scholararamaic": "theskythesoul"
            }
        },
        {
            "id": "onthematterandthedeedsofserpentsvak",
            "unique": true,
            "label": "Zum Thema und Werk der Schlangen",
            "aspects": {
                "text": 1,
                "auctionable": 2,
                "textvak": 1
            },
            "description": "Dies waren wahrscheinlich die 'Prophezeiungen der Naga', im Paris der 1880er Jahre ins Englische übersetzt und illustriert von 'William Midnight', doch an einigen Stellen gibt es Abweichungen vom Original. Für einen Vak-Text ist er zweifellos noch recht neu.",
            "xtriggers": {
                "scholarvak": "onthematterandthedeedsofserpents"
            }
        },
        {
            "id": "serenityofblackwoodgreek",
            "unique": true,
            "label": "Die Gleichmut des Schwarzen Forstes",
            "aspects": {
                "text": 1,
                "auctionable": 2,
                "textgreek": 1
            },
            "description": "Eine allegorische Historie des Hauses Lethe, die, wie hier impliziert wird, von der Tausendfüßlerin inspiriert wurde. 'Sereno Blackwood' ist bis heute ein okkultes Alias.",
            "xtriggers": {
                "scholargreek": "serenityofblackwood"
            }
        },
        {
            "id": "bookofthronesphrygian",
            "unique": true,
            "label": "Das Buch der Throne",
            "aspects": {
                "text": 1,
                "auctionable": 2,
                "textphrygian": 1
            },
            "description": "Eine Legende des Schattenlosen Imperiums, transkribiert von Alexander Peterhans aus den Annalen eines geheimen Schreins in Anatolien.",
            "xtriggers": {
                "scholarphrygian": "bookofthrones"
            }
        },
        {
            "id": "secondglorymandaic",
            "unique": true,
            "label": "Ein Zweiter Ruhm",
            "aspects": {
                "text": 1,
                "auctionable": 2,
                "textmandaic": 1
            },
            "description": "Ein Werk von Juceh, dem Priester und eremitischem Gelehrten.",
            "xtriggers": {
                "scholarmandaic": "secondglory"
            }
        },
        {
            "id": "bookoftruebloodlatin",
            "unique": true,
            "label": "Buch des Wahren Blutes",
            "aspects": {
                "text": 1,
                "auctionable": 2,
                "textlatin": 1
            },
            "description": "Ein Werk von Cassius dem Thomaner.",
            "xtriggers": {
                "scholarlatin": "bookoftrueblood"
            }
        },
        {
            "id": "burningwomanphrygian",
            "unique": true,
            "label": "Die Lodernde Frau",
            "aspects": {
                "text": 1,
                "auctionable": 2,
                "textphrygian": 1
            },
            "description": "Eine Transkription des Stücks von Menander dem Siegreichen, möglicherweise des Dramatikers gleichen Namens, ins Phrygische, versehen mit Kommentaren.",
            "xtriggers": {
                "scholarphrygian": "burningwoman"
            }
        },
        {
            "id": "twentysixenticementsseventormentsfucine",
            "unique": true,
            "label": "Sechsundzwanzig Verlockungen, Sieben Martern",
            "aspects": {
                "text": 1,
                "auctionable": 2,
                "textfucine": 1
            },
            "description": "Der Maler Niels Frederik Malskær versuchte sich berüchtigterweise an einer Reihe von Gemälden nach Motiven der Martern. Bei der Fünften Marter war der Blutzoll des Gemäldes so groß geworden, dass er schlichtweg verblutete. Die Diagramme zu diesem Text sind glücklicherweise weniger detailliert.",
            "xtriggers": {
                "scholarfucine": "twentysixenticementsseventorments"
            }
        },
        {
            "id": "historyofshadowlesskingsaramaic",
            "unique": true,
            "label": "Eine Wahre und Akkurate Geschichte der Schattenlosen Könige",
            "aspects": {
                "text": 1,
                "auctionable": 2,
                "textaramaic": 1
            },
            "description": "Isaac von Karths Geschichte des Schattenlosen Imperiums.",
            "xtriggers": {
                "scholararamaic": "historyofshadowlesskings"
            }
        },
        {
            "id": "highmysterieschurchsolarfucine",
            "unique": true,
            "label": "Die Hohen Mysterien der Innersten ...",
            "aspects": {
                "text": 1,
                "auctionable": 2,
                "textfucine": 1
            },
            "description": "'Die Hohen Mysterien der Innersten Kammer unserer Sonnenkirche'. Geheime Riten der Kirche der Unbändigen Sonne, die mindestens in zwei Historien an der Macht war.",
            "xtriggers": {
                "scholarfucine": "highmysterieschurchsolar"
            }
        },
        {
            "id": "medusaslamentgreek",
            "unique": true,
            "label": "Medusas Klagelied",
            "aspects": {
                "text": 1,
                "auctionable": 2,
                "textgreek": 1
            },
            "description": "Zum Tode der Stunde namens Sieben-Spulen, 'Vater der Mutter'.",
            "xtriggers": {
                "scholargreek": "medusaslament"
            }
        },
        {
            "id": "bookofmasksphrygian",
            "unique": true,
            "label": "Das Buch der Masken",
            "aspects": {
                "text": 1,
                "auctionable": 2,
                "textphrygian": 1
            },
            "description": "Athena Vanas Werk über die abtrünnige Stunde namens Vagabundin.",
            "xtriggers": {
                "scholarphrygian": "bookofmasks"
            }
        },
        {
            "id": "inthemountainsasupontheplainvak",
            "unique": true,
            "label": "In den Bergen, denn in der Ebene ...",
            "aspects": {
                "text": 1,
                "auctionable": 2,
                "textvak": 1
            },
            "description": "'In den Bergen, denn in der Ebene mag es keinen Pfad geben, auf dem noch niemand gewandelt ist'. Ein Werk von Ninegala von Lagash.",
            "xtriggers": {
                "scholarvak": "inthemountainsasupontheplain"
            }
        },
        {
            "id": "memoryofgodsfucine",
            "unique": true,
            "label": "Im Gedenken an Götter",
            "aspects": {
                "text": 1,
                "auctionable": 2,
                "textfucine": 1
            },
            "description": "Ein Werk des 'Hügelkinds', eines namenlosen gallischen Adepten, der einer Organisation namens Ordo Limiae beitrat.",
            "xtriggers": {
                "scholarfucine": "memoryofgods"
            }
        },
        {
            "id": "sevenfoldslayingsevencoiledfucine",
            "unique": true,
            "label": "Das Siebenfache Erschlagen des Siebenspuligen",
            "aspects": {
                "text": 1,
                "auctionable": 2,
                "textfucine": 1
            },
            "description": "Eine Schilderung der Vernichtung einer vorzeitlichen Stunde, eines Gottes-der-Stein-war.",
            "xtriggers": {
                "scholarfucine": "sevenfoldslayingsevencoiled"
            }
        },
        {
            "id": "bighufffucine",
            "unique": true,
            "label": "Meine Werke, meine Kräfte, meine Erfolge ...",
            "aspects": {
                "text": 1,
                "auctionable": 2,
                "textfucine": 1
            },
            "description": "'Meine Werke, meine Kräfte, meine Erfolge und das Unrecht, das mir widerfuhr'",
            "xtriggers": {
                "scholarfucine": "bighuff"
            }
        },
        {
            "id": "dreamconspiracyskiesphrygian",
            "unique": true,
            "label": "Der Traum von der Verschwörung der Niederen Himmel",
            "aspects": {
                "text": 1,
                "auctionable": 2,
                "textphrygian": 1
            },
            "description": "Grübeleien des entehrten Orakels Damaon Azenaten.",
            "xtriggers": {
                "scholarphrygian": "dreamconspiracyskies"
            }
        },
        {
            "id": "bookwhitecatphrygian",
            "unique": true,
            "label": "Das Buch der Weißen Katze",
            "aspects": {
                "text": 1,
                "auctionable": 2,
                "textphrygian": 1
            },
            "description": "Geschichten, die Penelope von Gordion von einer blinden weißen Katze überbracht wurden.",
            "xtriggers": {
                "scholarphrygian": "bookwhitecat"
            }
        },
        {
            "id": "focusambermandaic",
            "unique": true,
            "label": "Der Fokus des Bernsteins",
            "aspects": {
                "text": 1,
                "auctionable": 2,
                "textmandaic": 1
            },
            "description": "Das Werk der Buße von Omar, dem Lodernden.",
            "xtriggers": {
                "scholarmandaic": "focusamber"
            }
        },
        {
            "id": "songscarapacecrossmandaic",
            "unique": true,
            "label": "Die Lieder vom Carapax-Kreuz",
            "aspects": {
                "text": 1,
                "auctionable": 2,
                "textmandaic": 1
            },
            "description": "Micah Xis häufig vernichtetes Werk.",
            "xtriggers": {
                "scholarmandaic": "songscarapacecross"
            }
        },
        {
            "id": "originsofhoursvak",
            "unique": true,
            "label": "Der Ursprung der Stunden",
            "aspects": {
                "text": 1,
                "auctionable": 2,
                "textvak": 1
            },
            "description": "Ein Werk auf Vak, in dem Tratsch über die verschiedenen Ursprünge der geheimen Götter zu lesen sein könnte.",
            "xtriggers": {
                "scholarvak": "originsofhours"
            }
        },
        {
            "id": "wherehasshegonevak",
            "unique": true,
            "label": "Wo ist sie hin?",
            "aspects": {
                "text": 1,
                "auctionable": 2,
                "textvak": 1
            },
            "description": "Eine Abhandlung über die Reisen der Vagabundin auf Vak.",
            "xtriggers": {
                "scholarvak": "wherehasshegone"
            }
        },
        {
            "id": "bookextinguishedheartmandaic",
            "unique": true,
            "label": "Das Buch des Erloschenen Herzens",
            "aspects": {
                "text": 1,
                "auctionable": 2,
                "textmandaic": 1
            },
            "description": "Ein Buch melancholischer Prophezeiungen.",
            "xtriggers": {
                "scholarmandaic": "bookextinguishedheart"
            }
        },
        {
            "id": "howendwillbeginvak",
            "unique": true,
            "label": "Der Anfang vom Ende",
            "aspects": {
                "text": 1,
                "auctionable": 2,
                "textvak": 1
            },
            "description": "Ein Buch trister Prophezeiungen.",
            "xtriggers": {
                "scholarvak": "howendwillbegin"
            }
        },
        {
            "id": "manneralchemistsparedvak",
            "unique": true,
            "label": "Wie der Alchemist verschont wurde",
            "aspects": {
                "text": 1,
                "auctionable": 2,
                "textvak": 1
            },
            "description": "Ein quasi-alchemischer Text, auf Vak.",
            "xtriggers": {
                "scholarvak": "manneralchemistspared"
            }
        },
        {
            "id": "fivecreationsvak",
            "unique": true,
            "label": "Fünf Schöpfungen",
            "aspects": {
                "text": 1,
                "auctionable": 2,
                "textvak": 1
            },
            "description": "Der Wandergelehrte Shohei diskutiert fünf mögliche Ursprünge der Menschheit mit einer vermummten Gestalt, von der seitdem behauptet wird, es handle sich um die Strandkrähe. Shohei behauptete später, all jene Berichte seien falsch, doch die Diskussion wurde trotzdem festgehalten.",
            "xtriggers": {
                "scholarvak": "fivecreations"
            }
        },
        {
            "id": "commandspreservationallexistsmandaic",
            "unique": true,
            "label": "Gebote zur Bewahrung ...",
            "aspects": {
                "text": 1,
                "auctionable": 2,
                "textmandaic": 1
            },
            "description": "'Gebote zur Bewahrung von allem, was existiert' Die Schwarze Elie, Damaszenische Matriarchin der Schwesternschaft des Knotens, wurde von Kaiser Didius Julianus in den Kerker geworfen. Berichten zufolge ordnete sie an, dass diese Doktrinen aufzuzeichnen seien, damit sie nicht verloren gehen. Leider, so die Geschichte, befahl Didius Julianus, dass jenes Werk zusammen mit ihr in einem anonymen Sepulcrum zu bestatten sei.",
            "xtriggers": {
                "scholarmandaic": "commandspreservationallexists"
            }
        },
        {
            "id": "timedivisionmandaic",
            "unique": true,
            "label": "Die Zeit der Teilung",
            "aspects": {
                "text": 1,
                "auctionable": 2,
                "textmandaic": 1
            },
            "description": "In welcher Amira Zahra die Ereignisse vorhersagt, die später als die Interkalierung bekannt werden sollten, die Teilung der Stunde namens Sonne-in-Glorie.",
            "xtriggers": {
                "scholarmandaic": "timedivision"
            }
        },
        {
            "id": "manualdeparturevak",
            "unique": true,
            "label": "Ein Handbuch für die Abreise",
            "aspects": {
                "text": 1,
                "auctionable": 2,
                "textvak": 1
            },
            "description": "Der Autor, der sich selbst als der Jekadu zu erkennen gibt, behauptet einer der Großen Vermummten Prinzen aus dem Land des Flusses zu sein.",
            "xtriggers": {
                "scholarvak": "manualdeparture"
            }
        },
        {
            "id": "birdsongphrygian",
            "unique": true,
            "label": "Inaam, Kapigiginlupir, Garkie, Cryppys",
            "aspects": {
                "text": 1,
                "auctionable": 2,
                "textphrygian": 1
            },
            "description": "Vier rätselhafte Figuren erzählen die Geschichten, die sie über Jahre im Horst gehört haben, dem geheimen Treffpunkt der Stunden in Vogelgestalt.",
            "xtriggers": {
                "scholarphrygian": "birdsong"
            }
        },
        {
            "id": "voyagesfofucine",
            "unique": true,
            "label": "Der Reisen des Ferninshun von Oreol",
            "aspects": {
                "text": 1,
                "auctionable": 2,
                "textfucine": 1
            },
            "description": "Die unmöglichen Reisen eines Kapitäns zur See der spätphönizischen Epoche. Während der gesamten Geschichtsschreibung unterdrückt: Jeder Leser soll angeblich verschwinden.",
            "xtriggers": {
                "scholarfucine": "voyagesfo"
            }
        },
        {
            "id": "scarskyfucine",
            "unique": true,
            "label": "Die Narbe am Himmel",
            "aspects": {
                "text": 1,
                "auctionable": 2,
                "textfucine": 1
            },
            "description": "Nyn schrieb dies und sollte es später noch bereuen.",
            "xtriggers": {
                "scholarfucine": "scarsky"
            }
        }
    ]
}