{
    "elements": [
        {
            "id": "uqedgelore.exile",
            "label": "Exil: Wissen der Kante",
            "isAspect": true,
            "isHidden": true
        },
        {
            "id": "uqedgelore.colonel",
            "label": "Oberst: Wissen der Kante",
            "isAspect": true,
            "isHidden": true
        },
        {
            "id": "uqedgelore.lionsmith",
            "label": "Löwenschmied: Wissen der Kante",
            "isAspect": true,
            "isHidden": true
        },
        {
            "id": "fragmentedge.exile",
            "label": "Das Geheimnis eines Messers",
            "aspects": {
                "edge": 2,
                "lore": 1
            },
            "description": " Ich bin kein Adept, doch ich musste schon mehrere Adepten töten. Man lernt mit der Zeit dazu.",
            "xtriggers": {
                "epiphany": "fragmentedgeb.exile",
                "fatiguing": "fragmentedge.exile.exhausted",
                "epiphany.colonel": "fragmentedgeb.colonel",
                "epiphany.lionsmith": "fragmentedgeb.lionsmith",
                "striking.foe": [
                    {
                        "id": "wound.foe",
                        "morpheffect": "spawn"
                    }
                ],
                "striking.underling": [
                    {
                        "id": "wound.underling",
                        "morpheffect": "spawn"
                    }
                ]
            },
            "icon": "fragmentedge",
            "uniquenessgroup": "uqedgelore.exile"
        },
        {
            "id": "fragmentedgeb.exile",
            "label": "Bieddes Lektion",
            "aspects": {
                "edge": 4,
                "lore": 1
            },
            "description": "Biedde sprach: 'Blut lässt sich ersetzen. Nicht aber die Zeit.' Biedde wusste, wovon er sprach.",
            "xtriggers": {
                "epiphany": "fragmentedgec.exile",
                "depiphany": "fragmentedge.exile",
                "fatiguing": "fragmentedgeb.exile.exhausted",
                "epiphany.colonel": "fragmentedgec.colonel",
                "epiphany.lionsmith": "fragmentedgec.lionsmith",
                "striking.foe": [
                    {
                        "id": "wound.foe",
                        "morpheffect": "spawn"
                    }
                ],
                "striking.underling": [
                    {
                        "id": "wound.underling",
                        "morpheffect": "spawn"
                    }
                ]
            },
            "icon": "fragmentedgeb",
            "uniquenessgroup": "uqedgelore.exile"
        },
        {
            "id": "fragmentedgec.exile",
            "label": "Eine Strix-Operation",
            "aspects": {
                "edge": 6,
                "lore": 1
            },
            "description": "'Wo Krieger fallen, versammeln sich die vielgeflügelten Strigen, um ihrem Fleische die Ehre zu erweisen. Wo Helden fallen, versammeln sich die Vielgeflügelten, um ihre Seelen vor die Stunden zu bringen.' Ich habe nicht vor zu fallen, also habe ich gelernt, wie die Strigen sich selbst schützen.",
            "xtriggers": {
                "epiphany": "fragmentedged.exile",
                "depiphany": "fragmentedgeb.exile",
                "fatiguing": "fragmentedgec.exile.exhausted",
                "epiphany.colonel": "fragmentedged.colonel",
                "epiphany.lionsmith": "fragmentedged.lionsmith",
                "striking.foe": [
                    {
                        "id": "wound.foe",
                        "morpheffect": "spawn"
                    }
                ],
                "striking.underling": [
                    {
                        "id": "wound.underling",
                        "morpheffect": "spawn"
                    }
                ]
            },
            "icon": "fragmentedgec",
            "uniquenessgroup": "uqedgelore.exile"
        },
        {
            "id": "fragmentedged.exile",
            "label": "Die Namen des Wolfes",
            "aspects": {
                "edge": 8,
                "lore": 1
            },
            "description": "'Drei Wesen sind des Geteilten Wolfes: er beseitigt, er beseitigt und schließlich beseitigt er.' Man muss keine Stunde mögen, um von ihr zu lernen.",
            "xtriggers": {
                "epiphany": "fragmentedgee.exile",
                "depiphany": "fragmentedgec.exile",
                "fatiguing": "fragmentedged.exile.exhausted",
                "epiphany.colonel": "fragmentedgee.colonel",
                "epiphany.lionsmith": "fragmentedgee.lionsmith",
                "striking.foe": [
                    {
                        "id": "wound.foe",
                        "morpheffect": "spawn"
                    }
                ],
                "striking.underling": [
                    {
                        "id": "wound.underling",
                        "morpheffect": "spawn"
                    }
                ]
            },
            "icon": "fragmentedged",
            "uniquenessgroup": "uqedgelore.exile"
        },
        {
            "id": "fragmentedgee.exile",
            "label": "Die Zinnober-Formen",
            "aspects": {
                "edge": 10,
                "lore": 1
            },
            "description": "Sieben mal sieben Techniken der Beseitigung.",
            "xtriggers": {
                "epiphany": "fragmentedgef.exile",
                "depiphany": "fragmentedged.exile",
                "fatiguing": "fragmentedgee.exile.exhausted",
                "epiphany.colonel": "fragmentedgef.colonel",
                "epiphany.lionsmith": "fragmentedgef.lionsmith",
                "striking.foe": [
                    {
                        "id": "wound.foe",
                        "morpheffect": "spawn"
                    }
                ],
                "striking.underling": [
                    {
                        "id": "wound.underling",
                        "morpheffect": "spawn"
                    }
                ]
            },
            "icon": "fragmentedgee",
            "uniquenessgroup": "uqedgelore.exile"
        },
        {
            "id": "fragmentedgef.exile",
            "label": "Die Ausrichtungen des Mordes",
            "aspects": {
                "edge": 12,
                "lore": 1
            },
            "description": "Dies sind die Künste, die für ein Ende sorgen.",
            "xtriggers": {
                "epiphany": "fragmentedgeg.exile",
                "depiphany": "fragmentedgee.exile",
                "fatiguing": "fragmentedgef.exile.exhausted",
                "epiphany.colonel": "fragmentedgeg.colonel",
                "epiphany.lionsmith": "fragmentedgeg.lionsmith",
                "striking.foe": [
                    {
                        "id": "wound.foe",
                        "morpheffect": "spawn"
                    }
                ],
                "striking.underling": [
                    {
                        "id": "wound.underling",
                        "morpheffect": "spawn"
                    }
                ]
            },
            "icon": "fragmentedgef",
            "uniquenessgroup": "uqedgelore.exile"
        },
        {
            "id": "fragmentedgeg.exile",
            "label": "Die Mysterien der Macht",
            "aspects": {
                "edge": 14,
                "lore": 1
            },
            "description": "Der Oberst und der Löwenschmied sind Götter-die-Fleisch-waren, doch der Geteilte Wolf ist ein Gott-der-Blut-war. Gerissenheit, Kraft und Pein sind die drei Wurzeln des Sieges, und hier ist ihre geheime Doktrin ...",
            "xtriggers": {
                "fatiguing": "fragmentedgeg.exile.exhausted",
                "epiphany.colonel": "fragmentedgeg.colonel",
                "epiphany.lionsmith": "fragmentedgeg.lionsmith",
                "depiphany": "fragmentedgef.exile",
                "epiphany": [
                    {
                        "id": "vitality",
                        "morpheffect": "spawn"
                    }
                ],
                "striking.foe": [
                    {
                        "id": "wound.foe",
                        "morpheffect": "spawn"
                    }
                ],
                "striking.underling": [
                    {
                        "id": "wound.underling",
                        "morpheffect": "spawn"
                    }
                ]
            },
            "icon": "fragmentedgeg",
            "uniquenessgroup": "uqedgelore.exile"
        },
        {
            "id": "fragmentedge.exile.exhausted",
            "label": "Das Geheimnis eines Messers (Erschöpft)",
            "description": "[Ich brauche Zeit, um mich wieder zu erholen, bevor ich dies wieder benutzen kann. Durch das Verbessern einer Technik kann sie sich nach jeder Verbesserung schneller erholen.]",
            "aspects": {
                "exhausted": 1
            },
            "resaturate": true,
            "lifetime": 300,
            "decayTo": "fragmentedge.exile",
            "icon": "fragmentedge",
            "uniquenessgroup": "uqedgelore.exile"
        },
        {
            "id": "fragmentedgeb.exile.exhausted",
            "label": "Leidenschaft (Erschöpft)",
            "description": "[Ich brauche Zeit, um mich wieder zu erholen, bevor ich dies wieder benutzen kann. Durch das Verbessern einer Technik kann sie sich nach jeder Verbesserung schneller erholen.]",
            "aspects": {
                "exhausted": 1
            },
            "resaturate": true,
            "lifetime": 260,
            "decayTo": "fragmentedgeb.exile",
            "icon": "fragmentedgeb",
            "uniquenessgroup": "uqedgelore.exile"
        },
        {
            "id": "fragmentedgec.exile.exhausted",
            "label": "Eine Strix-Operation (Erschöpft)",
            "description": "[Ich brauche Zeit, um mich wieder zu erholen, bevor ich dies wieder benutzen kann. Durch das Verbessern einer Technik kann sie sich nach jeder Verbesserung schneller erholen.]",
            "aspects": {
                "exhausted": 1
            },
            "resaturate": true,
            "lifetime": 220,
            "decayTo": "fragmentedgec.exile",
            "icon": "fragmentedgec",
            "uniquenessgroup": "uqedgelore.exile"
        },
        {
            "id": "fragmentedged.exile.exhausted",
            "label": "Die Namen des Wolfes (Erschöpft)",
            "description": "[Ich brauche Zeit, um mich wieder zu erholen, bevor ich dies wieder benutzen kann. Durch das Verbessern einer Technik kann sie sich nach jeder Verbesserung schneller erholen.]",
            "aspects": {
                "exhausted": 1
            },
            "resaturate": true,
            "lifetime": 180,
            "decayTo": "fragmentedged.exile",
            "icon": "fragmentedged",
            "uniquenessgroup": "uqedgelore.exile"
        },
        {
            "id": "fragmentedgee.exile.exhausted",
            "label": "Die Zinnober-Formen (Erschöpft)",
            "description": "[Ich brauche Zeit, um mich wieder zu erholen, bevor ich dies wieder benutzen kann. Durch das Verbessern einer Technik kann sie sich nach jeder Verbesserung schneller erholen.]",
            "aspects": {
                "exhausted": 1
            },
            "resaturate": true,
            "lifetime": 140,
            "decayTo": "fragmentedgee.exile",
            "icon": "fragmentedgee",
            "uniquenessgroup": "uqedgelore.exile"
        },
        {
            "id": "fragmentedgef.exile.exhausted",
            "label": "Die Ausrichtungen des Mordes (Erschöpft)",
            "description": "[Ich brauche Zeit, um mich wieder zu erholen, bevor ich dies wieder benutzen kann. Durch das Verbessern einer Technik kann sie sich nach jeder Verbesserung schneller erholen.]",
            "aspects": {
                "exhausted": 1
            },
            "resaturate": true,
            "lifetime": 100,
            "decayTo": "fragmentedgef.exile",
            "icon": "fragmentedgef",
            "uniquenessgroup": "uqedgelore.exile"
        },
        {
            "id": "fragmentedgeg.exile.exhausted",
            "label": "Die Mysterien der Macht (Erschöpft)",
            "description": "[Ich brauche Zeit, um mich wieder zu erholen, bevor ich dies wieder benutzen kann. Durch das Verbessern einer Technik kann sie sich nach jeder Verbesserung schneller erholen.]",
            "aspects": {
                "exhausted": 1
            },
            "resaturate": true,
            "lifetime": 60,
            "decayTo": "fragmentedgeg.exile",
            "icon": "fragmentedgeg",
            "uniquenessgroup": "uqedgelore.exile"
        },
        {
            "id": "fragmentedgeb.colonel",
            "label": "Die Lektion des Chiliarchen",
            "aspects": {
                "edge": 4,
                "lantern": 2,
                "winter": 2,
                "lore": 1
            },
            "description": "'Dies ist die knochentiefe Geschichte, die der Tausendmann in der Antike lernte, vom Blute und seinen Auswegen. Wer sie laut verkündet, wird das Schwert zischen hören.' Praktischer als es klingt.",
            "xtriggers": {
                "epiphany": "fragmentedgec.colonel",
                "epiphany.colonel": "fragmentedgec.colonel",
                "fatiguing": "fragmentedgeb.colonel.exhausted",
                "striking.foe": [
                    {
                        "id": "wound.foe",
                        "morpheffect": "spawn"
                    }
                ],
                "striking.underling": [
                    {
                        "id": "wound.underling",
                        "morpheffect": "spawn"
                    }
                ]
            },
            "uniquenessgroup": "uqedgelore.colonel"
        },
        {
            "id": "fragmentedgec.colonel",
            "label": "Eine Histiden-Operation",
            "aspects": {
                "edge": 6,
                "lantern": 3,
                "winter": 3,
                "lore": 1
            },
            "description": "Eine Reihe anstrengender Übungen, welche die Haut stählen und jedes Glied so tödlich wie eine Speerspitze machen.",
            "xtriggers": {
                "epiphany": "fragmentedged.colonel",
                "epiphany.colonel": "fragmentedged.colonel",
                "depiphany": "fragmentedgeb.colonel",
                "fatiguing": "fragmentedgec.colonel.exhausted",
                "striking.foe": [
                    {
                        "id": "wound.foe",
                        "morpheffect": "spawn"
                    }
                ],
                "striking.underling": [
                    {
                        "id": "wound.underling",
                        "morpheffect": "spawn"
                    }
                ]
            },
            "uniquenessgroup": "uqedgelore.colonel"
        },
        {
            "id": "fragmentedged.colonel",
            "label": "Die Namen des Obersts",
            "aspects": {
                "edge": 8,
                "lantern": 4,
                "winter": 4,
                "lore": 1
            },
            "description": "Der Oberst war schon vieles in vielen Zeitaltern. Er ist blind. Er ist taub. Er ist unverwundbar. Widerstand ist zwecklos. Seine Namen sind so gerissen wie es nur die sehr alten sein können.",
            "xtriggers": {
                "epiphany": "fragmentedgee.colonel",
                "epiphany.colonel": "fragmentedgee.colonel",
                "depiphany": "fragmentedgec.colonel",
                "fatiguing": "fragmentedged.colonel.exhausted",
                "striking.foe": [
                    {
                        "id": "wound.foe",
                        "morpheffect": "spawn"
                    }
                ],
                "striking.underling": [
                    {
                        "id": "wound.underling",
                        "morpheffect": "spawn"
                    }
                ]
            },
            "uniquenessgroup": "uqedgelore.colonel"
        },
        {
            "id": "fragmentedgee.colonel",
            "label": "Die Eisernen Formen",
            "aspects": {
                "edge": 10,
                "lantern": 5,
                "winter": 5,
                "lore": 1
            },
            "description": "Sieben mal sieben Techniken zum Entzweien des Fleisches.",
            "xtriggers": {
                "epiphany": "fragmentedgef.colonel",
                "epiphany.colonel": "fragmentedgef.colonel",
                "depiphany": "fragmentedged.colonel",
                "fatiguing": "fragmentedgee.colonel.exhausted",
                "striking.foe": [
                    {
                        "id": "wound.foe",
                        "morpheffect": "spawn"
                    }
                ],
                "striking.underling": [
                    {
                        "id": "wound.underling",
                        "morpheffect": "spawn"
                    }
                ]
            },
            "uniquenessgroup": "uqedgelore.colonel"
        },
        {
            "id": "fragmentedgef.colonel",
            "label": "Moduli des Langet",
            "aspects": {
                "edge": 12,
                "lantern": 6,
                "winter": 6,
                "lore": 1
            },
            "description": "Soll ich eine Waffe sein, muss ich wissen, wo meine Seele von ihrer Geschichte gestärkt wird, und wo meine Grenzen fundamental werden.",
            "xtriggers": {
                "epiphany": "fragmentedgeg.colonel",
                "epiphany.colonel": "fragmentedgeg.colonel",
                "depiphany": "fragmentedgee.colonel",
                "fatiguing": "fragmentedgef.colonel.exhausted",
                "striking.foe": [
                    {
                        "id": "wound.foe",
                        "morpheffect": "spawn"
                    }
                ],
                "striking.underling": [
                    {
                        "id": "wound.underling",
                        "morpheffect": "spawn"
                    }
                ]
            },
            "uniquenessgroup": "uqedgelore.colonel"
        },
        {
            "id": "fragmentedgeg.colonel",
            "label": "Die Narbigen Mysterien",
            "aspects": {
                "edge": 14,
                "lantern": 7,
                "winter": 7,
                "lore": 1
            },
            "description": "Gerissenheit ist die Wurzel des Sieges. Erfahrung ist die Wurzel der Gerissenheit. Ohne Leid keine Erfahrung, und eine Narbe ist Gestalt gewordenes Leid.",
            "xtriggers": {
                "epiphany": [
                    {
                        "id": "weapon.f.colonel",
                        "morpheffect": "spawn"
                    }
                ],
                "epiphany.colonel": [
                    {
                        "id": "weapon.f.colonel",
                        "morpheffect": "spawn"
                    }
                ],
                "fatiguing": "fragmentedgeg.colonel.exhausted",
                "depiphany": "fragmentedgef.colonel",
                "striking.foe": [
                    {
                        "id": "wound.foe",
                        "morpheffect": "spawn"
                    }
                ],
                "striking.underling": [
                    {
                        "id": "wound.underling",
                        "morpheffect": "spawn"
                    }
                ]
            },
            "uniquenessgroup": "uqedgelore.colonel"
        },
        {
            "id": "fragmentedgeb.colonel.exhausted",
            "label": "Die Lektion des Chiliarchen (Erschöpft)",
            "description": "[Ich brauche Zeit, um mich wieder zu erholen, bevor ich dies wieder benutzen kann. Durch das Verbessern einer Technik kann sie sich nach jeder Verbesserung schneller erholen.]",
            "aspects": {
                "exhausted": 1
            },
            "resaturate": true,
            "lifetime": 250,
            "decayTo": "fragmentedgeb.colonel",
            "icon": "fragmentedgeb.colonel",
            "uniquenessgroup": "uqedgelore.colonel"
        },
        {
            "id": "fragmentedgec.colonel.exhausted",
            "label": "Eine Histiden-Operation (Erschöpft)",
            "description": "[Ich brauche Zeit, um mich wieder zu erholen, bevor ich dies wieder benutzen kann. Durch das Verbessern einer Technik kann sie sich nach jeder Verbesserung schneller erholen.]",
            "aspects": {
                "exhausted": 1
            },
            "resaturate": true,
            "lifetime": 210,
            "decayTo": "fragmentedgec.colonel",
            "icon": "fragmentedgec.colonel",
            "uniquenessgroup": "uqedgelore.colonel"
        },
        {
            "id": "fragmentedged.colonel.exhausted",
            "label": "Die Namen des Obersts (Erschöpft)",
            "description": "[Ich brauche Zeit, um mich wieder zu erholen, bevor ich dies wieder benutzen kann. Durch das Verbessern einer Technik kann sie sich nach jeder Verbesserung schneller erholen.]",
            "aspects": {
                "exhausted": 1
            },
            "resaturate": true,
            "lifetime": 170,
            "decayTo": "fragmentedged.colonel",
            "icon": "fragmentedged.colonel",
            "uniquenessgroup": "uqedgelore.colonel"
        },
        {
            "id": "fragmentedgee.colonel.exhausted",
            "label": "Die Eisernen Formen (Erschöpft)",
            "description": "[Ich brauche Zeit, um mich wieder zu erholen, bevor ich dies wieder benutzen kann. Durch das Verbessern einer Technik kann sie sich nach jeder Verbesserung schneller erholen.]",
            "aspects": {
                "exhausted": 1
            },
            "resaturate": true,
            "lifetime": 130,
            "decayTo": "fragmentedgee.colonel",
            "icon": "fragmentedgee.colonel",
            "uniquenessgroup": "uqedgelore.colonel"
        },
        {
            "id": "fragmentedgef.colonel.exhausted",
            "label": "Moduli des Langet (Erschöpft)",
            "description": "[Ich brauche Zeit, um mich wieder zu erholen, bevor ich dies wieder benutzen kann. Durch das Verbessern einer Technik kann sie sich nach jeder Verbesserung schneller erholen.]",
            "aspects": {
                "exhausted": 1
            },
            "resaturate": true,
            "lifetime": 90,
            "decayTo": "fragmentedgef.colonel",
            "icon": "fragmentedgef.colonel",
            "uniquenessgroup": "uqedgelore.colonel"
        },
        {
            "id": "fragmentedgeg.colonel.exhausted",
            "label": "Die Narbigen Mysterien (Erschöpft)",
            "description": "[Ich brauche Zeit, um mich wieder zu erholen, bevor ich dies wieder benutzen kann. Durch das Verbessern einer Technik kann sie sich nach jeder Verbesserung schneller erholen.]",
            "aspects": {
                "exhausted": 1
            },
            "resaturate": true,
            "lifetime": 50,
            "decayTo": "fragmentedgeg.colonel",
            "icon": "fragmentedgeg.colonel",
            "uniquenessgroup": "uqedgelore.colonel"
        },
        {
            "id": "fragmentedgeb.lionsmith",
            "label": "Shahpurs Lektion",
            "aspects": {
                "edge": 4,
                "forge": 2,
                "heart": 2,
                "lore": 1
            },
            "description": "'Dies ist die Lektion, die der Sohn des Großen durch das Zerbrechen seiner Klinge lernte. Selbst jetzt noch glitzert sie wie Splitter aus Metall in der Sonne Persiens.' Praktischer als es klingt.",
            "xtriggers": {
                "epiphany": "fragmentedgec.lionsmith",
                "epiphany.lionsmith": "fragmentedgec.lionsmith",
                "fatiguing": "fragmentedgeb.lionsmith.exhausted",
                "striking.foe": [
                    {
                        "id": "wound.foe",
                        "morpheffect": "spawn"
                    }
                ],
                "striking.underling": [
                    {
                        "id": "wound.underling",
                        "morpheffect": "spawn"
                    }
                ]
            },
            "uniquenessgroup": "uqedgelore.lionsmith"
        },
        {
            "id": "fragmentedgec.lionsmith",
            "label": "Eine Labhiten-Operation",
            "aspects": {
                "edge": 6,
                "forge": 3,
                "heart": 3,
                "lore": 1
            },
            "description": "Eine Reihe mystischer Übungen, die sowohl Einsatz als auch Grauen verlangen.",
            "xtriggers": {
                "epiphany": "fragmentedged.lionsmith",
                "epiphany.lionsmith": "fragmentedged.lionsmith",
                "depiphany": "fragmentedgeb.lionsmith",
                "fatiguing": "fragmentedgec.lionsmith.exhausted",
                "striking.foe": [
                    {
                        "id": "wound.foe",
                        "morpheffect": "spawn"
                    }
                ],
                "striking.underling": [
                    {
                        "id": "wound.underling",
                        "morpheffect": "spawn"
                    }
                ]
            },
            "uniquenessgroup": "uqedgelore.lionsmith"
        },
        {
            "id": "fragmentedged.lionsmith",
            "label": "Die Namen des Löwenschmieds",
            "aspects": {
                "edge": 8,
                "forge": 4,
                "heart": 4,
                "lore": 1
            },
            "description": "Der Löwenschmied ist noch jung für eine Stunde, doch alt für einen Krieger. Seine Namen sind kürzlich Rekrutierte, und ihre Rezitation hat eine wilde Energie.",
            "xtriggers": {
                "epiphany": "fragmentedgee.lionsmith",
                "epiphany.lionsmith": "fragmentedgee.lionsmith",
                "depiphany": "fragmentedgec.lionsmith",
                "fatiguing": "fragmentedged.lionsmith.exhausted",
                "striking.foe": [
                    {
                        "id": "wound.foe",
                        "morpheffect": "spawn"
                    }
                ],
                "striking.underling": [
                    {
                        "id": "wound.underling",
                        "morpheffect": "spawn"
                    }
                ]
            },
            "uniquenessgroup": "uqedgelore.lionsmith"
        },
        {
            "id": "fragmentedgee.lionsmith",
            "label": "Die Messing-Formen",
            "aspects": {
                "edge": 10,
                "forge": 5,
                "heart": 5,
                "lore": 1
            },
            "description": "Sieben mal sieben Techniken zum Zerschmettern von Knochen.",
            "xtriggers": {
                "epiphany": "fragmentedgef.lionsmith",
                "epiphany.lionsmith": "fragmentedgef.lionsmith",
                "depiphany": "fragmentedged.lionsmith",
                "fatiguing": "fragmentedgee.lionsmith.exhausted",
                "striking.foe": [
                    {
                        "id": "wound.foe",
                        "morpheffect": "spawn"
                    }
                ],
                "striking.underling": [
                    {
                        "id": "wound.underling",
                        "morpheffect": "spawn"
                    }
                ]
            },
            "uniquenessgroup": "uqedgelore.lionsmith"
        },
        {
            "id": "fragmentedgef.lionsmith",
            "label": "Vollzug der Helve",
            "aspects": {
                "edge": 12,
                "forge": 6,
                "heart": 6,
                "lore": 1
            },
            "description": "Ich bin die Waffe, die zerschmettert werden wird, um makellos neu zu entstehen. Das Argument meines Fleisches wird endlich unwiderlegbar sein.",
            "xtriggers": {
                "epiphany": "fragmentedgeg.lionsmith",
                "epiphany.lionsmith": "fragmentedgeg.lionsmith",
                "depiphany": "fragmentedgee.lionsmith",
                "fatiguing": "fragmentedgef.lionsmith.exhausted",
                "striking.foe": [
                    {
                        "id": "wound.foe",
                        "morpheffect": "spawn"
                    }
                ],
                "striking.underling": [
                    {
                        "id": "wound.underling",
                        "morpheffect": "spawn"
                    }
                ]
            },
            "uniquenessgroup": "uqedgelore.lionsmith"
        },
        {
            "id": "fragmentedgeg.lionsmith",
            "label": "Die Zerschmetterten Mysterien",
            "aspects": {
                "edge": 14,
                "forge": 7,
                "heart": 7,
                "lore": 1
            },
            "description": "Jede Wiedergeburt birgt größere Stärke in sich. Was zerschmettert wurde, kann neu geschmiedet werden. Was niemals zerschmettert wurde, muss neu geschmiedet werden.",
            "xtriggers": {
                "epiphany": [
                    {
                        "id": "weapon.f.lionsmith",
                        "morpheffect": "spawn"
                    }
                ],
                "epiphany.lionsmith": [
                    {
                        "id": "weapon.f.lionsmith",
                        "morpheffect": "spawn"
                    }
                ],
                "fatiguing": "fragmentedgeg.lionsmith.exhausted",
                "depiphany": "fragmentedgef.lionsmith",
                "striking.foe": [
                    {
                        "id": "wound.foe",
                        "morpheffect": "spawn"
                    }
                ],
                "striking.underling": [
                    {
                        "id": "wound.underling",
                        "morpheffect": "spawn"
                    }
                ]
            },
            "uniquenessgroup": "uqedgelore.lionsmith"
        },
        {
            "id": "fragmentedgeb.lionsmith.exhausted",
            "label": "Shahpurs Lektion (Erschöpft)",
            "description": "[Ich brauche Zeit, um mich wieder zu erholen, bevor ich dies wieder benutzen kann. Durch das Verbessern einer Technik kann sie sich nach jeder Verbesserung schneller erholen.]",
            "aspects": {
                "exhausted": 1
            },
            "resaturate": true,
            "lifetime": 250,
            "decayTo": "fragmentedgeb.lionsmith",
            "icon": "fragmentedgeb.lionsmith",
            "uniquenessgroup": "uqedgelore.lionsmith"
        },
        {
            "id": "fragmentedgec.lionsmith.exhausted",
            "label": "Eine Labhiten-Operation (Erschöpft)",
            "description": "[Ich brauche Zeit, um mich wieder zu erholen, bevor ich dies wieder benutzen kann. Durch das Verbessern einer Technik kann sie sich nach jeder Verbesserung schneller erholen.]",
            "aspects": {
                "exhausted": 1
            },
            "resaturate": true,
            "lifetime": 210,
            "decayTo": "fragmentedgec.lionsmith",
            "icon": "fragmentedgec.lionsmith",
            "uniquenessgroup": "uqedgelore.lionsmith"
        },
        {
            "id": "fragmentedged.lionsmith.exhausted",
            "label": "Die Namen des Löwenschmieds (Erschöpft)",
            "description": "[Ich brauche Zeit, um mich wieder zu erholen, bevor ich dies wieder benutzen kann. Durch das Verbessern einer Technik kann sie sich nach jeder Verbesserung schneller erholen.]",
            "aspects": {
                "exhausted": 1
            },
            "resaturate": true,
            "lifetime": 170,
            "decayTo": "fragmentedged.lionsmith",
            "icon": "fragmentedged.lionsmith",
            "uniquenessgroup": "uqedgelore.lionsmith"
        },
        {
            "id": "fragmentedgee.lionsmith.exhausted",
            "label": "Die Messing-Formen (Erschöpft)",
            "description": "[Ich brauche Zeit, um mich wieder zu erholen, bevor ich dies wieder benutzen kann. Durch das Verbessern einer Technik kann sie sich nach jeder Verbesserung schneller erholen.]",
            "aspects": {
                "exhausted": 1
            },
            "resaturate": true,
            "lifetime": 130,
            "decayTo": "fragmentedgee.lionsmith",
            "icon": "fragmentedgee.lionsmith",
            "uniquenessgroup": "uqedgelore.lionsmith"
        },
        {
            "id": "fragmentedgef.lionsmith.exhausted",
            "label": "Vollzug der Helve (Erschöpft)",
            "description": "[Ich brauche Zeit, um mich wieder zu erholen, bevor ich dies wieder benutzen kann. Durch das Verbessern einer Technik kann sie sich nach jeder Verbesserung schneller erholen.]",
            "aspects": {
                "exhausted": 1
            },
            "resaturate": true,
            "lifetime": 90,
            "decayTo": "fragmentedgef.lionsmith",
            "icon": "fragmentedgef.lionsmith",
            "uniquenessgroup": "uqedgelore.lionsmith"
        },
        {
            "id": "fragmentedgeg.lionsmith.exhausted",
            "label": "Die Zerschmetterten Mysterien (Erschöpft)",
            "description": "[Ich brauche Zeit, um mich wieder zu erholen, bevor ich dies wieder benutzen kann. Durch das Verbessern einer Technik kann sie sich nach jeder Verbesserung schneller erholen.]",
            "aspects": {
                "exhausted": 1
            },
            "resaturate": true,
            "lifetime": 50,
            "decayTo": "fragmentedgeg.lionsmith",
            "icon": "fragmentedgeg.lionsmith",
            "uniquenessgroup": "uqedgelore.lionsmith"
        }
    ]
}