{
    "elements": [
        {
            "id": "legacytemplatejob",
            "label": "Polizei-Inspektor",
            "description": "Ich habe einen leitenden Posten bei der Polizei in der Hauptstadt.",
            "aspects": {
                "job": 1
            },
            "xtriggers": {
                "careeradvancement": "legacytemplatejob_matured"
            },
            "noartneeded": true
        },
        {
            "id": "legacytemplatejob_matured",
            "description": "",
            "label": "",
            "aspects": {
                "job": 1
            },
            "comments": "Exists to allow a switch to a longer cycle immediately after first use.",
            "noartneeded": true
        },
        {
            "id": "legacytemplate_plotitem",
            "label": "",
            "description": "#PREVIOUSCHARACTERNAME#.",
            "noartneeded": true
        }
    ]
}