{
    "elements": [
        {
            "id": "waywood",
            "label": "Weg: Der Forst",
            "description": "Ich habe den Weg in den Forst gelernt, jene verschlungene Finsternis, die rund um die Mauern des Mansus sprießt (wobei der Mansus ja gar keine Mauern hat). Ich kann hiermit Träumen, um in den Forst zurückzukehren.",
            "aspects": {
                "way": 1
            },
            "unique": true
        },
        {
            "id": "waywhite",
            "label": "Weg: Die Weiße Tür",
            "description": "In meinen Träumen habe ich die Weiße Tür passiert, die auch Knochentür und Elfenbein-Tor genannt wurde. Meine Stimme bleibt immer außerhalb des Hauses, wenn ich es betrete.",
            "aspects": {
                "way": 1
            },
            "unique": true
        },
        {
            "id": "waystagbefore_1",
            "label": "Rätsel der Tür des Hirsches",
            "description": "'Was kann verloren gehen?' Beantworte diese Rätselfrage, um die Tür des Hirsches zu passieren und ein Wissen gutgeschrieben zu bekommen.",
            "aspects": {
                "riddle": 1,
                "way": 1
            },
            "unique": true
        },
        {
            "id": "waystagbefore_2",
            "label": "Rätsel der Tür des Hirsches",
            "description": "'Wo ist Gnade zu finden?' Beantworte diese Rätselfrage, um die Tür des Hirsches zu passieren und ein Wissen gutgeschrieben zu bekommen.",
            "aspects": {
                "riddle": 1,
                "way": 1
            },
            "unique": true
        },
        {
            "id": "waystagbefore_3",
            "label": "Rätsel der Tür des Hirsches",
            "description": "'Wie lauten die Worte, die ein Opfer so süß machen?' Beantworte diese Rätselfrage, um die Tür des Hirsches zu passieren und ein Wissen gutgeschrieben zu bekommen.",
            "aspects": {
                "riddle": 1,
                "way": 1
            },
            "unique": true
        },
        {
            "id": "waystagbefore_4",
            "label": "Rätsel der Tür des Hirsches",
            "description": "'Was muss sich öffnen, bevor sich dieser Weg öffnet?' Beantworte diese Rätselfrage, um die Tür des Hirsches zu passieren und ein Wissen gutgeschrieben zu bekommen.",
            "aspects": {
                "riddle": 1,
                "way": 1
            },
            "unique": true
        },
        {
            "id": "waystagbefore_5",
            "label": "Rätsel der Tür des Hirsches",
            "description": "'Wo ist die Königin, die nicht geboren wurde?' Beantworte diese Rätselfrage, um die Tür des Hirsches zu passieren und ein Wissen gutgeschrieben zu bekommen.",
            "aspects": {
                "riddle": 1,
                "way": 1
            },
            "unique": true
        },
        {
            "id": "waystag_after",
            "label": "Weg: Durch die Tür des Hirsches",
            "description": "Im Traume habe ich den Weg zur Tür des Hirsches gefunden, die manchmal auch das Horntor oder die Tür des Adepten genannt wird. Ich habe ihr Rätsel gelöst und zähle nun zu den Wissenden.",
            "aspects": {
                "way": 1
            },
            "unique": true
        },
        {
            "id": "wayspider",
            "label": "Weg: Die Spinnentür",
            "description": "Im Traume habe ich den Weg zur Spinnentür gefunden, die manchmal auch das Blutige Tor oder, umgangssprachlicher, die Falsche Tür genannt wird.",
            "aspects": {
                "way": 1
            },
            "unique": true
        },
        {
            "id": "waypeacock",
            "label": "Weg: Die Pfauentür",
            "description": "Im Traume habe ich den Weg zur Pfauentür gefunden, die manchmal auch das Tor der Auge oder die Betroffenheit des Stolzes genannt wird.",
            "aspects": {
                "way": 1
            },
            "unique": true
        }
    ]
}