{
    "elements": [
        {
            "id": "project_upgrade_edge",
            "label": "Mein Verständnis des Wissens der Kante verbessern",
            "description": "Ich hoffe, ich kann mein Wissen der Kante verbessern.",
            "aspects": {
                "project": 1
            },
            "lifetime": 1
        },
        {
            "id": "project_subvert_edgetowinter",
            "label": "Kante zu Winter subversieren",
            "description": "Ich nehme den Sieg der Geduld über Stärke zur Kenntnis und subversiere mein Wissen der Kante zum Wissen des Winters.",
            "aspects": {
                "project": 1
            },
            "lifetime": 1
        },
        {
            "id": "project_upgrade_forge",
            "label": "Mein Verständnis des Wissens der Schmiede verbessern",
            "description": "Ich hoffe, ich kann mein Wissen der Schmiede verbessern.",
            "aspects": {
                "project": 1
            },
            "lifetime": 1
        },
        {
            "id": "project_subvert_forgetoedge",
            "label": "Schmiede zu Kante subversieren",
            "description": "Ich subversiere mein Wissen der Schmiede zu Wissen der Kante.",
            "aspects": {
                "project": 1
            },
            "lifetime": 1
        },
        {
            "id": "project_upgrade_grail",
            "label": "Mein Verständnis des Wissens des Grals verbessern",
            "description": "Ich hoffe, ich kann mein Wissen des Gral verbessern.",
            "aspects": {
                "project": 1
            },
            "lifetime": 1
        },
        {
            "id": "project_subvert_grailtomoth",
            "label": "Gral zu Motte subversieren",
            "description": "Ich subversiere mein Wissen des Grals zu Wissen der Motte.",
            "aspects": {
                "project": 1
            },
            "lifetime": 1
        },
        {
            "id": "project_upgrade_heart",
            "label": "Mein Verständnis des Wissens des Herzens verbessern",
            "description": "Ich hoffe, ich kann mein Wissen des Herzens verbessern.",
            "aspects": {
                "project": 1
            },
            "lifetime": 1
        },
        {
            "id": "project_subvert_hearttograil",
            "label": "Herz zu Gral subversieren",
            "description": "Ich subversiere mein Wissen des Herzens zu Wissen des Grals.",
            "aspects": {
                "project": 1
            },
            "lifetime": 1
        },
        {
            "id": "project_upgrade_subvert_knock",
            "label": "Mein Verständnis des Wissens des Klopfens verbessern",
            "description": "Ich vertiefe mein Verständnis des Wissens des Klopfens",
            "aspects": {
                "project": 1
            },
            "lifetime": 1
        },
        {
            "id": "project_upgrade_lantern",
            "label": "Mein Verständnis des Wissens der Laterne verbessern",
            "description": "Ich hoffe, ich kann mein Wissen der Laterne verbessern.",
            "aspects": {
                "project": 1
            },
            "lifetime": 1
        },
        {
            "id": "project_subvert_lanterntoforge",
            "label": "Laterne zu Schmiede subversieren",
            "description": "Ich subversiere mein Wissen der Laterne zu Wissen der Schmiede.",
            "aspects": {
                "project": 1
            },
            "lifetime": 1
        },
        {
            "id": "project_upgrade_moth",
            "label": "Mein Verständnis des Wissens der Motte verbessern",
            "description": "Ich hoffe, ich kann mein Wissen der Motte verbessern.",
            "aspects": {
                "project": 1
            },
            "lifetime": 1
        },
        {
            "id": "project_subvert_mothtolantern",
            "label": "Motte zu Laterne subversieren",
            "description": "Ich subversiere mein Wissen der Motte zu Wissen der Laterne.",
            "aspects": {
                "project": 1
            },
            "lifetime": 1
        },
        {
            "id": "project_upgrade_secrethistories",
            "label": "Mein Verständnis des Wissens der Geheimen Geschichten verbessern",
            "description": "Ich hoffe, ich kann mein Wissen der Geheimen Geschichten verbessern.",
            "aspects": {
                "project": 1
            },
            "lifetime": 1
        },
        {
            "id": "project_upgrade_winter",
            "label": "Mein Verständnis des Wissens des Winter verbessern",
            "description": "Ich hoffe, ich kann mein Wissen des Winters verbessern.",
            "aspects": {
                "project": 1
            },
            "lifetime": 1
        },
        {
            "id": "project_subvert_wintertoheart",
            "label": "Winter zu Herz subversieren",
            "description": "Ich subversiere mein Wissen des Winters zu Wissen der Herzens.",
            "aspects": {
                "project": 1
            },
            "lifetime": 1
        },
        {
            "id": "project_influence_upgrade_edge",
            "icon": "project_upgrade_edge",
            "label": "Einen Kanten-Einfluss verbessern",
            "description": "Ich hoffe, ich kann diesen Kanten-Einfluss verbessern.",
            "aspects": {
                "project": 1
            },
            "lifetime": 1
        },
        {
            "id": "project_influence_subvert_edgetowinter",
            "icon": "project_subvert_edgetowinter",
            "label": "Kante zu Winter subversieren",
            "description": "Ich nehme den Sieg der Geduld über Stärke zur Kenntnis und subversiere meinen Kanten- zu Winter-Einfluss.",
            "aspects": {
                "project": 1
            },
            "lifetime": 1
        },
        {
            "id": "project_influence_upgrade_forge",
            "label": "Einen Schmiede-Einfluss verbessern",
            "description": "Ich hoffe, ich kann diesen Schmiede-Einfluss verbessern.",
            "aspects": {
                "project": 1
            },
            "icon": "project_upgrade_forge",
            "lifetime": 1
        },
        {
            "id": "project_influence_subvert_forgetoedge",
            "icon": "project_subvert_forgetoedge",
            "label": "Schmiede zu Kante subversieren",
            "description": "Ich subversiere meinen Wissens- zu Schmiede-Einfluss.",
            "aspects": {
                "project": 1
            },
            "lifetime": 1
        },
        {
            "id": "project_influence_upgrade_grail",
            "icon": "project_upgrade_grail",
            "label": "Einen Gral-Einfluss verbessern",
            "description": "Ich hoffe, ich kann diesen Gral-Einfluss verbessern.",
            "aspects": {
                "project": 1
            },
            "lifetime": 1
        },
        {
            "id": "project_influence_subvert_grailtomoth",
            "icon": "project_subvert_grailtomoth",
            "label": "Gral- zu Motten-Einfluss subversieren",
            "description": "Ich subversiere meinen Gral- zu Motten-Einfluss.",
            "aspects": {
                "project": 1
            },
            "lifetime": 1
        },
        {
            "id": "project_influence_upgrade_heart",
            "icon": "project_upgrade_heart",
            "label": "Einen Herz-Einfluss verbessern",
            "description": "Ich hoffe, ich kann diesen Herz-Einfluss verbessern.",
            "aspects": {
                "project": 1
            },
            "lifetime": 1
        },
        {
            "id": "project_influence_subvert_hearttograil",
            "icon": "project_subvert_hearttograil",
            "label": "Herz- zu Gral-Einfluss subversieren",
            "description": "Ich subversiere meinen Herz- zu Gral-Einfluss.",
            "aspects": {
                "project": 1
            },
            "lifetime": 1
        },
        {
            "id": "project_influence_upgrade_subvert_knock",
            "icon": "project_upgrade_subvert_knock",
            "label": "Einen Klopfen-Einfluss verbessern",
            "description": "Ich vertiefe mein Verständnis des Klopfen-Einflusses.",
            "aspects": {
                "project": 1
            },
            "lifetime": 1
        },
        {
            "id": "project_influence_upgrade_lantern",
            "icon": "project_upgrade_lantern",
            "label": "Einen Laterne-Einfluss verbessern",
            "description": "Ich hoffe, ich kann diesen Laterne-Einfluss verbessern.",
            "aspects": {
                "project": 1
            },
            "lifetime": 1
        },
        {
            "id": "project_influence_subvert_lanterntoforge",
            "icon": "project_subvert_lanterntoforge",
            "label": "Laterne zu Schmiede subversieren",
            "description": "Ich subversiere meinen Laterne- zu Schmiede-Einfluss.",
            "aspects": {
                "project": 1
            },
            "lifetime": 1
        },
        {
            "id": "project_influence_upgrade_moth",
            "icon": "project_upgrade_moth",
            "label": "Einen Motten-Einfluss verbessern",
            "description": "Ich hoffe, ich kann diesen Motten-Einfluss verbessern.",
            "aspects": {
                "project": 1
            },
            "lifetime": 1
        },
        {
            "id": "project_influence_subvert_mothtolantern",
            "icon": "project_upgrade_moth",
            "label": "Motte zu Laterne subversieren",
            "description": "Ich subversiere meinen Motten- zu Laterne-Einfluss.",
            "aspects": {
                "project": 1
            },
            "lifetime": 1
        },
        {
            "id": "project_influence_upgrade_winter",
            "icon": "project_upgrade_winter",
            "label": "Einen Winter-Einfluss verbessern",
            "description": "Ich hoffe, ich kann diesen Winter-Einfluss verbessern.",
            "aspects": {
                "project": 1
            },
            "lifetime": 1
        },
        {
            "id": "project_influence_subvert_wintertoheart",
            "icon": "project_subvert_wintertoheart",
            "label": "Winter- zu Herz-Einfluss subversieren",
            "description": "Ich subversiere meinen Winter- zu Herz-Einfluss.",
            "aspects": {
                "project": 1
            },
            "lifetime": 1
        }
    ]
}