{
    "elements": [
        {
            "id": "dayacquaintances",
            "label": "Ein Tag für neue Bekanntschaften",
            "description": "Ich könnte eine verwandte Seele finden.",
            "aspects": {
                "season": 1
            },
            "lifetime": 1
        },
        {
            "id": "daypatrons",
            "label": "Ein Tag für neue Klienten",
            "description": "Ich könnte jemanden finden, der mir Hilfe anbieten könnte.",
            "aspects": {
                "season": 1
            },
            "lifetime": 1
        },
        {
            "id": "daycriminals",
            "label": "Ein Tag für halbseidene Kontakte",
            "description": "Ich könnte jemanden finden, der bereit wäre, sich die Hände schmutzig zu machen.",
            "aspects": {
                "season": 1
            },
            "lifetime": 1
        },
        {
            "id": "dayplaces",
            "label": "Ein Tag für Kartographen",
            "description": "Ich könnte über einen interessanten Ort stolpern.",
            "aspects": {
                "season": 1
            },
            "lifetime": 1
        },
        {
            "id": "seasonsickness",
            "label": "Eine Jahreszeit der Krankheit",
            "description": "Bösartige Einflüsse besudeln die Nachtluft. [Meine Gesundheit könnte schon bald leiden. Verwundete Anhänger könnten sterben.]",
            "aspects": {
                "season": 1
            },
            "lifetime": 1
        },
        {
            "id": "seasonserenities",
            "label": "Eine Jahreszeit des Gleichmuts",
            "description": "Morgen könnte ein besserer Tag sein.",
            "comments": "currently unused",
            "aspects": {
                "season": 1
            },
            "lifetime": 1
        },
        {
            "id": "seasonsuspicion",
            "label": "Eine Jahreszeit des Verdachts",
            "description": "Werde ich beobachtet?",
            "aspects": {
                "season": 1
            },
            "lifetime": 1
        },
        {
            "id": "seasondespair",
            "label": "Eine Jahreszeit der Verzweiflung",
            "description": "Die Nacht wartet auf mich.",
            "aspects": {
                "season": 1
            },
            "lifetime": 1
        },
        {
            "id": "seasonvisions",
            "label": "Eine Jahreszeit der Visionen",
            "description": "Welch' ein Anblick.",
            "aspects": {
                "season": 1
            },
            "lifetime": 1
        },
        {
            "id": "seasonambitions",
            "label": "Eine Jahreszeit der Ambitionen",
            "description": "Dies ist die Jahreszeit, in der die Winde des Forstes die Richtung wechseln: eine Zeit, wenn sich sowohl Appetite als auch Sterbliche erheben.",
            "aspects": {
                "season": 1
            },
            "lifetime": 1
        },
        {
            "id": "seasonsilence",
            "label": "Eine Jahreszeit des Schweigens",
            "description": "Dies sind die Tage der Erwartung.",
            "aspects": {
                "season": 1
            },
            "lifetime": 1
        },
        {
            "id": "seasonardours",
            "label": "Eine Jahreszeit der Leidenschaften",
            "description": "Wir sind alle sowohl Affe als auch Engel.",
            "aspects": {
                "season": 1
            },
            "lifetime": 1
        },
        {
            "id": "schememurder",
            "label": "Ein mörderischer Plan",
            "aspects": {
                "season": 1
            },
            "description": "Spuren der Entscheidung eines Rivalen, gegen einen Feind aktiv zu werden.",
            "lifetime": 1,
            "icon": "skillhealthd_strength"
        },
        {
            "id": "schemeexpedition",
            "label": "Ein mutiger Plan",
            "aspects": {
                "season": 1
            },
            "description": "Spuren der Entscheidung eines Rivalen, einen mutigen Zug zu machen.",
            "lifetime": 1,
            "icon": "vaultrendingmountainsdefault"
        },
        {
            "id": "schemeactivities",
            "label": "Ein vorsichtiger Plan",
            "aspects": {
                "season": 1
            },
            "lifetime": 1,
            "description": "Spuren der Entscheidung eines Rivalen, sich vorsichtig zu bewegen.",
            "icon": "contentment"
        }
    ]
}