﻿{
    "cultures": [
	    {
		    "id": "en",
		    "endonym": "English",
		    "exonym": "English",
			"fontscript": "latin",
			"boldallowed": true,
			"released":true,
				"uilabels": {
					"UI_PAUSE": "$Pause\n<size=60%><alpha=#99><smallcaps>[{SETTING:kbpause}]</smallcaps>",
					"UI_UNPAUSE": "$Unpause\n<size=60%><alpha=#99><smallcaps>[{SETTING:kbpause}]</smallcaps>",
					"UI_NORMALSPEED": "$Normal\n<size=60%><alpha=#99><smallcaps>[{SETTING:kbnormalspeed}]</smallcaps>",
					"UI_FASTSPEED": "$Fast Forward\n<size=60%><alpha=#99><smallcaps>[{SETTING:kbfastspeed}]</smallcaps>",
					"VERB_START": "$Start <smallcaps>[{SETTING:kbstartrecipe}]</smallcaps> ",
					"VERB_COLLECT": "$Collect <smallcaps>[{SETTING:kbcollectall}]</smallcaps> ",
					"VERB_RUNNING": "Running...",
					"VERB_ACCEPT": "$Accept <smallcaps>[{SETTING:kbcollectall}]</smallcaps> ",
					"UI_CLICK_TO_NAME": "[click to name]",
					"UI_RELOAD": "Reload",
					"UI_CONTINUE": "Continue",
					"UI_RESUME": "Resume",
					"UI_RESTART": "RESTART",
					"UI_RESTARTSURE": "DEFINITELY RESTART?",
					"UI_BROWSE": "Browse Files",
					"UI_SAVEEXIT": "Save & Exit",
					"UI_OPTIONS": "$Options\n<size=60%><alpha=#99><uppercase>[{SETTING:kbabort}]",
					"UI_CORRUPTSAVE": "CAN'T SAVE...",
					"UI_CORRUPTDESC": "Something went wrong when we tried to save your game. It may be okay next time we try. Hit CONTINUE to keep going, if you want to take the chance it'll be okay, or  RELOAD LAST SAVE to return to your last good save.",
					"UI_CORRUPTCONTINUE": "Continue",
					"UI_CORRUPTRELOAD": "Reload last save",
					"UI_CORRUPTABANDON": "Abandon session & quit",
					"UI_OPTIONSTITLE": "Options",
					"UI_OPTIONSNOTES": "Preferences vary: the Red Grail, among others, has taught us that.\n\n[You can drag a stack by its number badge to move the whole stack. You can zoom with the mouse wheel, or with Q and E. 1, 2 and 3 switch zoom levels. Arrow keys move your view.]",
					"UI_OPTIONSNOTES_FE": "Preferences vary: the Red Grail, among others, has taught us that.",
					"UI_OPT_MUSICVOL": "Music Volume",
					"UI_OPT_SOUNDVOL": "Sound Volume",
					"UI_OPT_INFODURATION": "Info Window Duration",
					"UI_OPT_UISCALING": "UI Scaling",
					"UI_OPT_AUTOSAVEINTERVAL": "Autosave Interval",
					"UI_OPT_GRIDSNAPSIZE": "Grid Snap Size",
					"UI_OPT_CONTRAST": "High Contrast Mode",
					"UI_OPT_ACCESSIBLE_CARDS": "Accessible Card Text",
					"UI_OPT_BIRDWORM": "Bird / Worm",
					"UI_BIRD": "Order",
					"UI_WORM": "Anarchy",
					"UI_CARD": "Card",
					"UI_ON": "On",
					"UI_OFF": "Off",
					"UI_SNAP_0": "Off",
					"UI_SNAP_1": "1 Card",
					"UI_SNAP_2": "½ Card",
					"UI_SNAP_3": "¼ Card",
					"UI_SNAP_4": "1/8 Card",
					"UI_KB_STARTRECIPE": "Start Recipe",
					"UI_KB_COLLECTALL": "Collect Results",
					"UI_KB_PAUSE": "Pause",
					"UI_KB_NORMALSPEED": "Speed: Normal",
					"UI_KB_FASTSPEED": "Speed: Fast",
					"UI_KB_STACKCARDS": "Stack Cards",
					"UI_KB_ZOOMIN": "Zoom In",
					"UI_KB_ZOOMOUT": "Zoom Out",
					"UI_KB_ZOOM1": "Zoom Close",
					"UI_KB_ZOOM2": "Zoom Mid",
					"UI_KB_ZOOM3": "Zoom Far/Distant",
					"UI_KB_TRUCKLEFT": "Left",
					"UI_KB_TRUCKRIGHT": "Right",
					"UI_KB_PEDESTALUP": "Up",
					"UI_KB_PEDESTALDOWN": "Down",
					"UI_VISUAL": "Sight",
					"UI_AUDIO": "Sound",
					"UI_GAMEPLAY": "Clarity",
					"UI_KEYBINDS": "Keys",
					"UI_FIXEDSPACE": "<mspace=0.7em>",
					"UI_MINUTES_POSTFIX": " min",
					"UI_SECONDS_POSTFIX": " sec",
					"UI_SECONDS_POSTFIX_SHORT": "s",
					"UI_TIME_SEPARATOR": ".",
					"UI_KNOWN_LINUX": "KNOWN LINUX ISSUES",
					"UI_KNOWN_LINUX_1": "- Keystrokes may register twice when naming your characters. This is a Unity issue; hoping for a fix!",
					"UI_PURGE_SAVE": "PURGE SAVE",
					"UI_DLC_AND_MODS": "The Sixth History",
					"UI_LEAVE_GAME": "LEAVE",
					"UI_DLC": "OTHER LIVES",
					"UI_DLC_PURCHASE": "Purchase",
					"UI_DLC_COMING_SOON": "COMING SOON",
					"UI_DLC_TITLE_DANCER": "The Dancer",
					"UI_DLC_TITLE_PRIEST": "The Priest",
					"UI_DLC_TITLE_GHOUL": "The Ghoul",
					"UI_DLC_TITLE_EXILE": "The Exile",
					"UI_ALTERNATIVE_STARTS_BLURB": "DLC and mods can open alternative beginnings to you.",
					"UI_INSTALLED_MODS": "Installed mods",
					"UI_MODS_INTRODUCTION": "Expansions and mods allow you to play new roles - or change the game in other ways.",
					"UI_MODS_INTRODUCTION_STEAM": "Find more mods in the <link=\"https://steamcommunity.com/app/718670/workshop/\"><color=#ccd2e8><b><u>Sixth History</u></b></color></link>.",
					"UI_MODS_NO_MODS": "No mods are currently installed.",
					"UI_CREDITS": "WHO IS RESPONSIBLE?",
					"UI_BEGIN_GAME": "BEGIN GAME",
					"UI_INCOMPATIBLE_SAVE": "INCOMPATIBLE SAVE",
					"UI_INCOMPATIBLE_SAVE_1": "You have an ANTIQUE and BLASPHEMOUS save file from a previous build! Purge it to continue.",
					"UI_CORRUPTED_SAVE_TITLE": "CORRUPTED SAVE",
					"UI_CORRUPTED_SAVE_DESC": "Something horrible has happened to your save file.\n\nYou can purge it and continue, but your progress will be gone.",
          "UI_SUSPICIOUS_SAVE_TITLE": "A PECULIAR SAVE?",
          "UI_SUSPICIOUS_SAVE_DESC": "Something strange has happened to your save file.\n\nPerhaps your mods require a reconfiguration to load it properly.\n\nYou can try your chances and start the game anyway, or...",
          "UI_RESTORE_BACKUP_SAVE": "CLICK HERE TO TRY RESTORING A BACKUP SAVE",
          "UI_RESTORING_SAVE_FAILED_TITLE": "RESTORING FAILED",
					"UI_RESTORING_SAVE_FAILED_DESC": "It seems that you either have no backups, or they are no better than your latest save.\n\nPlease send your save.json and Player.log files to support@weatherfactory.biz, so we can determine what the problem is.\n\nClick here to open the folder that contains the files.",
          "UI_UHO_TITLE": "UH O",
          "UI_UHO_DESCRIPTION": "\n<b>Something horrible has happened: a wakeful Worm, a loop-bound choice, a mangled Name, a wind from Nowhere.</b>\n\nPlease send us your log files at support@weatherfactory.biz, and we'll try to work out what's going wrong.\n\nYou can find your log files by clicking the button below -  player.log and save.json are the important ones.\n\n<i>(\"It is a capital mistake to theorise before one has data.\"  - Conan Doyle, 'A Scandal in Bohemia')</i>",
          "UI_UHO_MODS_TITLE": "MODS!",
          "UI_UHO_MODS_DESCRIPTION": "You have mods enabled! First, please disable all mods to see if that fixes your problem.\n\nIf you send a bug report, please specify any mods you have installed.\n\nIF YOU DON'T, THE CAT WILL BE EXTREMELY SAD.",
          "UI_SAFEMODE_TITLE": "SAFE MODE",
          "UI_SAFEMODE_DESCRIPTION": "The game crashed on startup. We've disabled all mods to put it in safe mode.\n\nYou can try restoring your previous mod configuration, or purge and forget.",
					"UI_RESTORE": "RESTORE",
					"UI_OPTIONS_FE": "Settings",
					"UI_MANAGE_SAVES": "MANAGE SAVES",
					"UI_MANAGE_SAVES_TITLE": "Manage Saves and Backups",
					"UI_SAVE_DENIED": "The Mansus Defies Memory",
					"UI_SAVE_DENIED_DESC": "You cannot save within the non-existent walls of the Mansus. Replace the skin of the world before saving your progress, or abandon your efforts since the last save.",
					"UI_PURGE_CONFIRM": "Purge Save",
					"UI_PURGE_DESC": "This will irrevocably destroy your saved progress. You might want to do this if you have a corrupt or old save; or perhaps you want to begin again. But are you quite sure?",
					"UI_PURGE_PURGE": "PURGE",
					"UI_PURGE_KEEP": "KEEP",
					"UI_PLAYLEGACY_DESC": "This will begin a new game based on the Legacy you've chosen... which will irrevocably destroy any current saved progress. Are you quite sure?",
					"UI_PLAYLEGACY_PURGE": "PLAY LEGACY",
					"UI_PLAYLEGACY_KEEP": "KEEP SAVE",
					"UI_LANGUAGE": "Language",
          "UI_ACHIEVEMENTS": "Collection",
          "UI_HIDDEN_ACHIEVEMENT_TITLE": "{0} hidden achievements remaining",
          "UI_HIDDEN_ACHIEVEMENT_DESCRIPTION": "Details for each achievement will be revealed once unlocked",
					"UI_VERSION_NEWS": "News",
					"UI_VERSION_NEWS_INTRO": "Welcome to Cultist Simulator. Follow us at www.weatherfactory.biz, and at @factoryweather on Twitter, to learn about upcoming updates and other projects in the Secret Histories setting. If you find a bug or the game is crashing on you, do let us know at support@weatherfactory.biz .\n\nthank you!\n\n- Lottie and Alexis",
					"UI_VERSION_NEWS_TEXT": "...",
					"UI_CREDITS_TITLE": "Credits",
					"UI_RESPONSIBILITIES": "RESPONSIBILITIES",
					"UI_BROWSE_SAVES": "VIEW SAVE FILE",
					"UI_ENABLE": "Enable",
					"UI_DISABLE": "Disable",
					"UI_UPLOAD": "Upload",
					"UI_UPDATE": "Update",
					"UI_BRING_THE_DAWN": "Bring the Dawn",
					"UI_PERPETUAL_EDITION": "Perpetual Edition",
					"UI_LOADEDTITLE": "Where were we?",
					"UI_LOADEDDESC": "- we have loaded the game.",
					"UI_LOADFAILEDTITLE": "Failed to load game",
					"UI_LOADFAILEDDESC": "Your save file appears to be corrupt. Try restoring a backup save file or purging your save.",
					"LOADING_QUOTE_1": "“The Wood grows around the walls of the Mansus.\n\nAs any student of Histories knows, the Mansus has no walls.”\n\nChristopher Illopoly, <i>Travelling at Night</i>",
					"LOADING_QUOTE_2": "<i>Explore. Take risks.\n\nYou won't always know what to do next. Keep experimenting, and you'll master it.</i>",
					"LEGACY_MAIN_MENU": "Main menu",
					"LEGACY_ANOTHER_DESCENT": "Begin another descent",
					"LEGACY_DETERMINE": "Determine your Legacy",
					"LEGACY_BACK_TO_MENU": "Back to menu",
					"LEGACY_START_NEW_GAME": "Start new game",
					"LEGACY_BECAUSE_PREFIX": "[Always available after ",
					"LEGACY_BECAUSE_POSTFIX": "]",
					"UI_ASPECT": "Aspect: ",
					"UI_SLOT": "Slot: ",
					"UI_GREEDY": "Grabs a card to fill its void",
					"UI_CONSUMES": "Consumes its contents",
					"UI_UNIQUE": "Unique: Can only exist once",
					"UI_UPCOMINGDRAWS": "Upcoming draws: ",
					"UI_DECAYS": "This type of cards decays and can not be stacked.",
					"UI_EMPTYSPACE": "“It is the empty space which makes the bowl useful” - Lao Tzu",
					"UI_CANTMERGE": "Can't merge cards",
					"UI_CANTPUT": "I can't put that there -",
					"UI_ASPECTSREQUIRED": "That card must have at least one of these aspects: ",
					"UI_ASPECTSFORBIDDEN": "A card may not go here if it has any of these aspects: ",
          "UI_ASPECTSESSENTIAL": "A thing may only go here if it has all of these aspects: ",
					"UI_OR": ", or ",
					"UI_FULLSTOP": ".",
					"UI_HINT": "Hint:",
					"UI_DEFAULTNAME": "J.N. Sinombre",
					"UI_LANGSWITCHNOTES": "Note: we recommend starting a new game after you switch languages. Switching mid-game can cause issues with the display of some text.",
					"UI_OPT_RESOLUTION": "Resolution",
					"UI_OPT_WINDOWED": "Windowed",
					"UI_OPT_GRAPHICS_LEVEL": "Beauty",
					"GRAPHICS_LEVEL_1": "Acceptable",
					"GRAPHICS_LEVEL_2": "Admirable",
					"GRAPHICS_LEVEL_3": "Glorious",
          "UI_FONT_SIZE": "Font Size",
				}

	    }

    ]

}
