{
    "legacies": [
        {
            "id": "dancer",
            "label": "ダンサー",
            "description": "私は若くて強い。やがて私は繭から抜け出し、蝶になる。",
            "startdescription": "今夜はゲイエティ劇場のコーラスラインから踊りを始める。照明で照らされた舞台は明るく、観客は目を光らせている。",
            "effects": {
                "passion": 1,
                "health": 2,
                "legacydancerjob": 1
            },
            "image": "dancer",
            "fromending": "workvictory",
            "availableWithoutEndingMatch": true,
            "startingverbid": "work",
            "newstart": true
        }
    ]
}