{"achievements": [

  { "id": "A_ENDING_FOECAUGHTUP", "label": "Nennen wir es ein Weihnachtsgeschenk",
  "descriptionunlocked": "Ich glaube nicht, dass so was noch als Kadaver durchgeht, wohl eher noch als Souvenir."
  },
  { "id": "A_ENDING_OBSCURITYVICTORYA", "label": "Die andere Seite der Welt",
  "descriptionunlocked": "Ich konnte nicht riskieren, dass sie mir wieder auf die Spur kommen."
  },
  { "id": "A_ENDING_OBSCURITYVICTORYB", "label": "Die süßen Knochen",
  "descriptionunlocked": "KEINE ABRECHNER, KEINE AUSNAHMEN."
  },
  { "id": "A_ENDING_OBSCURITYVICTORYC", "label": "Samtenes Haus",
  "descriptionunlocked": "Ich war arm, ich war reich und ich habe gemerkt, dass ich lieber reich bin."
  },
  { "id": "A_ENDING_OBSCURITYVICTORYA_FOESLAIN", "label": "Nur das Beste",
  "descriptionunlocked": "'Ich hätte da eine sehr spezifische Empfehlung für den Vertrag ....'"
  },
  { "id": "A_ENDING_OBSCURITYVICTORYB_FOESLAIN", "label": "Beschäftigungsaussichten",
  "descriptionunlocked": "Ich irgendwie kann nicht aufhören daran zu denken ..."
  },
  { "id": "A_ENDING_OBSCURITYVICTORYC_FOESLAIN", "label": "Dem Sonnenuntergang Gesellschaft leisten",
  "descriptionunlocked": "Die Welt ist groß, und noch ist nicht alles kartographiert."
  },
  { "id": "A_ENDING_COLONEL", "label": "Erhaltung der Ewigkeit",
  "descriptionunlocked": "Die Rivalität ist der Antrieb der Welt."
  },
  { "id": "A_ENDING_LIONSMITH", "label": "Zu viel Spaß",
  "descriptionunlocked": "Das Gegenteil von Kampf ist der Tod."
  },
  { "id": "A_ENDING_WOLF", "label": "Die letzte Funktion des Feuers",
  "descriptionunlocked": "Der Wolf und alle Lauffeuer werden schmausen."
  },
  { "id": "A_ENDING_VELVET", "label": "Verwandtschaft",
  "descriptionunlocked": "Denn wie jeder Student der Historien weiß: wie innen, so außen. So oder so."
  },


]}
