{
    "recipes": [
        {
            "id": "explorefindvault_g",
            "label": "Schau gen Westen, zu den Abendinseln, wo die Langen noch wandeln",
            "actionid": "explore",
            "requirements": {
                "fragmentsecrethistoriesg": 1
            },
            "effects": {
                "fragmentsecrethistoriesg": -1
            },
            "deckeffects": {
                "vaultseveningisles": 1
            },
            "alt": [
                {
                    "id": "explorefindvault_h_floating",
                    "chance": 50
                }
            ],
            "startdescription": "Jenseits einer hellen, weiten See liegt der Mittagshafen. Exilanten, Monster und Visionäre wissen schon lange die Wasser in der Umgebung zu schätzen. Vielleicht sollten wir nicht zu nah herankommen. Doch es könnte nützlich sein, nah genug heranzukommen.",
            "description": "Hier lohnt sich eine nähere Untersuchung.",
            "warmup": 60,
            "craftable": true
        },
        {
            "id": "explorefindvault_f",
            "label": "Grüfte und Sorgen in den Einsamen und Ebenen Sanden suchen",
            "actionid": "explore",
            "requirements": {
                "fragmentsecrethistoriesf": 1
            },
            "effects": {
                "fragmentsecrethistoriesf": -1
            },
            "deckeffects": {
                "vaultsloneandlevelsands": 1
            },
            "alt": [
                {
                    "id": "explorefindvault_h_floating",
                    "chance": 50
                }
            ],
            "startdescription": "'Der Fluss', schrieb einst der Weise Mek im Buch der Tausendfüßlerin, 'fließt durch die Sande hinaus aus dem Mythos in die Legende.' Dies ist der Ort, an dem die Tausendfüßlerin geboren wurde, sagt man. Die Sande, von denen Mek schrieb, verbergen gefährliche Kuriositäten.",
            "description": "Hier lohnt sich eine nähere Untersuchung.",
            "warmup": 60,
            "craftable": true
        },
        {
            "id": "explorefindvault_e",
            "label": "Nach Schätzen in den Zerfleischenden Bergen jagen",
            "actionid": "explore",
            "requirements": {
                "fragmentsecrethistoriese": 1
            },
            "effects": {
                "fragmentsecrethistoriese": -1
            },
            "deckeffects": {
                "vaultsrendingmountains": 1
            },
            "alt": [
                {
                    "id": "explorefindvault_h_floating",
                    "chance": 50
                }
            ],
            "startdescription": "Die Zerfleischenden Berge, so sagt man, reißen das Fleiß von der Geschichte. Eigentlich haben das nur Leute wie Christopher Illopoly gesagt, aber trotzdem, das ist eine gute Gegend, um die Orte zu finden, die von der Geschichte bei Tageslicht nicht anerkannt werden.",
            "description": "Hier lohnt sich eine nähere Untersuchung.",
            "warmup": 60,
            "craftable": true
        },
        {
            "id": "explorefindvault_d",
            "label": "Orte im Lande jenseits des Waldes entdecken",
            "actionid": "explore",
            "requirements": {
                "fragmentsecrethistoriesd": 1
            },
            "effects": {
                "fragmentsecrethistoriesd": -1
            },
            "deckeffects": {
                "vaultslandbeyondforest": 1
            },
            "alt": [
                {
                    "id": "explorefindvault_h_floating",
                    "chance": 25
                }
            ],
            "startdescription": "'Jene Geschichten, die verboten sind, sollten wir vor allem lesen.' – William Gore",
            "description": "Hier lohnt sich eine nähere Untersuchung.",
            "warmup": 60,
            "craftable": true
        },
        {
            "id": "explorefindvault_c",
            "label": "Stätten auf dem Kontinent zur Erkundung suchen",
            "actionid": "explore",
            "requirements": {
                "fragmentsecrethistoriesc": 1
            },
            "effects": {
                "fragmentsecrethistoriesc": -1
            },
            "deckeffects": {
                "vaultscontinent": 1
            },
            "alt": [
                {
                    "id": "explorefindvault_h_floating",
                    "chance": 10
                }
            ],
            "startdescription": "Kleine Kriege, große Intrigen, kryptische Orden, mystische Verbrechen. Alles vergangen, doch was für Spuren gibt es noch?",
            "description": "Hier lohnt sich eine nähere Untersuchung.",
            "warmup": 60,
            "craftable": true
        },
        {
            "id": "explorefindvault_b",
            "label": "Orte auf dem Lande entdecken, die in den Historien vorkommen",
            "actionid": "explore",
            "requirements": {
                "fragmentsecrethistoriesb": 1
            },
            "effects": {
                "fragmentsecrethistoriesb": -1
            },
            "deckeffects": {
                "vaultsshires": 1
            },
            "alt": [
                {
                    "id": "explorefindvault_h_floating",
                    "chance": 5
                }
            ],
            "startdescription": "Es gibt noch immer seltsame Winkel auf dem ruhigen Lande – hier und dort – für alle, die wissen, wo man suchen muss.",
            "description": "Hier lohnt sich eine nähere Untersuchung.",
            "warmup": 60,
            "craftable": true
        },
        {
            "id": "explorefindvault_a",
            "label": "Geheime Orte in der Stadt aufsuchen",
            "actionid": "explore",
            "requirements": {
                "fragmentsecrethistories": 1
            },
            "effects": {
                "fragmentsecrethistories": -1
            },
            "deckeffects": {
                "locationscapital": 1
            },
            "alt": [
                {
                    "id": "explorefindvault_h_floating",
                    "chance": 2
                }
            ],
            "startdescription": "Es gibt da Orte in der Stadt, wo ich außergewöhnliche Dinge finden kann ... so ich denn Hinweise aus Geschichte und Gerüchten herausfiltern kann.",
            "description": "Hier lohnt sich eine nähere Untersuchung.",
            "warmup": 60,
            "craftable": true
        },
        {
            "id": "explorefindvault_h_floating",
            "actionid": "explore",
            "linked": [
                {
                    "id": "explorefindvault_h_floating_followup",
                    "chance": 100
                }
            ],
            "maxexecutions": 1,
            "warmup": 60
        },
        {
            "id": "explorefindvault_h_floating_followup",
            "label": "Ein ungewöhnliches Gefäß",
            "actionid": "explore",
            "startdescription": "Ich finde bei meinen Nachforschungen einen unerklärlichen Verweis auf 'Hebe', und mein Interesse ist geweckt. Was ist Hebe? Eine Frau? Ein Ort? Der Name einer Stunde?",
            "description": "Die 'Hebe' ist ein Schiff – genau genommen haben im Laufe der Jahrhunderte schon viele Schiffe diesen Namen getragen. Alle haben jene befördert und unterkommen lassen, die etwas von der Unsichtbaren Welt wissen, und keiner davon taucht in den Passagierlisten auf. Doch ich habe herausgefunden, dass das Dampfschiff 'Hebe Stanton' schon bald in einem schmierigen und abseits gelegenen Hafen einer nördlichen Insel anlegen wird. Ich könnte jemanden entsenden, um unbeaufsichtigtes okkultes Gepäck zu entwenden.",
            "effects": {
                "vaultfloating1": 1,
                "lore": -1
            },
            "warmup": 60
        },
        {
            "id": "explore_toolsecrethistoriesd",
            "label": "Eine Nacht im Gedenken an die Obliviaten",
            "actionid": "explore",
            "requirements": {
                "toolsecrethistoriesd": 1
            },
            "alt": [
                {
                    "id": "explore_toolsecrethistoriesd_alternate1",
                    "chance": 30
                },
                {
                    "id": "explore_toolsecrethistoriesd_alternate2",
                    "chance": 30
                }
            ],
            "effects": {
                "toolsecrethistoriesd": -1,
                "fragmenthearte": 1
            },
            "startdescription": "Randnotizen im Atlas beschreiben die realen oder metaphorischen Orte, an denen die Gesellschaft der Obliviaten ihre Gelage abhält. Die Namen einiger dieser Orte entsprechen denen einiger Kneipen, die es heute noch immer in der Stadt gibt: die Sieben Sterne, das Alte Rad, die Trauben des Saturn.",
            "description": "In den Sieben Sternen trinke ich etwas unvorsichtig, und als ich wieder nach Hause komme, bin ich ganz benommen. In jener Nacht träume ich von einer Frau mit hellen Augen, die neben mir am Rande eines finsteren Forstes spaziert. 'Wir sind aus Iberien hierher gekommen,' gesteht sie mir, 'zu Zeiten der Römer. Damals waren wir der Ordo Limiae. Natürlich war es auch hier nicht sicher für uns. Obwohl wir dies erfahren hatten – ' und sie flüstert mir ein Geheimnis ins Ohr.",
            "warmup": 60,
            "craftable": true
        },
        {
            "id": "explore_toolsecrethistoriesd_alternate1",
            "label": "Ein Nacht im Alten Rad",
            "actionid": "explore",
            "effects": {
                "toolsecrethistoriesd": -1,
                "compensationc": 3
            },
            "startdescription": ".",
            "description": "Im Alten Rad sitze ich gemütlich und trinke diskret etwas. Ich erkenne das Zeichen der Obliviaten auf einem Stück alter Eiche. Niemand beachtet mich. Ich löse das Stück mit den Fingernägeln. Ein verrottender Lederbeutel ergießt Schätze in meine Hände."
        },
        {
            "id": "explore_toolsecrethistoriesd_alternate2",
            "label": "Ein Nacht in den Trauben des Saturn",
            "actionid": "explore",
            "effects": {
                "toolsecrethistoriesd": -1,
                "fragmentgraile": 1
            },
            "startdescription": ".",
            "description": "In den Trauben des Saturn trinke ich etwas unvorsichtig, und als ich wieder nach Hause komme, bin ich ganz benommen. In jener Nacht träume ich von einem Mann mit hitzigen Augen, der neben mir am Rande eines finsteren Forstes spaziert. 'Unser 3. Gebot', zischt er, 'war ein absolutes Verbot der Vereinigung von Mann und Frau. Die Gefahr, weißt du? Wir hatten kein Interesse daran, uns der Sünde der Empousai schuldig zu machen. Doch natürlich waren andere Paarungen gestattet, zwischen Frau und Frau oder Mann und Mann. Ich will dir mal etwas davon erzählen' – und er flüstert mir ein Geheimnis ins Ohr."
        },
        {
            "id": "explore_toolsecrethistoriesb",
            "label": "Ein Paradoxes Kuriosum am Fluss vergraben",
            "actionid": "explore",
            "requirements": {
                "toolsecrethistoriesb": 1
            },
            "effects": {
                "toolsecrethistoriesb": -1,
                "textbookfucinelatin": 1
            },
            "startdescription": "Dieses Ding ist eine kleine Wunde in der Geschichte. Vergrabe ich es, heilt jene Wunde.",
            "description": "Ich habe eine Paraffinlampe und eine Schaufel mitgebracht. Ich stelle die eine auf einen flachen Stein und grabe mit der anderen im schwarzen, saugenden Schlamm. Es ist harte Arbeit und der Schlamm läuft schnell wieder zurück. Als ich gerade das Kuriosum in das Loch legen will, entdecke ich die Ecke einer eisernen Schatulle. Mit einiger Mühe fördere ich sie zutage. Kurios. Vielleicht hat mich die Strandkrähe belohnt. Vielleicht ist das alles nur ein bizarrer Zufall. Ich hinterlasse, wie geplant, das Kuriosum in dem Loch, nur für alle Fälle. ",
            "warmup": 60,
            "craftable": true
        }
    ]
}