{
    "endings": [
        {
            "id": "minorpalestvictory",
            "label": "Bis zum Winter",
            "description": "Der Elegiker ist nicht die Netteste unter den Stunden, aber niemals grausam, und er erinnert sich an alle seine Versprechen. Er hat mich mit seiner Hand aufgezogen und zitternd in die Welt gesetzt, und nun kann ich nicht enden, bevor es an der Zeit ist. Ich werde mich unter den Langen des Mittags und jenseits davon bewegen. Ich werde über das Streben der Langen des Grals und der Langen der Laterne wachen. Ich werde die Grenzen achten, die es noch gibt. Und die ganze Zeit werde ich die Farben verlorener Stunden tragen, wie eine Kohle rosigen Feuers. [Herzlichen Glückwunsch zum Fahlsten Sieg.  Du hast das Spiel in die Knie gezwungen. Es gibt noch andere Wege.]",
            "image": "elegiast",
            "flavour": "Grand",
            "anim": "DramaticLightCool",
            "achievement": "A_ENDING_MINORWINTERVICTORY"
        },
        {
            "id": "minorcrownedgrowthvictory",
            "label": "Fruchtbarkeit",
            "description": "Ich nahm die Saat des Gekrönten Wachstums mit dem Elixir Zeboim in mir auf. Hätte ich sie bloß mit dem Fleische der Toten besänftigt, dann hätte sich ihr Hunger nie gegen mich gerichtet.  Doch ich wurde nie gewarnt. Es gibt Unsterblichkeiten jenseits der Unsterblichkeit. So gedeihen wir an dem weichen Orte, dem Feuer nichts anhaben kann, und ich werde ewig froh sein, und ewig. [Herzlichen Glückwunsch zu einem Anti-Sieg der Fruchtbarkeit. Du hast das Spiel in die Knie gezwungen. Es gibt noch andere Wege.]",
            "image": "crownedgrowth",
            "flavour": "Grand",
            "anim": "DramaticLightEvil",
            "achievement": "A_ENDING_MINORCROWNEDGROWTHVICTORY"
        }
    ]
}