{
    "endings": [
        {
            "id": "minorknockvictory",
            "label": "In den Armen der Mutter",
            "description": "Wenn ich mich öffne, öffne ich mich wie die Arme der Mutter, und ich bleibe offen wie die Muschel, aus der die Perle genommen wird. Der Raum, wo ich war, wird eine Poterne der Festung der Tage sein, die nur meine Initiierten jemals passieren werden. Doch allein in der 5. Historie wird sich mir die Haut in Fetzen abschälen. Meine Zähne werden lang und mein Fleisch spärlich an meinen Knochen wie Seetang, und ich werde mich erheben wie eine Welle und behüten um zu zeigen, was aus mir geworden ist. \n[Herzlichen Glückwunsch zu einem Sieg der Schwelle. Du hast das Spiel in die Knie gezwungen. Es gibt noch andere Wege.]",
            "image": "motherofants",
            "flavour": "Grand",
            "anim": "DramaticLightCool",
            "achievement": "A_ENDING_MINORKNOCKVICTORY"
        },
        {
            "id": "minormarevictory",
            "label": "Wohin wir gehen",
            "description": "Dies ist der Moment, in dem ich gestorben wäre, doch meine Wunden waren Türen, und durch diese Türen kam die Stute. Sie ist nun bei mir als die Schwester mit der Hexe, und mich schmerzender Lust habe ich die Auflösung gefunden. Nun reichen meine Wurzeln bis tief in die Erde des Gottesackers, wo man den stinkenden Schlamm vergrub, den man für alles hielt, was von mir noch übrig war, und noch jenseits der Erde reichen sie. Nun werden alle, die unter unseren Ästen verweilen, uns in ihren Träumen sehen, die Stute und mich, und sie werden uns in den Forst folgen. \n[Herzlichen Glückwunsch zu einem Anti-Sieg der Auflösung. Du hast das Spiel in die Knie gezwungen. Es gibt noch andere Wege.]",
            "image": "mareinthetree",
            "flavour": "Grand",
            "anim": "DramaticLightEvil",
            "achievement": "A_ENDING_MINORMAREVICTORY"
        }
    ]
}