{
    "decks": [
        {
            "id": "acquaintances",
            "label": "Bekanntschaften",
            "description": "So viele Leute auf der Welt und so wenige, die es sich zu kennen lohnt.",
            "spec": [
                "auclair_a",
                "cat_a",
                "clifton_a",
                "slee_a",
                "elridge_a",
                "laidlaw_a",
                "porter_a",
                "renira_a",
                "saliba_a",
                "sylvia_a",
                "valciane_a",
                "violet_a",
                "ysabet_a",
                "clovette_a",
                "tristan_a",
                "dorothy_a",
                "enid_a",
                "rose_a",
                "leo_a",
                "neville_a",
                "victor_a",
                "generic_a_edge",
                "generic_a_forge",
                "generic_a_grail",
                "generic_a_heart",
                "generic_a_knock",
                "generic_a_lantern",
                "generic_a_moth",
                "generic_a_winter"
            ],
            "defaultcard": "mistakenidentity"
        },
        {
            "id": "hirelings",
            "label": "Die Brutalen und die Gerissenen",
            "description": "Manches Werkzeug ist hilfreich für manchen Zweck.",
            "spec": [
                "thugedge",
                "thugforgeedge",
                "thuglanternmoth",
                "thugknock",
                "thugmoth",
                "thugedge",
                "thugforgeedge",
                "thuglanternmoth",
                "thugknock",
                "thugmoth",
                "thugmothminor",
                "thugmothminor",
                "thugmothminor",
                "thugmothminor",
                "thugedgeminor",
                "thugedgeminor",
                "thugedgeminor",
                "thugedgeminor"
            ],
            "resetonexhaustion": true
        },
        {
            "id": "hunters",
            "label": "Jäger",
            "description": "Solche, die mir Böses wollen.",
            "spec": [
                "investigator1",
                "investigator2",
                "investigator3",
                "investigator4",
                "defaulthunter"
            ],
            "defaultcard": "defaulthunter"
        },
        {
            "id": "scholarpatrons",
            "label": "Klienten",
            "description": "Solche, die mir helfen könnten.",
            "spec": [
                "aladimready",
                "bechetready",
                "janningsready",
                "poppyready",
                "sulochana"
            ],
            "defaultcard": "rumour"
        },
        {
            "id": "aladimcommissions",
            "label": "Al-Adims Interessen",
            "description": "",
            "spec": [
                "commissionarticlesecrethistories",
                "commissionarticlesecrethistoriesb",
                "commissionarticlesecrethistoriesc",
                "commissionarticlelantern",
                "commissionarticlelanternb",
                "commissionarticlelanternc"
            ],
            "defaultcard": "commissionarticlesecrethistories",
            "resetonexhaustion": true
        },
        {
            "id": "bechetcommissions",
            "label": "Bechets Interessen",
            "description": "",
            "spec": [
                "commissionarticleforge",
                "commissionarticleforgeb",
                "commissionarticleforgec",
                "commissionarticlegrail",
                "commissionarticlegrailb",
                "commissionarticlegrailc",
                "commissionarticlemoth",
                "commissionarticlemothb",
                "commissionarticlemothc"
            ],
            "defaultcard": "commissionarticlegrail",
            "resetonexhaustion": true
        },
        {
            "id": "janningscommissions",
            "label": "Jannings' Interessen",
            "description": "",
            "spec": [
                "commissionarticleedge",
                "commissionarticleedgeb",
                "commissionarticleedgec",
                "commissionarticleheart",
                "commissionarticleheartb",
                "commissionarticleheartc"
            ],
            "resetonexhaustion": true
        },
        {
            "id": "poppycommissions",
            "label": "Poppys Interessen",
            "description": "",
            "spec": [
                "commissionarticlewinter",
                "commissionarticlewinterb",
                "commissionarticlewinterc",
                "commissionarticleknock",
                "commissionarticleknockb",
                "commissionarticleknockc"
            ],
            "resetonexhaustion": true
        },
        {
            "id": "randomvictim",
            "label": "Die Törichten und die Unvorsichtigen",
            "description": "Mit ihnen tun wir, was wir tun müssen.",
            "spec": [
                "genericprisonerm",
                "genericprisonerf"
            ],
            "defaultcard": "genericprisonerm",
            "resetonexhaustion": true
        }
    ]
}